#pragma once
// Auto-generated RGB888 image: 128x256
#define GENERATED_IMAGE_DATA SSAIMON_128x256_img
static const unsigned char SSAIMON_128x256_img[98304] = {

    0x00,0x00,0x00,0x00,0x00,0x00,0x00,0x00,0x00,0x00,0x00,0x00,
    0x00,0x00,0x00,0x00,0x00,0x00,0x00,0x00,0x00,0x00,0x00,0x00,
    0x00,0x00,0x00,0x02,0x00,0x01,0x02,0x00,0x01,0x02,0x00,0x01,
    0x02,0x00,0x01,0x02,0x00,0x01,0x04,0x00,0x00,0x04,0x00,0x00,
    0x04,0x00,0x00,0x04,0x00,0x00,0x04,0x00,0x00,0x04,0x00,0x00,
    0x06,0x00,0x00,0x06,0x00,0x00,0x08,0x00,0x00,0x09,0x00,0x01,
    0x09,0x01,0x00,0x09,0x01,0x00,0x0a,0x02,0x00,0x0a,0x02,0x00,
    0x09,0x01,0x00,0x09,0x01,0x00,0x09,0x01,0x00,0x09,0x01,0x00,
    0x07,0x01,0x00,0x06,0x00,0x00,0x05,0x00,0x00,0x04,0x00,0x00,
    0x05,0x00,0x00,0x04,0x00,0x00,0x04,0x00,0x00,0x04,0x00,0x00,
    0x04,0x00,0x00,0x05,0x00,0x00,0x04,0x00,0x00,0x04,0x00,0x00,
    0x04,0x00,0x00,0x02,0x01,0x00,0x02,0x01,0x00,0x03,0x00,0x00,
    0x03,0x00,0x00,0x04,0x00,0x00,0x04,0x00,0x00,0x04,0x00,0x00,
    0x04,0x00,0x00,0x05,0x00,0x00,0x05,0x00,0x00,0x06,0x00,0x00,
    0x08,0x00,0x00,0x07,0x00,0x00,0x08,0x00,0x00,0x0a,0x01,0x00,
    0x10,0x02,0x00,0x15,0x03,0x00,0x16,0x03,0x00,0x16,0x03,0x00,
    0x17,0x04,0x00,0x17,0x04,0x00,0x17,0x04,0x00,0x17,0x05,0x01,
    0x17,0x04,0x00,0x17,0x04,0x00,0x16,0x03,0x00,0x16,0x03,0x00,
    0x16,0x03,0x00,0x16,0x02,0x00,0x16,0x02,0x01,0x15,0x02,0x00,
    0x14,0x02,0x01,0x15,0x02,0x00,0x14,0x02,0x00,0x13,0x02,0x00,
    0x14,0x02,0x00,0x14,0x02,0x00,0x15,0x02,0x01,0x16,0x03,0x01,
    0x17,0x04,0x00,0x18,0x03,0x00,0x18,0x03,0x00,0x18,0x03,0x00,
    0x16,0x03,0x00,0x17,0x03,0x00,0x18,0x03,0x00,0x18,0x04,0x00,
    0x18,0x04,0x00,0x18,0x04,0x00,0x19,0x04,0x00,0x18,0x04,0x00,
    0x1b,0x04,0x00,0x1c,0x03,0x00,0x1a,0x04,0x00,0x19,0x04,0x00,
    0x19,0x04,0x00,0x19,0x04,0x00,0x17,0x04,0x00,0x17,0x04,0x00,
    0x16,0x04,0x00,0x15,0x03,0x00,0x15,0x03,0x00,0x15,0x03,0x01,
    0x13,0x03,0x00,0x13,0x03,0x00,0x15,0x02,0x00,0x14,0x03,0x01,
    0x13,0x03,0x00,0x14,0x02,0x00,0x15,0x03,0x01,0x15,0x03,0x01,
    0x15,0x03,0x01,0x15,0x03,0x00,0x16,0x04,0x01,0x15,0x03,0x00,
    0x15,0x03,0x00,0x14,0x04,0x00,0x14,0x04,0x00,0x15,0x03,0x00,
    0x15,0x03,0x00,0x14,0x04,0x00,0x15,0x03,0x01,0x15,0x03,0x01,
    0x00,0x00,0x00,0x00,0x00,0x00,0x00,0x00,0x00,0x00,0x00,0x00,
    0x00,0x00,0x00,0x00,0x00,0x00,0x00,0x00,0x00,0x00,0x00,0x00,
    0x01,0x01,0x01,0x02,0x00,0x01,0x02,0x00,0x01,0x02,0x01,0x00,
    0x02,0x01,0x00,0x02,0x01,0x00,0x04,0x00,0x00,0x04,0x00,0x00,
    0x04,0x00,0x00,0x04,0x00,0x00,0x05,0x00,0x00,0x06,0x00,0x00,
    0x06,0x00,0x00,0x06,0x00,0x00,0x08,0x00,0x00,0x09,0x00,0x01,
    0x09,0x01,0x00,0x09,0x01,0x00,0x09,0x01,0x00,0x0a,0x02,0x00,
    0x0a,0x02,0x00,0x09,0x01,0x00,0x09,0x01,0x00,0x09,0x01,0x00,
    0x08,0x01,0x00,0x06,0x01,0x00,0x07,0x00,0x00,0x07,0x00,0x00,
    0x06,0x00,0x00,0x06,0x00,0x00,0x06,0x00,0x00,0x06,0x00,0x00,
    0x06,0x00,0x00,0x07,0x00,0x00,0x05,0x01,0x00,0x05,0x01,0x00,
    0x04,0x00,0x00,0x04,0x00,0x00,0x04,0x00,0x00,0x04,0x00,0x00,
    0x04,0x00,0x00,0x04,0x00,0x00,0x04,0x00,0x00,0x04,0x00,0x00,
    0x04,0x00,0x00,0x04,0x00,0x00,0x05,0x00,0x00,0x06,0x00,0x00,
    0x08,0x00,0x00,0x07,0x00,0x00,0x08,0x01,0x00,0x08,0x01,0x00,
    0x0d,0x02,0x00,0x14,0x03,0x01,0x17,0x04,0x00,0x17,0x04,0x00,
    0x17,0x04,0x00,0x17,0x04,0x00,0x18,0x05,0x01,0x18,0x05,0x01,
    0x17,0x04,0x01,0x17,0x04,0x00,0x17,0x04,0x00,0x17,0x04,0x00,
    0x17,0x03,0x00,0x17,0x03,0x01,0x16,0x02,0x01,0x15,0x02,0x01,
    0x15,0x02,0x00,0x14,0x02,0x00,0x14,0x02,0x00,0x14,0x02,0x00,
    0x14,0x02,0x01,0x15,0x03,0x01,0x16,0x02,0x01,0x16,0x03,0x00,
    0x17,0x04,0x00,0x18,0x03,0x00,0x18,0x03,0x00,0x17,0x03,0x00,
    0x17,0x03,0x00,0x18,0x03,0x00,0x18,0x03,0x00,0x1a,0x03,0x00,
    0x19,0x04,0x01,0x19,0x04,0x00,0x1b,0x04,0x00,0x19,0x04,0x00,
    0x1a,0x04,0x00,0x1b,0x04,0x00,0x1a,0x05,0x00,0x1a,0x05,0x00,
    0x19,0x04,0x00,0x19,0x04,0x00,0x17,0x04,0x00,0x17,0x04,0x00,
    0x16,0x04,0x00,0x15,0x03,0x00,0x15,0x03,0x00,0x15,0x03,0x01,
    0x15,0x03,0x01,0x14,0x03,0x00,0x14,0x03,0x00,0x14,0x03,0x01,
    0x13,0x04,0x00,0x15,0x03,0x01,0x15,0x03,0x01,0x15,0x03,0x01,
    0x15,0x03,0x01,0x15,0x03,0x00,0x15,0x03,0x00,0x16,0x04,0x00,
    0x16,0x04,0x00,0x16,0x03,0x00,0x16,0x04,0x00,0x15,0x03,0x00,
    0x16,0x04,0x00,0x16,0x04,0x00,0x15,0x03,0x01,0x15,0x03,0x01,
    0x00,0x00,0x00,0x00,0x00,0x00,0x00,0x00,0x00,0x00,0x00,0x00,
    0x00,0x00,0x00,0x00,0x00,0x00,0x00,0x00,0x00,0x01,0x00,0x00,
    0x02,0x00,0x01,0x02,0x00,0x01,0x02,0x00,0x01,0x02,0x01,0x00,
    0x04,0x00,0x00,0x04,0x00,0x00,0x04,0x00,0x00,0x04,0x00,0x00,
    0x04,0x00,0x00,0x04,0x00,0x00,0x05,0x01,0x00,0x06,0x01,0x00,
    0x06,0x00,0x00,0x06,0x00,0x00,0x06,0x00,0x00,0x07,0x00,0x01,
    0x08,0x01,0x00,0x08,0x02,0x00,0x0a,0x02,0x00,0x0a,0x01,0x00,
    0x09,0x01,0x00,0x0a,0x02,0x00,0x08,0x01,0x00,0x08,0x02,0x00,
    0x08,0x02,0x00,0x07,0x01,0x00,0x07,0x01,0x00,0x08,0x01,0x00,
    0x08,0x01,0x00,0x09,0x01,0x01,0x07,0x00,0x00,0x07,0x00,0x00,
    0x06,0x00,0x00,0x08,0x00,0x00,0x07,0x00,0x00,0x05,0x00,0x00,
    0x05,0x00,0x00,0x06,0x00,0x00,0x04,0x00,0x00,0x04,0x00,0x00,
    0x04,0x00,0x00,0x04,0x00,0x00,0x05,0x00,0x00,0x05,0x01,0x00,
    0x05,0x01,0x00,0x06,0x00,0x00,0x05,0x00,0x00,0x06,0x00,0x00,
    0x07,0x00,0x00,0x0b,0x02,0x01,0x0e,0x03,0x01,0x0a,0x01,0x00,
    0x0e,0x02,0x00,0x13,0x03,0x00,0x17,0x04,0x00,0x17,0x04,0x00,
    0x17,0x04,0x00,0x18,0x05,0x00,0x18,0x05,0x00,0x19,0x04,0x00,
    0x19,0x04,0x00,0x18,0x04,0x00,0x17,0x04,0x00,0x17,0x04,0x00,
    0x17,0x04,0x00,0x17,0x04,0x00,0x17,0x04,0x00,0x16,0x03,0x00,
    0x16,0x03,0x00,0x15,0x02,0x01,0x15,0x03,0x01,0x14,0x02,0x00,
    0x15,0x03,0x00,0x16,0x02,0x01,0x16,0x02,0x01,0x16,0x03,0x00,
    0x17,0x04,0x00,0x18,0x04,0x00,0x18,0x03,0x00,0x19,0x03,0x00,
    0x18,0x03,0x00,0x18,0x03,0x00,0x18,0x03,0x00,0x19,0x04,0x00,
    0x1a,0x04,0x00,0x1a,0x04,0x00,0x1a,0x04,0x00,0x19,0x04,0x00,
    0x1a,0x05,0x00,0x19,0x05,0x00,0x1b,0x05,0x00,0x1b,0x04,0x00,
    0x1a,0x05,0x00,0x19,0x04,0x00,0x18,0x04,0x00,0x17,0x04,0x00,
    0x16,0x04,0x00,0x17,0x04,0x00,0x17,0x04,0x00,0x16,0x03,0x00,
    0x15,0x03,0x00,0x14,0x03,0x01,0x13,0x03,0x00,0x14,0x03,0x01,
    0x14,0x03,0x01,0x15,0x03,0x00,0x16,0x04,0x00,0x16,0x04,0x00,
    0x16,0x04,0x00,0x16,0x04,0x00,0x16,0x04,0x00,0x16,0x04,0x00,
    0x16,0x04,0x00,0x16,0x04,0x00,0x16,0x04,0x00,0x16,0x04,0x01,
    0x16,0x04,0x00,0x16,0x04,0x00,0x15,0x03,0x00,0x15,0x03,0x00,
    0x00,0x00,0x00,0x00,0x00,0x00,0x00,0x00,0x00,0x01,0x00,0x00,
    0x01,0x00,0x01,0x02,0x00,0x01,0x02,0x00,0x01,0x02,0x00,0x01,
    0x02,0x00,0x01,0x02,0x00,0x01,0x02,0x00,0x01,0x03,0x00,0x00,
    0x04,0x00,0x00,0x04,0x00,0x00,0x04,0x00,0x00,0x04,0x00,0x00,
    0x04,0x00,0x00,0x05,0x01,0x00,0x05,0x01,0x00,0x05,0x00,0x00,
    0x06,0x00,0x00,0x06,0x00,0x00,0x08,0x00,0x00,0x09,0x00,0x01,
    0x09,0x01,0x00,0x09,0x02,0x00,0x0a,0x02,0x00,0x0a,0x01,0x00,
    0x0b,0x01,0x00,0x0b,0x01,0x00,0x09,0x01,0x00,0x0a,0x02,0x00,
    0x0a,0x02,0x00,0x09,0x01,0x00,0x09,0x02,0x00,0x09,0x01,0x00,
    0x0a,0x02,0x00,0x0a,0x01,0x00,0x09,0x01,0x00,0x09,0x01,0x00,
    0x09,0x00,0x00,0x07,0x00,0x00,0x08,0x00,0x00,0x06,0x00,0x00,
    0x05,0x00,0x00,0x06,0x00,0x00,0x04,0x00,0x00,0x05,0x00,0x00,
    0x06,0x00,0x00,0x06,0x00,0x00,0x07,0x00,0x00,0x06,0x00,0x00,
    0x06,0x00,0x00,0x06,0x00,0x00,0x06,0x00,0x00,0x06,0x00,0x00,
    0x08,0x01,0x00,0x11,0x04,0x00,0x13,0x05,0x00,0x0f,0x02,0x00,
    0x0d,0x02,0x00,0x0f,0x01,0x00,0x14,0x03,0x00,0x17,0x04,0x00,
    0x18,0x04,0x00,0x18,0x05,0x01,0x19,0x04,0x00,0x19,0x04,0x00,
    0x1a,0x05,0x00,0x1a,0x05,0x00,0x19,0x04,0x00,0x18,0x04,0x00,
    0x18,0x04,0x00,0x17,0x04,0x00,0x18,0x04,0x00,0x17,0x03,0x00,
    0x17,0x03,0x00,0x16,0x03,0x01,0x16,0x03,0x01,0x17,0x04,0x00,
    0x16,0x03,0x00,0x16,0x03,0x01,0x16,0x02,0x01,0x17,0x03,0x00,
    0x17,0x04,0x00,0x18,0x04,0x00,0x18,0x03,0x00,0x18,0x04,0x00,
    0x18,0x04,0x00,0x18,0x03,0x00,0x19,0x04,0x01,0x19,0x04,0x00,
    0x1a,0x05,0x00,0x1b,0x05,0x00,0x1a,0x05,0x00,0x1b,0x06,0x00,
    0x1a,0x05,0x00,0x1b,0x05,0x00,0x1b,0x05,0x00,0x1b,0x04,0x00,
    0x19,0x05,0x00,0x1a,0x05,0x00,0x19,0x04,0x00,0x18,0x05,0x00,
    0x18,0x05,0x00,0x17,0x05,0x00,0x17,0x04,0x00,0x17,0x04,0x00,
    0x15,0x03,0x00,0x15,0x03,0x00,0x15,0x04,0x00,0x16,0x03,0x01,
    0x15,0x03,0x01,0x16,0x04,0x00,0x16,0x04,0x00,0x16,0x04,0x00,
    0x17,0x05,0x01,0x16,0x04,0x00,0x16,0x04,0x00,0x17,0x05,0x00,
    0x18,0x05,0x00,0x17,0x05,0x00,0x17,0x04,0x00,0x17,0x05,0x00,
    0x17,0x05,0x00,0x16,0x04,0x00,0x16,0x04,0x00,0x16,0x04,0x00,
    0x00,0x00,0x00,0x00,0x00,0x00,0x00,0x00,0x00,0x02,0x00,0x01,
    0x02,0x00,0x01,0x01,0x00,0x00,0x01,0x01,0x01,0x01,0x01,0x01,
    0x02,0x00,0x01,0x02,0x01,0x00,0x02,0x01,0x00,0x04,0x00,0x00,
    0x03,0x00,0x00,0x02,0x01,0x00,0x04,0x00,0x00,0x04,0x00,0x00,
    0x05,0x01,0x00,0x05,0x01,0x00,0x06,0x00,0x00,0x06,0x00,0x00,
    0x06,0x00,0x00,0x06,0x00,0x00,0x08,0x00,0x00,0x0a,0x01,0x00,
    0x09,0x01,0x00,0x0a,0x02,0x00,0x09,0x01,0x00,0x0a,0x01,0x00,
    0x0b,0x01,0x00,0x0b,0x01,0x00,0x0a,0x02,0x00,0x0a,0x02,0x00,
    0x0a,0x02,0x00,0x0a,0x02,0x00,0x0a,0x01,0x00,0x0a,0x01,0x00,
    0x0b,0x01,0x00,0x0b,0x01,0x00,0x0b,0x01,0x00,0x0b,0x01,0x00,
    0x0a,0x00,0x00,0x09,0x01,0x00,0x08,0x00,0x00,0x08,0x00,0x00,
    0x06,0x00,0x00,0x06,0x00,0x00,0x06,0x00,0x00,0x06,0x00,0x00,
    0x06,0x00,0x00,0x07,0x00,0x00,0x09,0x00,0x00,0x08,0x00,0x00,
    0x08,0x00,0x00,0x08,0x00,0x00,0x07,0x00,0x00,0x07,0x00,0x00,
    0x09,0x00,0x00,0x0f,0x03,0x00,0x12,0x03,0x00,0x10,0x02,0x00,
    0x0d,0x01,0x00,0x0c,0x00,0x00,0x0f,0x02,0x00,0x15,0x04,0x00,
    0x18,0x04,0x00,0x19,0x05,0x00,0x1a,0x05,0x00,0x1a,0x05,0x00,
    0x1a,0x05,0x00,0x19,0x04,0x00,0x19,0x04,0x00,0x19,0x04,0x00,
    0x19,0x04,0x01,0x18,0x04,0x00,0x17,0x04,0x00,0x18,0x03,0x00,
    0x17,0x04,0x00,0x16,0x03,0x00,0x17,0x04,0x00,0x18,0x04,0x00,
    0x17,0x04,0x00,0x17,0x04,0x00,0x17,0x03,0x00,0x18,0x03,0x00,
    0x17,0x04,0x00,0x17,0x04,0x00,0x19,0x04,0x00,0x19,0x04,0x01,
    0x19,0x04,0x01,0x19,0x04,0x00,0x18,0x04,0x00,0x19,0x04,0x00,
    0x1b,0x04,0x00,0x1a,0x05,0x00,0x1b,0x05,0x00,0x1d,0x06,0x00,
    0x1d,0x05,0x00,0x1d,0x06,0x00,0x1c,0x06,0x00,0x1c,0x05,0x00,
    0x1a,0x05,0x00,0x1a,0x05,0x00,0x18,0x05,0x00,0x18,0x05,0x00,
    0x18,0x05,0x00,0x18,0x05,0x00,0x18,0x05,0x00,0x18,0x05,0x00,
    0x17,0x04,0x00,0x15,0x04,0x00,0x15,0x03,0x00,0x16,0x04,0x00,
    0x16,0x04,0x00,0x16,0x04,0x00,0x17,0x05,0x01,0x17,0x04,0x00,
    0x17,0x05,0x01,0x16,0x04,0x01,0x16,0x05,0x01,0x18,0x05,0x00,
    0x18,0x05,0x00,0x18,0x05,0x00,0x18,0x05,0x00,0x18,0x05,0x00,
    0x18,0x05,0x01,0x18,0x05,0x01,0x17,0x04,0x00,0x16,0x04,0x00,
    0x00,0x00,0x00,0x00,0x00,0x00,0x00,0x00,0x00,0x01,0x00,0x01,
    0x01,0x00,0x00,0x02,0x00,0x01,0x02,0x00,0x01,0x01,0x00,0x01,
    0x02,0x00,0x01,0x03,0x01,0x00,0x03,0x01,0x00,0x04,0x00,0x00,
    0x03,0x00,0x00,0x03,0x01,0x00,0x04,0x00,0x00,0x04,0x00,0x00,
    0x04,0x00,0x00,0x05,0x00,0x00,0x06,0x00,0x00,0x06,0x00,0x00,
    0x06,0x00,0x00,0x06,0x00,0x00,0x08,0x01,0x00,0x09,0x01,0x00,
    0x09,0x01,0x00,0x0a,0x02,0x00,0x09,0x02,0x00,0x0a,0x02,0x00,
    0x0b,0x01,0x00,0x0b,0x01,0x00,0x0b,0x02,0x00,0x0b,0x02,0x00,
    0x0a,0x02,0x00,0x0a,0x02,0x00,0x0b,0x02,0x00,0x0c,0x02,0x00,
    0x0b,0x02,0x00,0x0b,0x02,0x00,0x0b,0x01,0x00,0x0b,0x01,0x00,
    0x0a,0x01,0x00,0x09,0x01,0x00,0x08,0x00,0x00,0x08,0x00,0x00,
    0x06,0x00,0x00,0x06,0x00,0x00,0x06,0x00,0x00,0x06,0x00,0x00,
    0x06,0x00,0x00,0x06,0x00,0x00,0x08,0x00,0x00,0x09,0x00,0x00,
    0x08,0x00,0x00,0x07,0x00,0x00,0x07,0x00,0x00,0x07,0x00,0x00,
    0x09,0x00,0x00,0x0e,0x02,0x01,0x12,0x03,0x01,0x10,0x02,0x01,
    0x0e,0x02,0x00,0x0d,0x01,0x00,0x0e,0x01,0x00,0x13,0x03,0x01,
    0x18,0x04,0x00,0x19,0x05,0x00,0x1a,0x05,0x00,0x1b,0x05,0x00,
    0x1c,0x05,0x00,0x1c,0x05,0x00,0x19,0x04,0x00,0x19,0x04,0x00,
    0x19,0x04,0x00,0x19,0x05,0x00,0x18,0x03,0x00,0x18,0x04,0x00,
    0x17,0x03,0x00,0x17,0x03,0x00,0x18,0x04,0x00,0x18,0x03,0x00,
    0x17,0x04,0x00,0x17,0x04,0x00,0x17,0x04,0x00,0x17,0x03,0x00,
    0x18,0x04,0x01,0x19,0x04,0x01,0x1a,0x04,0x00,0x19,0x03,0x01,
    0x19,0x04,0x01,0x19,0x04,0x00,0x1a,0x04,0x00,0x1b,0x05,0x00,
    0x1b,0x05,0x00,0x1b,0x05,0x00,0x1c,0x06,0x00,0x1d,0x07,0x01,
    0x1e,0x06,0x01,0x1d,0x06,0x00,0x1d,0x06,0x01,0x1d,0x06,0x00,
    0x1c,0x06,0x00,0x1b,0x06,0x00,0x1a,0x05,0x00,0x19,0x04,0x00,
    0x18,0x05,0x00,0x18,0x05,0x00,0x18,0x05,0x00,0x19,0x05,0x00,
    0x17,0x05,0x00,0x16,0x04,0x00,0x16,0x04,0x00,0x15,0x04,0x00,
    0x16,0x04,0x00,0x16,0x04,0x01,0x17,0x05,0x00,0x17,0x05,0x00,
    0x17,0x05,0x00,0x17,0x05,0x01,0x18,0x05,0x01,0x18,0x05,0x00,
    0x18,0x05,0x00,0x18,0x05,0x00,0x18,0x05,0x00,0x19,0x06,0x00,
    0x18,0x05,0x01,0x18,0x05,0x01,0x18,0x05,0x01,0x17,0x05,0x00,
    0x00,0x00,0x00,0x00,0x00,0x00,0x00,0x00,0x00,0x00,0x00,0x00,
    0x01,0x00,0x00,0x02,0x00,0x01,0x02,0x01,0x00,0x02,0x01,0x00,
    0x02,0x01,0x00,0x04,0x00,0x00,0x04,0x00,0x00,0x03,0x00,0x00,
    0x04,0x00,0x00,0x04,0x00,0x00,0x04,0x00,0x00,0x04,0x00,0x00,
    0x04,0x00,0x00,0x04,0x00,0x00,0x05,0x00,0x00,0x06,0x00,0x00,
    0x06,0x00,0x00,0x07,0x00,0x00,0x09,0x01,0x00,0x09,0x01,0x00,
    0x0a,0x02,0x00,0x0a,0x02,0x00,0x0a,0x02,0x00,0x0a,0x02,0x00,
    0x0c,0x02,0x00,0x0c,0x02,0x00,0x0b,0x02,0x00,0x0b,0x02,0x00,
    0x0b,0x02,0x00,0x0b,0x02,0x00,0x0c,0x02,0x00,0x0c,0x02,0x00,
    0x0c,0x02,0x00,0x0c,0x02,0x00,0x0c,0x02,0x00,0x0c,0x02,0x00,
    0x0b,0x02,0x00,0x0b,0x01,0x00,0x0a,0x01,0x00,0x09,0x01,0x00,
    0x08,0x00,0x00,0x06,0x00,0x00,0x06,0x00,0x00,0x06,0x00,0x00,
    0x06,0x00,0x00,0x07,0x00,0x00,0x07,0x00,0x00,0x08,0x00,0x00,
    0x07,0x00,0x00,0x07,0x00,0x00,0x08,0x00,0x00,0x08,0x00,0x00,
    0x07,0x00,0x00,0x0b,0x01,0x00,0x10,0x03,0x00,0x10,0x02,0x00,
    0x0f,0x02,0x00,0x0f,0x01,0x00,0x0f,0x02,0x00,0x11,0x02,0x01,
    0x15,0x04,0x00,0x19,0x05,0x00,0x1a,0x05,0x01,0x1c,0x05,0x00,
    0x1d,0x06,0x00,0x1d,0x06,0x00,0x1b,0x05,0x00,0x1a,0x05,0x00,
    0x1a,0x04,0x00,0x19,0x05,0x00,0x19,0x04,0x00,0x17,0x03,0x00,
    0x18,0x04,0x01,0x18,0x03,0x00,0x18,0x03,0x00,0x18,0x04,0x00,
    0x17,0x04,0x00,0x17,0x04,0x00,0x17,0x04,0x00,0x19,0x04,0x00,
    0x19,0x04,0x00,0x1c,0x03,0x00,0x1b,0x04,0x00,0x1a,0x04,0x00,
    0x1b,0x04,0x00,0x1b,0x05,0x00,0x1c,0x04,0x00,0x1c,0x05,0x00,
    0x1c,0x06,0x00,0x1d,0x06,0x00,0x1e,0x06,0x00,0x1d,0x06,0x00,
    0x1e,0x07,0x01,0x1e,0x07,0x01,0x1d,0x06,0x00,0x1d,0x06,0x00,
    0x1c,0x05,0x01,0x1a,0x05,0x00,0x1b,0x06,0x00,0x1a,0x06,0x00,
    0x19,0x05,0x00,0x1a,0x06,0x00,0x1a,0x05,0x00,0x1a,0x05,0x00,
    0x18,0x05,0x00,0x16,0x04,0x00,0x16,0x04,0x00,0x16,0x04,0x00,
    0x17,0x05,0x01,0x17,0x05,0x00,0x18,0x05,0x01,0x18,0x05,0x00,
    0x18,0x05,0x00,0x19,0x06,0x00,0x19,0x06,0x00,0x19,0x06,0x00,
    0x19,0x06,0x00,0x19,0x06,0x00,0x19,0x06,0x00,0x19,0x06,0x00,
    0x19,0x06,0x00,0x19,0x06,0x00,0x18,0x05,0x00,0x19,0x06,0x00,
    0x00,0x00,0x00,0x00,0x00,0x00,0x01,0x01,0x01,0x01,0x00,0x01,
    0x02,0x00,0x01,0x02,0x00,0x01,0x02,0x01,0x00,0x02,0x01,0x00,
    0x02,0x01,0x00,0x04,0x00,0x00,0x04,0x00,0x00,0x03,0x00,0x00,
    0x04,0x00,0x00,0x04,0x00,0x00,0x05,0x00,0x00,0x04,0x00,0x00,
    0x05,0x00,0x00,0x06,0x00,0x00,0x07,0x00,0x00,0x08,0x00,0x00,
    0x08,0x00,0x00,0x09,0x01,0x00,0x09,0x01,0x00,0x09,0x01,0x00,
    0x0a,0x02,0x00,0x0a,0x02,0x00,0x0b,0x01,0x00,0x0c,0x02,0x00,
    0x0b,0x02,0x00,0x0c,0x02,0x00,0x0c,0x02,0x00,0x0b,0x02,0x00,
    0x0b,0x03,0x00,0x0b,0x03,0x00,0x0c,0x02,0x00,0x0d,0x03,0x01,
    0x0c,0x02,0x00,0x0d,0x02,0x01,0x0c,0x02,0x01,0x0d,0x03,0x00,
    0x0d,0x02,0x00,0x0c,0x02,0x00,0x0b,0x01,0x00,0x0a,0x01,0x00,
    0x09,0x00,0x00,0x07,0x00,0x00,0x08,0x00,0x01,0x07,0x00,0x00,
    0x07,0x00,0x00,0x09,0x00,0x01,0x08,0x00,0x00,0x08,0x00,0x00,
    0x07,0x00,0x00,0x07,0x00,0x00,0x08,0x00,0x00,0x08,0x00,0x00,
    0x08,0x00,0x00,0x0b,0x01,0x00,0x11,0x02,0x00,0x12,0x03,0x00,
    0x11,0x03,0x00,0x10,0x02,0x01,0x0f,0x02,0x01,0x10,0x02,0x00,
    0x12,0x03,0x00,0x16,0x05,0x00,0x19,0x05,0x00,0x1b,0x06,0x00,
    0x1d,0x07,0x00,0x1d,0x06,0x00,0x1d,0x06,0x00,0x1b,0x06,0x00,
    0x19,0x06,0x00,0x19,0x05,0x00,0x1a,0x04,0x00,0x19,0x03,0x00,
    0x18,0x04,0x01,0x18,0x04,0x00,0x18,0x04,0x00,0x17,0x04,0x00,
    0x18,0x04,0x01,0x18,0x04,0x00,0x18,0x04,0x00,0x19,0x04,0x00,
    0x1b,0x04,0x00,0x1c,0x04,0x00,0x1c,0x04,0x00,0x1d,0x05,0x00,
    0x1d,0x05,0x00,0x1e,0x06,0x00,0x1d,0x05,0x00,0x1d,0x05,0x01,
    0x1d,0x06,0x01,0x1e,0x06,0x01,0x1e,0x06,0x01,0x1e,0x06,0x01,
    0x1f,0x06,0x01,0x1e,0x06,0x01,0x1d,0x06,0x00,0x1d,0x06,0x00,
    0x1d,0x06,0x01,0x1c,0x06,0x01,0x1c,0x06,0x00,0x1b,0x06,0x00,
    0x1a,0x05,0x00,0x1a,0x05,0x00,0x1b,0x06,0x00,0x1a,0x05,0x00,
    0x18,0x05,0x00,0x17,0x05,0x00,0x17,0x05,0x00,0x17,0x06,0x00,
    0x17,0x06,0x00,0x18,0x06,0x00,0x19,0x06,0x00,0x19,0x05,0x00,
    0x19,0x05,0x00,0x19,0x06,0x00,0x19,0x06,0x00,0x19,0x06,0x00,
    0x19,0x06,0x00,0x1a,0x06,0x00,0x1a,0x06,0x01,0x19,0x06,0x00,
    0x19,0x06,0x00,0x19,0x06,0x00,0x18,0x06,0x00,0x19,0x06,0x00,
    0x00,0x00,0x00,0x00,0x00,0x00,0x01,0x00,0x00,0x02,0x00,0x01,
    0x02,0x00,0x01,0x02,0x00,0x01,0x02,0x01,0x00,0x02,0x01,0x00,
    0x02,0x01,0x00,0x02,0x01,0x00,0x02,0x01,0x00,0x04,0x00,0x00,
    0x04,0x00,0x00,0x04,0x00,0x00,0x04,0x00,0x00,0x06,0x00,0x00,
    0x06,0x00,0x00,0x06,0x00,0x00,0x07,0x00,0x00,0x09,0x00,0x00,
    0x09,0x00,0x00,0x09,0x01,0x00,0x09,0x01,0x00,0x0a,0x02,0x00,
    0x0a,0x02,0x00,0x0a,0x02,0x00,0x0b,0x02,0x00,0x0b,0x03,0x00,
    0x0b,0x03,0x00,0x0b,0x02,0x00,0x0c,0x02,0x00,0x0c,0x02,0x00,
    0x0c,0x03,0x01,0x0d,0x03,0x01,0x0d,0x03,0x01,0x0d,0x03,0x00,
    0x0e,0x04,0x00,0x0d,0x03,0x01,0x0d,0x03,0x01,0x0e,0x04,0x00,
    0x0e,0x03,0x01,0x0c,0x02,0x00,0x0c,0x02,0x00,0x0b,0x01,0x00,
    0x0a,0x00,0x00,0x09,0x01,0x00,0x09,0x00,0x00,0x09,0x01,0x00,
    0x09,0x01,0x00,0x09,0x01,0x00,0x09,0x01,0x00,0x09,0x01,0x00,
    0x08,0x00,0x00,0x08,0x00,0x00,0x08,0x00,0x00,0x08,0x00,0x00,
    0x08,0x00,0x00,0x0a,0x00,0x00,0x0e,0x01,0x00,0x11,0x03,0x00,
    0x11,0x03,0x00,0x10,0x02,0x01,0x10,0x02,0x01,0x10,0x02,0x01,
    0x13,0x03,0x00,0x14,0x03,0x00,0x18,0x05,0x00,0x1c,0x06,0x00,
    0x1d,0x07,0x01,0x1e,0x06,0x01,0x1e,0x07,0x00,0x1c,0x06,0x00,
    0x1b,0x06,0x00,0x1c,0x06,0x01,0x1b,0x06,0x00,0x1a,0x04,0x00,
    0x19,0x04,0x00,0x19,0x05,0x00,0x19,0x05,0x00,0x19,0x04,0x01,
    0x19,0x04,0x01,0x19,0x04,0x01,0x19,0x04,0x01,0x19,0x04,0x00,
    0x1b,0x05,0x00,0x1d,0x06,0x00,0x1d,0x06,0x00,0x1e,0x06,0x01,
    0x1f,0x06,0x01,0x1e,0x06,0x01,0x20,0x06,0x01,0x1f,0x06,0x00,
    0x1e,0x06,0x00,0x20,0x07,0x01,0x20,0x07,0x01,0x20,0x07,0x01,
    0x1f,0x06,0x00,0x1f,0x07,0x01,0x1e,0x06,0x01,0x1e,0x07,0x01,
    0x1e,0x07,0x00,0x1e,0x07,0x01,0x1d,0x06,0x00,0x1d,0x06,0x00,
    0x1a,0x06,0x00,0x1a,0x06,0x00,0x1b,0x07,0x00,0x1b,0x06,0x00,
    0x19,0x06,0x00,0x19,0x05,0x00,0x19,0x05,0x00,0x19,0x05,0x00,
    0x18,0x06,0x00,0x19,0x06,0x00,0x19,0x06,0x00,0x1a,0x05,0x00,
    0x1a,0x05,0x00,0x1a,0x07,0x00,0x1a,0x07,0x00,0x1a,0x07,0x00,
    0x1b,0x08,0x01,0x1a,0x07,0x00,0x1a,0x07,0x00,0x19,0x07,0x00,
    0x1a,0x07,0x00,0x1a,0x07,0x00,0x19,0x06,0x00,0x19,0x06,0x00,
    0x01,0x00,0x01,0x02,0x00,0x01,0x01,0x00,0x00,0x02,0x01,0x00,
    0x02,0x01,0x00,0x02,0x01,0x00,0x02,0x01,0x00,0x02,0x01,0x00,
    0x03,0x00,0x00,0x03,0x01,0x00,0x03,0x01,0x00,0x04,0x00,0x00,
    0x04,0x00,0x00,0x04,0x01,0x00,0x05,0x00,0x00,0x06,0x00,0x00,
    0x07,0x00,0x00,0x08,0x00,0x01,0x08,0x01,0x01,0x08,0x01,0x00,
    0x09,0x01,0x00,0x09,0x01,0x00,0x0a,0x01,0x00,0x0a,0x02,0x00,
    0x0a,0x02,0x00,0x0b,0x02,0x00,0x0c,0x02,0x00,0x0d,0x03,0x01,
    0x0c,0x03,0x00,0x0c,0x02,0x00,0x0c,0x02,0x00,0x0c,0x03,0x00,
    0x0d,0x03,0x01,0x0d,0x04,0x01,0x0d,0x04,0x01,0x0e,0x04,0x01,
    0x0e,0x05,0x00,0x0e,0x05,0x00,0x0e,0x05,0x00,0x0e,0x04,0x00,
    0x0e,0x04,0x01,0x0e,0x04,0x00,0x0e,0x03,0x01,0x0d,0x02,0x00,
    0x0c,0x01,0x00,0x0b,0x01,0x00,0x0a,0x01,0x00,0x09,0x01,0x00,
    0x0a,0x00,0x00,0x0a,0x00,0x00,0x0a,0x00,0x00,0x09,0x01,0x00,
    0x07,0x00,0x00,0x06,0x00,0x00,0x07,0x00,0x00,0x07,0x00,0x00,
    0x08,0x01,0x00,0x0a,0x01,0x00,0x0a,0x00,0x00,0x10,0x02,0x00,
    0x12,0x03,0x00,0x11,0x03,0x00,0x10,0x02,0x00,0x10,0x02,0x00,
    0x11,0x02,0x00,0x14,0x04,0x00,0x16,0x04,0x00,0x1a,0x06,0x00,
    0x1e,0x07,0x01,0x1f,0x07,0x01,0x1f,0x07,0x00,0x1e,0x07,0x00,
    0x1d,0x07,0x01,0x1c,0x07,0x00,0x1b,0x07,0x00,0x1a,0x06,0x00,
    0x19,0x05,0x00,0x1a,0x04,0x00,0x1a,0x05,0x00,0x19,0x04,0x01,
    0x19,0x04,0x00,0x19,0x04,0x00,0x19,0x04,0x01,0x1b,0x04,0x00,
    0x1c,0x05,0x00,0x1d,0x06,0x00,0x1d,0x05,0x00,0x1f,0x06,0x01,
    0x20,0x07,0x01,0x21,0x07,0x01,0x21,0x07,0x01,0x24,0x09,0x01,
    0x22,0x07,0x00,0x22,0x08,0x01,0x23,0x09,0x01,0x23,0x08,0x01,
    0x21,0x08,0x01,0x20,0x07,0x00,0x1f,0x07,0x01,0x1f,0x07,0x01,
    0x1f,0x07,0x01,0x1e,0x07,0x01,0x1c,0x06,0x01,0x1d,0x07,0x00,
    0x1b,0x07,0x00,0x1c,0x07,0x01,0x1b,0x07,0x00,0x1b,0x06,0x00,
    0x1a,0x07,0x00,0x19,0x06,0x00,0x19,0x06,0x00,0x19,0x06,0x00,
    0x19,0x06,0x00,0x1a,0x06,0x00,0x1a,0x06,0x00,0x1a,0x05,0x00,
    0x1b,0x06,0x00,0x1b,0x07,0x00,0x1b,0x07,0x00,0x1b,0x07,0x00,
    0x1b,0x07,0x00,0x1b,0x07,0x00,0x1b,0x08,0x01,0x1a,0x07,0x00,
    0x1a,0x07,0x00,0x1b,0x07,0x00,0x1a,0x07,0x00,0x1b,0x07,0x01,
    0x01,0x00,0x00,0x01,0x00,0x00,0x02,0x00,0x01,0x02,0x01,0x00,
    0x02,0x00,0x01,0x02,0x01,0x00,0x03,0x00,0x00,0x02,0x01,0x00,
    0x04,0x00,0x00,0x03,0x01,0x00,0x03,0x01,0x00,0x04,0x00,0x00,
    0x04,0x00,0x00,0x06,0x01,0x00,0x06,0x00,0x00,0x06,0x00,0x00,
    0x08,0x00,0x00,0x09,0x00,0x01,0x09,0x00,0x00,0x09,0x01,0x00,
    0x09,0x01,0x00,0x0a,0x01,0x00,0x0b,0x01,0x00,0x0c,0x01,0x01,
    0x0c,0x02,0x00,0x0c,0x02,0x00,0x0c,0x02,0x00,0x0c,0x02,0x00,
    0x0c,0x03,0x01,0x0d,0x03,0x01,0x0d,0x03,0x01,0x0d,0x04,0x00,
    0x0d,0x03,0x02,0x0d,0x04,0x01,0x0e,0x05,0x00,0x0e,0x05,0x00,
    0x0e,0x06,0x01,0x0f,0x05,0x00,0x0f,0x05,0x00,0x0f,0x04,0x00,
    0x0f,0x04,0x00,0x0f,0x04,0x00,0x0f,0x04,0x00,0x0f,0x04,0x01,
    0x0e,0x03,0x01,0x0b,0x01,0x00,0x0b,0x01,0x00,0x0b,0x01,0x00,
    0x0b,0x00,0x00,0x0b,0x01,0x00,0x0a,0x00,0x00,0x0a,0x00,0x00,
    0x09,0x00,0x00,0x0a,0x00,0x00,0x0b,0x01,0x00,0x0b,0x01,0x00,
    0x0b,0x00,0x00,0x0c,0x00,0x00,0x0d,0x01,0x01,0x10,0x02,0x00,
    0x12,0x03,0x00,0x11,0x03,0x00,0x10,0x02,0x00,0x10,0x02,0x00,
    0x12,0x03,0x00,0x15,0x03,0x01,0x16,0x04,0x00,0x17,0x05,0x00,
    0x1c,0x07,0x01,0x1f,0x07,0x01,0x21,0x08,0x00,0x20,0x08,0x00,
    0x1e,0x07,0x00,0x1d,0x07,0x00,0x1c,0x08,0x01,0x1c,0x07,0x01,
    0x1b,0x06,0x00,0x1a,0x06,0x00,0x1a,0x05,0x00,0x1a,0x04,0x00,
    0x1a,0x05,0x00,0x1a,0x05,0x00,0x1a,0x05,0x00,0x1c,0x04,0x00,
    0x1d,0x05,0x00,0x1d,0x07,0x00,0x1f,0x07,0x01,0x20,0x07,0x00,
    0x22,0x07,0x00,0x23,0x08,0x01,0x23,0x08,0x01,0x24,0x09,0x01,
    0x24,0x09,0x01,0x25,0x0a,0x01,0x26,0x0b,0x01,0x23,0x09,0x00,
    0x23,0x09,0x00,0x22,0x08,0x00,0x20,0x07,0x00,0x21,0x08,0x00,
    0x21,0x07,0x01,0x20,0x08,0x01,0x1e,0x08,0x00,0x1e,0x08,0x01,
    0x1c,0x07,0x01,0x1d,0x08,0x01,0x1c,0x08,0x01,0x1c,0x08,0x00,
    0x1b,0x07,0x01,0x1b,0x07,0x00,0x1a,0x07,0x00,0x1a,0x07,0x00,
    0x1a,0x07,0x00,0x1b,0x07,0x00,0x1a,0x07,0x00,0x1b,0x07,0x00,
    0x1b,0x07,0x00,0x1b,0x07,0x00,0x1c,0x08,0x01,0x1c,0x07,0x00,
    0x1c,0x08,0x00,0x1c,0x08,0x01,0x1c,0x08,0x01,0x1b,0x08,0x01,
    0x1a,0x08,0x00,0x1c,0x08,0x01,0x1c,0x08,0x00,0x1c,0x08,0x00,
    0x01,0x00,0x01,0x01,0x00,0x01,0x02,0x00,0x01,0x02,0x00,0x01,
    0x02,0x01,0x00,0x03,0x01,0x00,0x04,0x00,0x00,0x04,0x00,0x00,
    0x04,0x00,0x00,0x04,0x00,0x00,0x04,0x00,0x00,0x04,0x00,0x00,
    0x06,0x00,0x00,0x06,0x00,0x00,0x06,0x00,0x00,0x07,0x00,0x00,
    0x08,0x00,0x00,0x08,0x00,0x01,0x08,0x00,0x01,0x0a,0x01,0x00,
    0x0a,0x01,0x00,0x0b,0x01,0x00,0x0b,0x01,0x00,0x0c,0x01,0x00,
    0x0c,0x02,0x00,0x0c,0x02,0x00,0x0d,0x02,0x00,0x0c,0x02,0x00,
    0x0e,0x03,0x01,0x0e,0x03,0x01,0x0d,0x03,0x01,0x0e,0x05,0x00,
    0x0d,0x04,0x01,0x0d,0x04,0x00,0x0e,0x05,0x00,0x0f,0x05,0x01,
    0x0f,0x05,0x01,0x10,0x06,0x01,0x12,0x06,0x00,0x10,0x05,0x00,
    0x10,0x04,0x01,0x10,0x05,0x00,0x10,0x05,0x00,0x0f,0x04,0x00,
    0x0e,0x04,0x00,0x0d,0x02,0x00,0x0b,0x01,0x00,0x0b,0x01,0x00,
    0x0c,0x01,0x00,0x0b,0x01,0x00,0x0b,0x00,0x00,0x0c,0x00,0x00,
    0x0c,0x00,0x00,0x0d,0x01,0x00,0x0f,0x02,0x00,0x10,0x03,0x01,
    0x0e,0x02,0x01,0x0c,0x01,0x00,0x0f,0x02,0x00,0x11,0x03,0x01,
    0x13,0x04,0x00,0x11,0x03,0x00,0x11,0x03,0x00,0x11,0x02,0x00,
    0x12,0x03,0x00,0x12,0x03,0x00,0x14,0x03,0x00,0x17,0x04,0x00,
    0x1a,0x05,0x00,0x1f,0x08,0x01,0x20,0x09,0x01,0x20,0x08,0x01,
    0x1f,0x08,0x01,0x1f,0x08,0x00,0x1f,0x09,0x01,0x1e,0x07,0x00,
    0x1d,0x08,0x00,0x1d,0x08,0x00,0x1d,0x06,0x00,0x1d,0x05,0x00,
    0x1c,0x06,0x00,0x1b,0x04,0x00,0x1b,0x05,0x00,0x1c,0x05,0x00,
    0x1d,0x06,0x01,0x1e,0x07,0x01,0x20,0x08,0x00,0x21,0x07,0x00,
    0x22,0x07,0x00,0x24,0x09,0x01,0x24,0x08,0x00,0x24,0x09,0x01,
    0x24,0x09,0x00,0x26,0x0b,0x01,0x26,0x0b,0x01,0x26,0x0c,0x01,
    0x25,0x0a,0x01,0x23,0x0a,0x01,0x22,0x09,0x00,0x22,0x08,0x00,
    0x21,0x09,0x00,0x21,0x09,0x00,0x21,0x09,0x01,0x1f,0x08,0x01,
    0x1f,0x09,0x01,0x1e,0x08,0x01,0x1c,0x08,0x01,0x1c,0x08,0x00,
    0x1d,0x08,0x00,0x1d,0x07,0x00,0x1c,0x07,0x00,0x1c,0x07,0x01,
    0x1d,0x07,0x01,0x1c,0x08,0x01,0x1b,0x07,0x01,0x1b,0x07,0x01,
    0x1c,0x08,0x00,0x1c,0x09,0x00,0x1c,0x08,0x00,0x1c,0x08,0x01,
    0x1d,0x09,0x01,0x1c,0x08,0x01,0x1c,0x08,0x01,0x1c,0x09,0x01,
    0x1c,0x08,0x01,0x1c,0x08,0x01,0x1c,0x08,0x00,0x1d,0x09,0x00,
    0x02,0x00,0x01,0x02,0x01,0x00,0x02,0x01,0x00,0x02,0x00,0x01,
    0x02,0x01,0x00,0x03,0x01,0x00,0x04,0x00,0x00,0x04,0x00,0x00,
    0x04,0x00,0x00,0x04,0x00,0x00,0x04,0x00,0x00,0x05,0x01,0x00,
    0x07,0x00,0x00,0x07,0x00,0x00,0x07,0x00,0x00,0x09,0x00,0x00,
    0x09,0x00,0x01,0x09,0x00,0x01,0x09,0x00,0x00,0x0a,0x01,0x00,
    0x0b,0x00,0x00,0x0b,0x01,0x00,0x0c,0x02,0x00,0x0d,0x02,0x00,
    0x0c,0x02,0x00,0x0d,0x02,0x00,0x0d,0x03,0x01,0x0d,0x03,0x01,
    0x0e,0x03,0x01,0x0e,0x03,0x01,0x0e,0x04,0x01,0x0f,0x04,0x00,
    0x0e,0x05,0x00,0x0d,0x04,0x01,0x0e,0x05,0x00,0x0f,0x05,0x01,
    0x11,0x05,0x01,0x10,0x05,0x00,0x12,0x06,0x00,0x12,0x06,0x00,
    0x12,0x05,0x00,0x11,0x05,0x00,0x10,0x05,0x01,0x0f,0x05,0x01,
    0x0f,0x04,0x00,0x0f,0x03,0x00,0x0d,0x03,0x01,0x0d,0x02,0x00,
    0x0d,0x02,0x00,0x0c,0x02,0x00,0x0c,0x01,0x00,0x0c,0x00,0x00,
    0x0c,0x01,0x00,0x0e,0x02,0x01,0x11,0x04,0x00,0x12,0x04,0x00,
    0x11,0x03,0x00,0x11,0x03,0x00,0x10,0x02,0x00,0x11,0x03,0x01,
    0x13,0x04,0x01,0x13,0x05,0x00,0x13,0x04,0x01,0x13,0x03,0x00,
    0x12,0x03,0x00,0x11,0x03,0x00,0x13,0x04,0x00,0x17,0x04,0x00,
    0x19,0x05,0x00,0x1e,0x07,0x01,0x1f,0x08,0x00,0x21,0x09,0x01,
    0x21,0x0a,0x00,0x21,0x09,0x01,0x21,0x08,0x01,0x20,0x09,0x01,
    0x1e,0x08,0x00,0x1e,0x07,0x00,0x1e,0x07,0x01,0x1e,0x07,0x01,
    0x1e,0x06,0x01,0x1d,0x04,0x01,0x1c,0x04,0x00,0x1d,0x06,0x00,
    0x1e,0x07,0x01,0x1f,0x07,0x01,0x20,0x07,0x01,0x21,0x08,0x01,
    0x24,0x09,0x00,0x25,0x0a,0x01,0x25,0x0a,0x00,0x25,0x0a,0x00,
    0x26,0x0a,0x01,0x25,0x0a,0x01,0x26,0x0b,0x01,0x28,0x0d,0x02,
    0x26,0x0b,0x01,0x25,0x0b,0x00,0x24,0x0a,0x00,0x24,0x09,0x01,
    0x23,0x0a,0x01,0x23,0x0a,0x01,0x21,0x09,0x00,0x20,0x0a,0x01,
    0x20,0x0a,0x01,0x1e,0x09,0x00,0x1f,0x09,0x01,0x1e,0x09,0x00,
    0x1f,0x09,0x00,0x1f,0x09,0x00,0x1e,0x08,0x00,0x1f,0x08,0x00,
    0x1f,0x07,0x00,0x1d,0x08,0x01,0x1c,0x08,0x01,0x1c,0x08,0x01,
    0x1d,0x09,0x00,0x1e,0x09,0x01,0x1d,0x09,0x00,0x1d,0x09,0x00,
    0x1d,0x09,0x01,0x1d,0x09,0x00,0x1d,0x09,0x00,0x1c,0x0a,0x01,
    0x1c,0x09,0x01,0x1e,0x0a,0x01,0x1d,0x09,0x00,0x1e,0x0a,0x01,
    0x02,0x00,0x01,0x02,0x00,0x01,0x02,0x00,0x01,0x02,0x00,0x01,
    0x02,0x00,0x00,0x03,0x00,0x00,0x04,0x00,0x00,0x04,0x00,0x00,
    0x04,0x00,0x00,0x04,0x00,0x00,0x04,0x00,0x00,0x04,0x00,0x00,
    0x06,0x00,0x00,0x09,0x00,0x00,0x08,0x00,0x00,0x08,0x01,0x00,
    0x09,0x01,0x00,0x09,0x01,0x00,0x0a,0x01,0x00,0x09,0x01,0x00,
    0x0a,0x01,0x00,0x0b,0x01,0x00,0x0c,0x02,0x00,0x0d,0x02,0x00,
    0x0c,0x02,0x00,0x0c,0x02,0x00,0x0d,0x03,0x01,0x0d,0x03,0x01,
    0x0d,0x03,0x01,0x0e,0x04,0x01,0x0f,0x04,0x00,0x0f,0x04,0x00,
    0x0e,0x05,0x00,0x0e,0x05,0x00,0x0f,0x05,0x00,0x11,0x05,0x01,
    0x10,0x06,0x00,0x10,0x06,0x00,0x12,0x07,0x00,0x13,0x06,0x00,
    0x13,0x06,0x00,0x12,0x06,0x00,0x10,0x05,0x00,0x10,0x05,0x00,
    0x10,0x05,0x00,0x0e,0x04,0x00,0x0e,0x04,0x00,0x0e,0x03,0x01,
    0x0e,0x03,0x01,0x0e,0x02,0x00,0x0e,0x02,0x00,0x0d,0x02,0x00,
    0x0d,0x02,0x00,0x10,0x02,0x00,0x13,0x04,0x01,0x14,0x05,0x00,
    0x12,0x04,0x00,0x13,0x04,0x00,0x11,0x03,0x00,0x12,0x04,0x01,
    0x12,0x04,0x01,0x13,0x04,0x01,0x13,0x04,0x00,0x13,0x04,0x00,
    0x12,0x03,0x00,0x12,0x03,0x00,0x14,0x04,0x00,0x16,0x04,0x00,
    0x19,0x05,0x00,0x1c,0x07,0x00,0x1e,0x08,0x00,0x20,0x09,0x01,
    0x22,0x0b,0x00,0x21,0x0a,0x01,0x21,0x09,0x00,0x21,0x09,0x00,
    0x20,0x09,0x00,0x1f,0x08,0x00,0x1e,0x07,0x01,0x1e,0x07,0x00,
    0x1e,0x07,0x01,0x1d,0x06,0x01,0x1d,0x06,0x00,0x1d,0x07,0x01,
    0x1e,0x07,0x01,0x20,0x07,0x00,0x21,0x08,0x01,0x23,0x0a,0x01,
    0x24,0x09,0x00,0x25,0x0a,0x00,0x26,0x0a,0x00,0x28,0x0c,0x00,
    0x27,0x0b,0x00,0x26,0x0b,0x00,0x27,0x0b,0x00,0x28,0x0c,0x01,
    0x27,0x0c,0x01,0x26,0x0b,0x00,0x26,0x0b,0x01,0x26,0x0b,0x01,
    0x26,0x0a,0x01,0x26,0x0a,0x01,0x24,0x0a,0x00,0x23,0x0b,0x00,
    0x22,0x0a,0x01,0x20,0x0a,0x00,0x20,0x0a,0x00,0x20,0x0b,0x00,
    0x21,0x0b,0x01,0x1e,0x0a,0x00,0x1e,0x0a,0x01,0x1f,0x09,0x01,
    0x20,0x09,0x00,0x1f,0x09,0x01,0x1e,0x08,0x01,0x1e,0x09,0x00,
    0x1f,0x09,0x01,0x1f,0x0a,0x01,0x1e,0x0a,0x01,0x1d,0x09,0x00,
    0x1e,0x0a,0x00,0x1e,0x0b,0x01,0x1d,0x0b,0x01,0x1d,0x0b,0x01,
    0x1d,0x0b,0x00,0x1e,0x0a,0x00,0x1f,0x0a,0x01,0x1f,0x0b,0x00,
    0x02,0x00,0x01,0x02,0x00,0x01,0x02,0x00,0x01,0x02,0x01,0x00,
    0x02,0x01,0x00,0x03,0x00,0x00,0x04,0x00,0x00,0x04,0x00,0x00,
    0x04,0x00,0x00,0x04,0x00,0x00,0x04,0x00,0x00,0x04,0x00,0x00,
    0x06,0x00,0x00,0x09,0x00,0x01,0x09,0x01,0x00,0x09,0x01,0x00,
    0x09,0x01,0x00,0x09,0x01,0x00,0x0a,0x01,0x00,0x0a,0x00,0x00,
    0x0b,0x01,0x00,0x0b,0x01,0x00,0x0c,0x02,0x00,0x0d,0x02,0x00,
    0x0d,0x03,0x00,0x0d,0x03,0x00,0x0e,0x03,0x01,0x0e,0x04,0x02,
    0x0e,0x04,0x00,0x0e,0x04,0x00,0x0f,0x04,0x00,0x0f,0x04,0x00,
    0x0f,0x05,0x00,0x11,0x05,0x00,0x11,0x05,0x00,0x11,0x06,0x00,
    0x12,0x06,0x00,0x12,0x06,0x00,0x13,0x06,0x00,0x13,0x06,0x00,
    0x13,0x06,0x00,0x13,0x06,0x00,0x11,0x06,0x00,0x10,0x05,0x00,
    0x0f,0x05,0x01,0x0f,0x04,0x00,0x0f,0x04,0x00,0x0f,0x04,0x00,
    0x0e,0x03,0x00,0x0f,0x03,0x00,0x11,0x03,0x01,0x0f,0x02,0x01,
    0x10,0x02,0x00,0x12,0x03,0x00,0x13,0x04,0x01,0x15,0x05,0x00,
    0x14,0x05,0x00,0x13,0x04,0x00,0x13,0x04,0x01,0x13,0x04,0x00,
    0x13,0x04,0x00,0x13,0x04,0x01,0x13,0x05,0x00,0x14,0x04,0x00,
    0x14,0x04,0x00,0x15,0x04,0x00,0x16,0x04,0x00,0x15,0x04,0x00,
    0x18,0x05,0x00,0x19,0x06,0x00,0x1d,0x08,0x01,0x1f,0x08,0x01,
    0x21,0x0a,0x01,0x22,0x0a,0x00,0x23,0x0b,0x01,0x24,0x0a,0x01,
    0x23,0x09,0x00,0x1f,0x08,0x00,0x1e,0x07,0x01,0x1f,0x07,0x01,
    0x1f,0x07,0x00,0x1f,0x07,0x00,0x1e,0x07,0x00,0x1e,0x07,0x01,
    0x1f,0x08,0x00,0x22,0x09,0x00,0x22,0x09,0x00,0x24,0x0a,0x00,
    0x26,0x0b,0x00,0x25,0x0a,0x00,0x27,0x0b,0x01,0x28,0x0c,0x00,
    0x27,0x0b,0x01,0x27,0x0b,0x01,0x27,0x0c,0x01,0x28,0x0c,0x01,
    0x28,0x0c,0x01,0x29,0x0d,0x01,0x28,0x0c,0x00,0x29,0x0d,0x01,
    0x28,0x0d,0x01,0x27,0x0c,0x01,0x27,0x0c,0x00,0x25,0x0c,0x00,
    0x23,0x0b,0x01,0x21,0x0a,0x00,0x21,0x0b,0x00,0x21,0x0b,0x01,
    0x21,0x0b,0x00,0x21,0x0b,0x01,0x20,0x0b,0x00,0x20,0x0b,0x00,
    0x21,0x0b,0x00,0x21,0x0a,0x00,0x20,0x0a,0x00,0x1e,0x0a,0x00,
    0x20,0x0a,0x00,0x21,0x0b,0x00,0x1f,0x0b,0x00,0x1f,0x0b,0x00,
    0x1e,0x0b,0x00,0x1e,0x0b,0x00,0x1f,0x0c,0x00,0x1f,0x0b,0x00,
    0x1f,0x0b,0x00,0x1f,0x0c,0x01,0x1e,0x0b,0x00,0x1f,0x0b,0x00,
    0x02,0x00,0x01,0x01,0x00,0x01,0x02,0x00,0x01,0x02,0x00,0x01,
    0x03,0x01,0x00,0x04,0x00,0x00,0x04,0x00,0x00,0x04,0x00,0x00,
    0x05,0x00,0x00,0x05,0x00,0x00,0x05,0x00,0x00,0x06,0x00,0x00,
    0x06,0x00,0x00,0x06,0x01,0x00,0x09,0x01,0x00,0x09,0x01,0x00,
    0x0a,0x02,0x00,0x09,0x01,0x00,0x0a,0x01,0x00,0x0b,0x01,0x00,
    0x0b,0x01,0x00,0x0c,0x02,0x00,0x0e,0x02,0x00,0x0d,0x02,0x00,
    0x0e,0x03,0x01,0x0f,0x03,0x00,0x0e,0x03,0x00,0x0f,0x04,0x00,
    0x0f,0x04,0x00,0x10,0x04,0x00,0x0f,0x04,0x00,0x0f,0x04,0x00,
    0x11,0x05,0x00,0x11,0x06,0x00,0x11,0x06,0x00,0x13,0x06,0x00,
    0x13,0x06,0x00,0x14,0x07,0x00,0x14,0x07,0x01,0x14,0x07,0x01,
    0x13,0x07,0x01,0x14,0x06,0x01,0x15,0x06,0x01,0x12,0x05,0x00,
    0x13,0x06,0x01,0x12,0x05,0x00,0x11,0x04,0x01,0x11,0x04,0x00,
    0x11,0x04,0x00,0x10,0x04,0x01,0x11,0x04,0x00,0x12,0x03,0x00,
    0x11,0x04,0x00,0x13,0x04,0x00,0x15,0x05,0x00,0x16,0x06,0x01,
    0x15,0x06,0x01,0x15,0x05,0x01,0x15,0x04,0x00,0x14,0x04,0x00,
    0x14,0x05,0x00,0x13,0x04,0x00,0x15,0x04,0x00,0x15,0x04,0x00,
    0x13,0x04,0x00,0x14,0x04,0x00,0x14,0x04,0x00,0x16,0x04,0x00,
    0x17,0x06,0x00,0x19,0x06,0x00,0x1b,0x07,0x01,0x1d,0x09,0x01,
    0x1f,0x08,0x00,0x21,0x0a,0x00,0x22,0x0a,0x00,0x23,0x0a,0x01,
    0x24,0x0a,0x00,0x21,0x08,0x00,0x1f,0x07,0x00,0x20,0x07,0x00,
    0x21,0x07,0x01,0x21,0x09,0x01,0x21,0x08,0x00,0x20,0x07,0x01,
    0x21,0x09,0x01,0x22,0x0a,0x00,0x22,0x0a,0x00,0x23,0x0b,0x01,
    0x26,0x0b,0x01,0x27,0x0c,0x01,0x27,0x0c,0x01,0x28,0x0c,0x01,
    0x28,0x0c,0x01,0x28,0x0c,0x01,0x29,0x0d,0x02,0x29,0x0e,0x02,
    0x2a,0x0e,0x02,0x29,0x0d,0x01,0x29,0x0d,0x01,0x29,0x0d,0x02,
    0x29,0x0e,0x02,0x28,0x0d,0x01,0x27,0x0c,0x01,0x25,0x0c,0x01,
    0x23,0x0c,0x00,0x22,0x0c,0x01,0x22,0x0c,0x01,0x22,0x0b,0x00,
    0x22,0x0c,0x00,0x22,0x0c,0x00,0x21,0x0b,0x01,0x22,0x0c,0x01,
    0x22,0x0c,0x01,0x20,0x0c,0x01,0x21,0x0c,0x01,0x20,0x0b,0x01,
    0x20,0x0c,0x00,0x20,0x0c,0x01,0x20,0x0c,0x01,0x20,0x0c,0x01,
    0x20,0x0c,0x01,0x20,0x0b,0x01,0x20,0x0c,0x01,0x1f,0x0c,0x01,
    0x20,0x0c,0x01,0x20,0x0e,0x01,0x20,0x0d,0x01,0x1f,0x0b,0x01,
    0x03,0x01,0x00,0x02,0x00,0x01,0x02,0x00,0x01,0x03,0x00,0x01,
    0x04,0x00,0x00,0x04,0x00,0x00,0x05,0x00,0x00,0x05,0x01,0x00,
    0x06,0x00,0x00,0x06,0x00,0x00,0x06,0x00,0x00,0x06,0x00,0x00,
    0x08,0x00,0x00,0x09,0x01,0x00,0x0a,0x01,0x00,0x0a,0x01,0x00,
    0x0b,0x01,0x00,0x0a,0x01,0x00,0x0c,0x01,0x00,0x0c,0x01,0x00,
    0x0c,0x01,0x00,0x0d,0x02,0x00,0x0d,0x02,0x00,0x0d,0x02,0x00,
    0x0e,0x03,0x01,0x0f,0x03,0x00,0x0f,0x03,0x00,0x0d,0x04,0x00,
    0x0f,0x04,0x00,0x10,0x05,0x00,0x0f,0x04,0x00,0x10,0x05,0x00,
    0x10,0x05,0x00,0x11,0x06,0x00,0x12,0x06,0x00,0x13,0x06,0x00,
    0x14,0x07,0x00,0x14,0x07,0x00,0x13,0x06,0x00,0x14,0x07,0x01,
    0x14,0x07,0x01,0x13,0x07,0x01,0x14,0x07,0x01,0x14,0x06,0x01,
    0x14,0x06,0x01,0x14,0x06,0x00,0x12,0x05,0x00,0x11,0x05,0x00,
    0x13,0x05,0x00,0x11,0x04,0x01,0x12,0x04,0x00,0x14,0x05,0x00,
    0x12,0x04,0x00,0x13,0x05,0x00,0x15,0x05,0x00,0x18,0x07,0x00,
    0x16,0x06,0x00,0x16,0x06,0x00,0x17,0x06,0x00,0x15,0x06,0x00,
    0x13,0x05,0x00,0x14,0x05,0x00,0x16,0x04,0x00,0x16,0x04,0x00,
    0x16,0x05,0x00,0x14,0x04,0x00,0x16,0x04,0x00,0x16,0x04,0x00,
    0x16,0x05,0x00,0x18,0x06,0x00,0x1a,0x07,0x00,0x1e,0x09,0x00,
    0x1e,0x0a,0x01,0x20,0x0a,0x00,0x21,0x09,0x01,0x21,0x08,0x01,
    0x21,0x09,0x00,0x21,0x08,0x00,0x20,0x07,0x01,0x21,0x08,0x00,
    0x21,0x09,0x01,0x21,0x09,0x00,0x22,0x09,0x00,0x21,0x08,0x00,
    0x22,0x0a,0x00,0x23,0x0b,0x01,0x24,0x0b,0x01,0x25,0x0b,0x01,
    0x26,0x0c,0x01,0x29,0x0d,0x01,0x28,0x0c,0x01,0x29,0x0d,0x02,
    0x29,0x0d,0x01,0x28,0x0c,0x01,0x2a,0x0e,0x02,0x2a,0x0e,0x02,
    0x2b,0x0f,0x02,0x2a,0x0e,0x02,0x2b,0x0e,0x02,0x2a,0x0e,0x02,
    0x2b,0x0e,0x02,0x2a,0x0e,0x02,0x28,0x0e,0x01,0x26,0x0d,0x01,
    0x24,0x0d,0x01,0x22,0x0d,0x00,0x23,0x0d,0x00,0x23,0x0c,0x00,
    0x22,0x0c,0x00,0x22,0x0d,0x00,0x20,0x0d,0x01,0x22,0x0c,0x01,
    0x22,0x0c,0x01,0x21,0x0d,0x00,0x22,0x0d,0x00,0x21,0x0d,0x00,
    0x20,0x0d,0x00,0x20,0x0d,0x01,0x21,0x0e,0x00,0x22,0x0d,0x02,
    0x21,0x0d,0x02,0x20,0x0d,0x00,0x21,0x0d,0x01,0x21,0x0e,0x00,
    0x21,0x0d,0x00,0x22,0x0f,0x01,0x22,0x0e,0x01,0x20,0x0d,0x01,
    0x02,0x01,0x00,0x03,0x00,0x00,0x04,0x00,0x00,0x04,0x00,0x00,
    0x05,0x00,0x00,0x06,0x00,0x00,0x06,0x00,0x00,0x06,0x00,0x00,
    0x06,0x00,0x00,0x06,0x00,0x00,0x07,0x00,0x00,0x09,0x01,0x00,
    0x09,0x01,0x00,0x09,0x01,0x00,0x09,0x01,0x00,0x0b,0x02,0x00,
    0x0b,0x01,0x00,0x0b,0x01,0x00,0x0b,0x01,0x00,0x0c,0x02,0x00,
    0x0d,0x02,0x00,0x0e,0x02,0x01,0x0d,0x03,0x01,0x0f,0x02,0x01,
    0x0f,0x02,0x00,0x10,0x03,0x00,0x0f,0x04,0x00,0x0f,0x05,0x01,
    0x0f,0x05,0x00,0x0f,0x04,0x00,0x0f,0x04,0x00,0x10,0x05,0x00,
    0x10,0x05,0x00,0x12,0x06,0x00,0x13,0x06,0x00,0x13,0x06,0x00,
    0x14,0x07,0x01,0x13,0x06,0x00,0x12,0x06,0x00,0x14,0x07,0x00,
    0x15,0x07,0x00,0x14,0x07,0x00,0x13,0x06,0x00,0x14,0x07,0x00,
    0x14,0x07,0x01,0x13,0x06,0x00,0x13,0x06,0x00,0x13,0x06,0x00,
    0x13,0x06,0x00,0x12,0x05,0x00,0x12,0x05,0x00,0x13,0x04,0x01,
    0x12,0x05,0x00,0x12,0x05,0x00,0x14,0x06,0x00,0x16,0x06,0x00,
    0x18,0x07,0x00,0x18,0x07,0x00,0x17,0x07,0x00,0x17,0x06,0x00,
    0x16,0x06,0x00,0x16,0x05,0x00,0x17,0x05,0x00,0x16,0x06,0x00,
    0x17,0x06,0x00,0x17,0x06,0x00,0x17,0x05,0x00,0x17,0x06,0x00,
    0x18,0x07,0x00,0x19,0x07,0x00,0x1b,0x08,0x00,0x1d,0x09,0x00,
    0x1d,0x09,0x01,0x20,0x09,0x01,0x21,0x09,0x00,0x21,0x08,0x01,
    0x21,0x08,0x01,0x20,0x08,0x00,0x22,0x09,0x00,0x23,0x09,0x01,
    0x23,0x09,0x01,0x22,0x0a,0x00,0x22,0x0a,0x01,0x21,0x0a,0x01,
    0x22,0x0a,0x00,0x22,0x0b,0x01,0x23,0x0b,0x02,0x26,0x0b,0x02,
    0x27,0x0d,0x01,0x28,0x0d,0x01,0x29,0x0e,0x01,0x29,0x0d,0x01,
    0x29,0x0d,0x02,0x2b,0x0f,0x02,0x2c,0x0f,0x02,0x2c,0x0f,0x03,
    0x2c,0x0e,0x02,0x2d,0x10,0x02,0x2d,0x10,0x02,0x2c,0x0e,0x02,
    0x2c,0x0f,0x03,0x2a,0x0e,0x02,0x28,0x0e,0x01,0x27,0x0e,0x01,
    0x26,0x0f,0x01,0x24,0x0d,0x01,0x24,0x0e,0x01,0x24,0x0e,0x01,
    0x24,0x0e,0x01,0x24,0x0e,0x01,0x23,0x0e,0x02,0x23,0x0e,0x02,
    0x22,0x0e,0x01,0x23,0x0e,0x01,0x24,0x0e,0x01,0x24,0x0f,0x02,
    0x22,0x0e,0x01,0x22,0x0e,0x02,0x22,0x0f,0x02,0x23,0x0f,0x01,
    0x22,0x0e,0x02,0x22,0x0f,0x01,0x22,0x0f,0x01,0x22,0x0f,0x01,
    0x22,0x0f,0x01,0x22,0x0f,0x01,0x22,0x0f,0x01,0x22,0x0f,0x01,
    0x04,0x00,0x00,0x04,0x00,0x00,0x04,0x00,0x00,0x04,0x00,0x00,
    0x05,0x00,0x00,0x06,0x00,0x00,0x06,0x00,0x00,0x06,0x00,0x00,
    0x06,0x00,0x00,0x07,0x00,0x00,0x08,0x00,0x00,0x0a,0x00,0x00,
    0x09,0x00,0x00,0x0a,0x01,0x00,0x0b,0x01,0x00,0x0b,0x01,0x00,
    0x0b,0x01,0x00,0x0b,0x01,0x00,0x0b,0x02,0x00,0x0c,0x02,0x00,
    0x0b,0x02,0x00,0x0e,0x02,0x01,0x0d,0x03,0x01,0x0e,0x03,0x01,
    0x0f,0x04,0x00,0x10,0x03,0x00,0x0f,0x04,0x00,0x0f,0x04,0x00,
    0x0f,0x05,0x00,0x0f,0x05,0x00,0x10,0x05,0x00,0x11,0x05,0x00,
    0x11,0x06,0x00,0x12,0x06,0x00,0x13,0x06,0x00,0x13,0x06,0x00,
    0x13,0x06,0x01,0x14,0x07,0x00,0x14,0x07,0x00,0x14,0x07,0x00,
    0x15,0x07,0x00,0x14,0x07,0x00,0x14,0x07,0x00,0x14,0x07,0x00,
    0x14,0x07,0x01,0x12,0x06,0x00,0x12,0x06,0x00,0x14,0x06,0x00,
    0x13,0x06,0x00,0x13,0x06,0x00,0x13,0x06,0x00,0x13,0x05,0x00,
    0x14,0x05,0x00,0x13,0x06,0x00,0x15,0x05,0x00,0x16,0x06,0x00,
    0x17,0x07,0x00,0x19,0x08,0x00,0x19,0x08,0x00,0x19,0x07,0x00,
    0x19,0x09,0x01,0x1a,0x08,0x01,0x19,0x07,0x00,0x19,0x07,0x00,
    0x1a,0x08,0x00,0x1a,0x07,0x00,0x1a,0x07,0x00,0x1a,0x07,0x00,
    0x1c,0x08,0x01,0x1d,0x09,0x01,0x1d,0x09,0x01,0x1e,0x09,0x00,
    0x1f,0x09,0x01,0x21,0x0a,0x01,0x21,0x09,0x00,0x20,0x08,0x01,
    0x21,0x08,0x00,0x22,0x09,0x00,0x22,0x0a,0x01,0x23,0x0a,0x01,
    0x24,0x0a,0x01,0x25,0x0b,0x01,0x25,0x0b,0x01,0x24,0x0b,0x01,
    0x24,0x0b,0x01,0x26,0x0c,0x01,0x25,0x0c,0x01,0x26,0x0c,0x01,
    0x28,0x0d,0x01,0x28,0x0e,0x01,0x28,0x0e,0x01,0x2a,0x0e,0x02,
    0x2b,0x0e,0x02,0x2d,0x0f,0x02,0x2d,0x10,0x02,0x2d,0x11,0x03,
    0x2c,0x0e,0x02,0x2d,0x10,0x02,0x2d,0x10,0x02,0x2c,0x0f,0x02,
    0x2d,0x11,0x02,0x2b,0x10,0x02,0x2a,0x10,0x02,0x29,0x10,0x02,
    0x28,0x10,0x01,0x26,0x0f,0x01,0x25,0x0f,0x01,0x26,0x10,0x01,
    0x24,0x0e,0x01,0x26,0x0f,0x02,0x25,0x0f,0x02,0x24,0x0f,0x02,
    0x23,0x10,0x02,0x23,0x10,0x02,0x23,0x10,0x02,0x22,0x0f,0x02,
    0x22,0x0f,0x01,0x24,0x10,0x02,0x23,0x0f,0x02,0x25,0x0f,0x02,
    0x26,0x10,0x02,0x24,0x0f,0x01,0x24,0x10,0x01,0x24,0x0f,0x01,
    0x24,0x0f,0x01,0x23,0x10,0x02,0x23,0x10,0x02,0x23,0x11,0x03,
    0x04,0x00,0x00,0x04,0x00,0x00,0x04,0x00,0x00,0x04,0x00,0x00,
    0x06,0x00,0x00,0x06,0x00,0x00,0x06,0x00,0x00,0x06,0x00,0x00,
    0x06,0x00,0x00,0x07,0x00,0x00,0x09,0x00,0x00,0x0a,0x00,0x00,
    0x0b,0x01,0x00,0x0b,0x00,0x00,0x0b,0x01,0x00,0x0c,0x02,0x01,
    0x0c,0x02,0x01,0x0c,0x01,0x00,0x0b,0x02,0x00,0x0c,0x02,0x00,
    0x0d,0x03,0x01,0x0e,0x03,0x01,0x0e,0x02,0x00,0x0e,0x03,0x01,
    0x0e,0x03,0x01,0x0f,0x03,0x00,0x10,0x04,0x00,0x0f,0x04,0x00,
    0x0f,0x05,0x00,0x10,0x05,0x00,0x11,0x06,0x00,0x13,0x06,0x01,
    0x13,0x06,0x00,0x13,0x06,0x00,0x14,0x07,0x00,0x14,0x07,0x01,
    0x14,0x07,0x01,0x14,0x07,0x00,0x14,0x07,0x00,0x15,0x07,0x00,
    0x15,0x07,0x00,0x14,0x07,0x00,0x14,0x07,0x00,0x15,0x07,0x00,
    0x15,0x07,0x00,0x14,0x07,0x00,0x15,0x07,0x00,0x14,0x06,0x01,
    0x13,0x06,0x00,0x13,0x06,0x00,0x13,0x06,0x00,0x14,0x06,0x00,
    0x17,0x06,0x00,0x17,0x06,0x00,0x18,0x07,0x00,0x19,0x08,0x01,
    0x1b,0x09,0x01,0x1b,0x09,0x00,0x1c,0x0a,0x00,0x1d,0x0b,0x00,
    0x1e,0x0c,0x01,0x1e,0x0c,0x01,0x1f,0x0c,0x00,0x21,0x0c,0x01,
    0x21,0x0c,0x01,0x21,0x0b,0x00,0x20,0x0b,0x00,0x20,0x0a,0x01,
    0x21,0x0b,0x00,0x22,0x0b,0x01,0x22,0x0b,0x00,0x22,0x0c,0x01,
    0x21,0x0b,0x01,0x21,0x0b,0x00,0x22,0x0a,0x00,0x22,0x09,0x00,
    0x23,0x09,0x00,0x22,0x0a,0x00,0x21,0x09,0x00,0x23,0x0b,0x00,
    0x23,0x0c,0x00,0x26,0x0b,0x01,0x27,0x0b,0x01,0x25,0x0b,0x01,
    0x27,0x0e,0x01,0x27,0x0d,0x01,0x27,0x0d,0x01,0x28,0x0e,0x01,
    0x29,0x0e,0x02,0x29,0x0e,0x01,0x28,0x0f,0x01,0x2a,0x0f,0x02,
    0x2b,0x0f,0x01,0x2d,0x10,0x02,0x2c,0x10,0x02,0x2d,0x10,0x02,
    0x2c,0x10,0x02,0x2c,0x0f,0x02,0x2d,0x10,0x02,0x2e,0x11,0x03,
    0x2d,0x11,0x03,0x2d,0x11,0x03,0x2b,0x10,0x03,0x2b,0x11,0x03,
    0x2a,0x10,0x02,0x28,0x11,0x02,0x27,0x10,0x02,0x26,0x10,0x02,
    0x26,0x0f,0x02,0x27,0x10,0x03,0x26,0x10,0x03,0x26,0x10,0x03,
    0x24,0x11,0x03,0x24,0x10,0x02,0x24,0x10,0x02,0x24,0x10,0x02,
    0x24,0x10,0x02,0x26,0x10,0x02,0x26,0x11,0x02,0x27,0x10,0x03,
    0x26,0x11,0x03,0x26,0x11,0x03,0x26,0x10,0x02,0x27,0x10,0x03,
    0x26,0x10,0x02,0x26,0x10,0x02,0x26,0x11,0x03,0x25,0x11,0x02,
    0x04,0x00,0x00,0x04,0x00,0x00,0x05,0x00,0x00,0x05,0x00,0x00,
    0x06,0x00,0x00,0x06,0x00,0x00,0x08,0x00,0x00,0x07,0x00,0x00,
    0x09,0x00,0x00,0x09,0x00,0x00,0x0a,0x01,0x00,0x0b,0x01,0x00,
    0x0b,0x01,0x00,0x0b,0x01,0x00,0x0b,0x02,0x00,0x0c,0x02,0x01,
    0x0b,0x02,0x01,0x0c,0x02,0x00,0x0c,0x02,0x00,0x0d,0x02,0x00,
    0x0f,0x03,0x00,0x0e,0x03,0x00,0x0e,0x03,0x01,0x0e,0x03,0x01,
    0x0e,0x03,0x00,0x10,0x03,0x00,0x0f,0x04,0x00,0x0f,0x05,0x01,
    0x0e,0x05,0x00,0x0f,0x05,0x00,0x11,0x06,0x00,0x11,0x06,0x00,
    0x13,0x06,0x00,0x14,0x07,0x00,0x14,0x07,0x00,0x15,0x08,0x00,
    0x15,0x07,0x00,0x15,0x07,0x00,0x16,0x07,0x00,0x17,0x09,0x00,
    0x16,0x08,0x00,0x15,0x08,0x00,0x15,0x08,0x00,0x16,0x08,0x00,
    0x16,0x08,0x00,0x14,0x07,0x00,0x16,0x07,0x00,0x16,0x07,0x00,
    0x15,0x07,0x00,0x15,0x07,0x00,0x16,0x07,0x00,0x17,0x07,0x00,
    0x17,0x06,0x00,0x18,0x07,0x00,0x19,0x07,0x00,0x1a,0x09,0x01,
    0x1a,0x08,0x01,0x1b,0x09,0x01,0x1c,0x0b,0x01,0x1e,0x0c,0x01,
    0x21,0x0e,0x01,0x23,0x0f,0x01,0x24,0x0f,0x02,0x25,0x0f,0x02,
    0x25,0x10,0x01,0x25,0x0f,0x01,0x24,0x0e,0x01,0x25,0x0e,0x02,
    0x26,0x0f,0x02,0x27,0x0d,0x01,0x27,0x0e,0x01,0x25,0x0e,0x01,
    0x23,0x0c,0x01,0x22,0x0c,0x00,0x22,0x0b,0x00,0x23,0x0b,0x00,
    0x22,0x0b,0x00,0x22,0x0c,0x01,0x22,0x0b,0x01,0x23,0x0b,0x00,
    0x24,0x0c,0x00,0x28,0x0d,0x01,0x28,0x0c,0x01,0x27,0x0c,0x01,
    0x29,0x0e,0x01,0x28,0x0e,0x01,0x29,0x0f,0x02,0x29,0x0e,0x02,
    0x2a,0x0e,0x02,0x2b,0x0f,0x02,0x2b,0x0f,0x02,0x2b,0x0f,0x02,
    0x2c,0x10,0x02,0x2e,0x11,0x02,0x2e,0x11,0x02,0x2e,0x11,0x03,
    0x2f,0x11,0x03,0x2e,0x12,0x03,0x2f,0x12,0x03,0x30,0x13,0x03,
    0x2f,0x13,0x03,0x30,0x13,0x03,0x2e,0x11,0x03,0x2c,0x11,0x03,
    0x2c,0x12,0x02,0x2a,0x12,0x03,0x29,0x12,0x02,0x28,0x10,0x02,
    0x28,0x11,0x03,0x27,0x11,0x03,0x27,0x12,0x03,0x27,0x12,0x03,
    0x26,0x12,0x03,0x25,0x11,0x02,0x26,0x12,0x03,0x28,0x12,0x04,
    0x28,0x12,0x04,0x27,0x11,0x03,0x27,0x11,0x03,0x28,0x12,0x04,
    0x29,0x13,0x05,0x28,0x12,0x04,0x28,0x12,0x04,0x28,0x13,0x03,
    0x28,0x13,0x03,0x28,0x13,0x04,0x27,0x11,0x03,0x28,0x12,0x04,
    0x04,0x00,0x00,0x04,0x00,0x00,0x05,0x00,0x00,0x04,0x00,0x00,
    0x06,0x00,0x00,0x07,0x00,0x00,0x08,0x00,0x00,0x08,0x00,0x00,
    0x0a,0x01,0x00,0x0a,0x01,0x00,0x0a,0x01,0x00,0x0b,0x01,0x00,
    0x0b,0x01,0x00,0x0c,0x01,0x01,0x0c,0x02,0x01,0x0c,0x02,0x00,
    0x0b,0x02,0x00,0x0c,0x02,0x00,0x0d,0x02,0x00,0x0e,0x03,0x01,
    0x0f,0x03,0x00,0x0e,0x03,0x00,0x0e,0x03,0x01,0x0f,0x04,0x00,
    0x0f,0x04,0x00,0x0f,0x04,0x00,0x0f,0x05,0x00,0x10,0x05,0x00,
    0x0f,0x05,0x00,0x10,0x05,0x00,0x10,0x06,0x00,0x11,0x06,0x00,
    0x12,0x07,0x00,0x13,0x07,0x00,0x14,0x07,0x00,0x15,0x08,0x00,
    0x15,0x07,0x00,0x16,0x08,0x00,0x17,0x09,0x01,0x16,0x09,0x01,
    0x16,0x09,0x01,0x16,0x09,0x00,0x17,0x09,0x01,0x17,0x08,0x00,
    0x16,0x08,0x00,0x16,0x08,0x01,0x15,0x08,0x00,0x16,0x08,0x01,
    0x15,0x08,0x00,0x16,0x07,0x00,0x16,0x07,0x00,0x18,0x07,0x00,
    0x19,0x07,0x00,0x19,0x07,0x00,0x18,0x08,0x00,0x18,0x09,0x01,
    0x1a,0x09,0x01,0x1a,0x09,0x01,0x1d,0x0b,0x01,0x1e,0x0c,0x00,
    0x1f,0x0d,0x01,0x23,0x10,0x01,0x26,0x10,0x02,0x25,0x10,0x02,
    0x25,0x10,0x01,0x26,0x10,0x01,0x27,0x10,0x02,0x29,0x11,0x03,
    0x2b,0x10,0x02,0x2c,0x10,0x02,0x2c,0x0f,0x03,0x2a,0x0e,0x02,
    0x29,0x0f,0x02,0x27,0x0f,0x02,0x27,0x0d,0x01,0x28,0x0d,0x01,
    0x26,0x0d,0x01,0x24,0x0c,0x01,0x24,0x0d,0x01,0x24,0x0c,0x01,
    0x26,0x0d,0x01,0x28,0x0d,0x02,0x29,0x0f,0x02,0x2a,0x0f,0x02,
    0x2a,0x10,0x02,0x2a,0x10,0x01,0x2a,0x0f,0x02,0x2a,0x0f,0x02,
    0x2b,0x10,0x02,0x2c,0x10,0x02,0x2c,0x10,0x02,0x2d,0x11,0x02,
    0x2f,0x11,0x03,0x30,0x11,0x02,0x2f,0x12,0x03,0x2f,0x12,0x02,
    0x2f,0x12,0x02,0x2f,0x12,0x02,0x30,0x13,0x03,0x30,0x14,0x03,
    0x31,0x13,0x04,0x32,0x15,0x04,0x32,0x15,0x04,0x2f,0x14,0x04,
    0x2d,0x13,0x03,0x2d,0x13,0x03,0x2d,0x12,0x04,0x2b,0x12,0x03,
    0x29,0x13,0x04,0x29,0x13,0x03,0x29,0x14,0x02,0x28,0x13,0x04,
    0x2a,0x14,0x04,0x29,0x14,0x03,0x29,0x14,0x04,0x2a,0x14,0x05,
    0x29,0x13,0x04,0x29,0x13,0x04,0x29,0x13,0x04,0x2a,0x14,0x04,
    0x2a,0x15,0x05,0x2a,0x15,0x05,0x2a,0x14,0x04,0x2a,0x15,0x04,
    0x2a,0x15,0x04,0x2a,0x15,0x04,0x29,0x14,0x04,0x29,0x14,0x04,
    0x04,0x00,0x00,0x05,0x00,0x00,0x06,0x00,0x00,0x06,0x00,0x00,
    0x07,0x00,0x00,0x07,0x00,0x00,0x09,0x00,0x00,0x09,0x01,0x00,
    0x0a,0x01,0x00,0x0a,0x01,0x00,0x0b,0x01,0x00,0x0b,0x01,0x00,
    0x0b,0x01,0x00,0x0b,0x02,0x01,0x0d,0x02,0x01,0x0d,0x03,0x01,
    0x0d,0x02,0x00,0x0c,0x02,0x00,0x0d,0x03,0x01,0x0e,0x03,0x00,
    0x0f,0x03,0x00,0x0f,0x04,0x00,0x0f,0x04,0x00,0x0f,0x04,0x00,
    0x10,0x05,0x00,0x10,0x05,0x00,0x10,0x05,0x00,0x10,0x05,0x00,
    0x11,0x06,0x00,0x11,0x06,0x00,0x13,0x06,0x00,0x12,0x06,0x00,
    0x13,0x07,0x01,0x14,0x07,0x00,0x15,0x08,0x00,0x15,0x08,0x00,
    0x15,0x08,0x00,0x16,0x09,0x00,0x17,0x09,0x01,0x18,0x0a,0x01,
    0x19,0x0a,0x01,0x18,0x09,0x00,0x17,0x09,0x01,0x17,0x0a,0x01,
    0x17,0x09,0x00,0x17,0x09,0x01,0x16,0x09,0x00,0x16,0x09,0x00,
    0x17,0x09,0x00,0x17,0x08,0x01,0x16,0x08,0x00,0x18,0x08,0x00,
    0x19,0x08,0x01,0x19,0x09,0x00,0x19,0x09,0x01,0x19,0x09,0x01,
    0x1b,0x0a,0x01,0x1b,0x09,0x01,0x1b,0x0a,0x01,0x1d,0x0b,0x01,
    0x1c,0x0c,0x00,0x1f,0x0d,0x00,0x22,0x0f,0x01,0x22,0x0f,0x01,
    0x23,0x11,0x01,0x26,0x12,0x02,0x2a,0x13,0x02,0x2c,0x13,0x02,
    0x2e,0x13,0x02,0x2f,0x13,0x03,0x2e,0x12,0x02,0x2f,0x12,0x03,
    0x2e,0x12,0x03,0x2e,0x12,0x03,0x2e,0x11,0x03,0x2d,0x10,0x02,
    0x2b,0x0f,0x02,0x2a,0x0f,0x02,0x28,0x0f,0x02,0x26,0x0e,0x02,
    0x27,0x0e,0x02,0x29,0x0e,0x02,0x29,0x0f,0x02,0x2c,0x10,0x03,
    0x2b,0x0f,0x02,0x2b,0x10,0x01,0x2c,0x10,0x02,0x2c,0x11,0x03,
    0x2d,0x11,0x03,0x2e,0x12,0x02,0x2d,0x11,0x01,0x2f,0x12,0x02,
    0x2f,0x12,0x02,0x30,0x12,0x03,0x2f,0x12,0x03,0x31,0x12,0x02,
    0x31,0x13,0x03,0x30,0x13,0x03,0x31,0x13,0x03,0x31,0x13,0x04,
    0x31,0x15,0x05,0x32,0x15,0x04,0x34,0x16,0x05,0x31,0x15,0x03,
    0x30,0x15,0x03,0x2e,0x14,0x04,0x2f,0x15,0x05,0x2d,0x14,0x04,
    0x2c,0x14,0x04,0x2a,0x15,0x04,0x2a,0x15,0x04,0x2a,0x15,0x04,
    0x2b,0x15,0x05,0x2b,0x14,0x04,0x2a,0x14,0x04,0x2b,0x16,0x05,
    0x2b,0x16,0x05,0x2b,0x16,0x05,0x2b,0x16,0x05,0x2b,0x16,0x05,
    0x2b,0x16,0x05,0x2c,0x16,0x05,0x2c,0x16,0x05,0x2c,0x17,0x06,
    0x2b,0x16,0x05,0x2b,0x16,0x05,0x2b,0x16,0x05,0x2b,0x16,0x04,
    0x06,0x00,0x00,0x06,0x00,0x00,0x06,0x00,0x00,0x06,0x00,0x00,
    0x07,0x00,0x01,0x09,0x00,0x00,0x09,0x00,0x00,0x09,0x01,0x00,
    0x09,0x01,0x00,0x0a,0x01,0x00,0x0b,0x01,0x00,0x0c,0x02,0x00,
    0x0b,0x01,0x00,0x0c,0x02,0x00,0x0d,0x02,0x00,0x0e,0x02,0x01,
    0x0d,0x02,0x00,0x0c,0x02,0x00,0x0d,0x03,0x01,0x0f,0x04,0x00,
    0x0f,0x04,0x00,0x0f,0x04,0x00,0x10,0x05,0x01,0x0f,0x04,0x00,
    0x11,0x05,0x00,0x10,0x05,0x00,0x12,0x05,0x00,0x12,0x06,0x00,
    0x13,0x06,0x00,0x13,0x07,0x00,0x14,0x07,0x00,0x14,0x07,0x00,
    0x12,0x08,0x00,0x14,0x08,0x00,0x15,0x08,0x00,0x15,0x09,0x01,
    0x17,0x09,0x01,0x17,0x09,0x00,0x17,0x09,0x01,0x18,0x0a,0x01,
    0x19,0x0a,0x00,0x18,0x0a,0x01,0x17,0x0a,0x01,0x18,0x0a,0x01,
    0x18,0x0a,0x01,0x18,0x0a,0x00,0x1a,0x0a,0x00,0x19,0x0a,0x01,
    0x19,0x09,0x00,0x19,0x0a,0x00,0x18,0x09,0x00,0x19,0x0a,0x01,
    0x1b,0x0a,0x01,0x1b,0x0b,0x01,0x1a,0x09,0x00,0x1b,0x0a,0x01,
    0x1b,0x0a,0x00,0x1c,0x0b,0x01,0x1b,0x0a,0x01,0x1c,0x0b,0x01,
    0x1b,0x0c,0x01,0x1d,0x0d,0x00,0x1f,0x0e,0x01,0x1f,0x0e,0x00,
    0x21,0x0f,0x01,0x24,0x12,0x02,0x28,0x13,0x02,0x2e,0x14,0x03,
    0x2f,0x14,0x03,0x2f,0x14,0x02,0x31,0x14,0x03,0x31,0x14,0x03,
    0x31,0x14,0x03,0x30,0x13,0x02,0x2f,0x13,0x03,0x2f,0x12,0x03,
    0x30,0x13,0x03,0x32,0x13,0x03,0x2f,0x12,0x03,0x2c,0x11,0x03,
    0x2a,0x10,0x03,0x2b,0x10,0x03,0x2b,0x11,0x03,0x2e,0x12,0x04,
    0x2e,0x13,0x04,0x2c,0x13,0x03,0x2d,0x12,0x03,0x2f,0x13,0x03,
    0x2e,0x12,0x02,0x2f,0x12,0x02,0x2f,0x13,0x02,0x30,0x13,0x03,
    0x30,0x13,0x03,0x30,0x14,0x03,0x31,0x13,0x04,0x33,0x14,0x04,
    0x32,0x14,0x04,0x31,0x14,0x04,0x31,0x14,0x03,0x31,0x14,0x04,
    0x33,0x16,0x04,0x33,0x16,0x04,0x33,0x17,0x04,0x32,0x16,0x04,
    0x31,0x16,0x04,0x31,0x17,0x05,0x2f,0x15,0x04,0x2f,0x15,0x04,
    0x2e,0x15,0x04,0x2c,0x16,0x04,0x2d,0x16,0x05,0x2d,0x15,0x05,
    0x2c,0x15,0x05,0x2c,0x15,0x06,0x2c,0x16,0x06,0x2d,0x17,0x06,
    0x2d,0x17,0x06,0x2c,0x17,0x06,0x2c,0x17,0x06,0x2d,0x17,0x06,
    0x2d,0x17,0x06,0x2e,0x17,0x07,0x2e,0x17,0x06,0x2e,0x16,0x05,
    0x2d,0x17,0x05,0x2c,0x17,0x05,0x2e,0x17,0x05,0x2d,0x17,0x04,
    0x06,0x00,0x00,0x07,0x00,0x00,0x07,0x00,0x00,0x08,0x00,0x00,
    0x09,0x00,0x01,0x0a,0x00,0x00,0x0a,0x01,0x00,0x0a,0x01,0x00,
    0x09,0x01,0x00,0x0a,0x01,0x00,0x0b,0x01,0x00,0x0c,0x02,0x00,
    0x0c,0x02,0x00,0x0d,0x03,0x01,0x0d,0x02,0x00,0x0d,0x03,0x01,
    0x0e,0x04,0x00,0x0e,0x04,0x00,0x0e,0x04,0x00,0x0f,0x04,0x00,
    0x0f,0x04,0x01,0x10,0x05,0x01,0x10,0x05,0x00,0x10,0x05,0x00,
    0x11,0x06,0x00,0x11,0x05,0x00,0x13,0x06,0x00,0x14,0x06,0x00,
    0x14,0x07,0x00,0x14,0x07,0x00,0x14,0x07,0x00,0x15,0x07,0x00,
    0x15,0x07,0x00,0x15,0x08,0x00,0x16,0x09,0x00,0x15,0x08,0x00,
    0x17,0x09,0x01,0x18,0x0a,0x01,0x18,0x0a,0x01,0x18,0x0a,0x01,
    0x18,0x0a,0x01,0x18,0x0a,0x01,0x18,0x0b,0x01,0x19,0x0c,0x01,
    0x19,0x0b,0x01,0x1a,0x0b,0x00,0x1b,0x0b,0x01,0x1a,0x0b,0x01,
    0x1b,0x0b,0x00,0x1c,0x0b,0x00,0x1c,0x0b,0x01,0x1b,0x0a,0x01,
    0x1c,0x0b,0x01,0x1c,0x0c,0x00,0x1b,0x0b,0x00,0x1c,0x0c,0x00,
    0x1d,0x0d,0x00,0x1d,0x0d,0x01,0x1d,0x0c,0x01,0x1d,0x0d,0x01,
    0x1b,0x0c,0x00,0x1d,0x0d,0x01,0x1e,0x0e,0x01,0x1f,0x0e,0x00,
    0x20,0x0f,0x01,0x21,0x10,0x01,0x23,0x12,0x02,0x28,0x14,0x03,
    0x2f,0x16,0x05,0x31,0x16,0x03,0x32,0x16,0x04,0x34,0x16,0x04,
    0x34,0x17,0x03,0x33,0x16,0x03,0x33,0x15,0x03,0x33,0x15,0x03,
    0x35,0x15,0x03,0x36,0x16,0x03,0x35,0x16,0x05,0x34,0x15,0x04,
    0x30,0x15,0x04,0x2f,0x13,0x03,0x30,0x13,0x03,0x30,0x15,0x03,
    0x30,0x14,0x03,0x30,0x14,0x03,0x30,0x14,0x03,0x32,0x14,0x03,
    0x31,0x13,0x03,0x30,0x14,0x02,0x31,0x14,0x03,0x32,0x14,0x02,
    0x33,0x14,0x02,0x34,0x15,0x04,0x34,0x16,0x04,0x34,0x16,0x04,
    0x35,0x17,0x06,0x33,0x16,0x05,0x33,0x17,0x05,0x33,0x16,0x04,
    0x34,0x17,0x05,0x35,0x18,0x06,0x35,0x18,0x05,0x34,0x18,0x05,
    0x33,0x18,0x05,0x32,0x18,0x05,0x31,0x17,0x05,0x30,0x16,0x05,
    0x30,0x16,0x05,0x30,0x17,0x05,0x2f,0x17,0x06,0x2e,0x16,0x05,
    0x2d,0x17,0x06,0x2e,0x17,0x07,0x2d,0x18,0x07,0x2e,0x17,0x06,
    0x2e,0x17,0x06,0x2e,0x18,0x07,0x2f,0x18,0x07,0x2f,0x18,0x06,
    0x2f,0x18,0x06,0x2e,0x18,0x06,0x2e,0x17,0x05,0x2e,0x17,0x05,
    0x2d,0x17,0x05,0x2e,0x18,0x05,0x2f,0x18,0x06,0x2e,0x18,0x05,
    0x06,0x00,0x00,0x07,0x00,0x00,0x09,0x00,0x00,0x09,0x01,0x00,
    0x09,0x01,0x00,0x0a,0x00,0x00,0x0a,0x01,0x00,0x0b,0x01,0x00,
    0x0b,0x01,0x00,0x0d,0x02,0x00,0x0c,0x02,0x00,0x0b,0x01,0x00,
    0x0c,0x02,0x00,0x0e,0x03,0x01,0x0d,0x03,0x01,0x0e,0x03,0x00,
    0x0f,0x04,0x00,0x0f,0x04,0x00,0x11,0x04,0x00,0x11,0x05,0x00,
    0x10,0x05,0x00,0x11,0x05,0x00,0x11,0x06,0x00,0x12,0x06,0x00,
    0x12,0x06,0x00,0x13,0x07,0x00,0x14,0x07,0x00,0x14,0x07,0x00,
    0x14,0x07,0x00,0x14,0x07,0x00,0x16,0x08,0x00,0x17,0x08,0x00,
    0x17,0x09,0x00,0x17,0x09,0x00,0x17,0x09,0x00,0x17,0x09,0x00,
    0x17,0x09,0x01,0x18,0x0a,0x01,0x18,0x0a,0x01,0x18,0x0b,0x01,
    0x19,0x0b,0x00,0x18,0x0c,0x01,0x19,0x0c,0x00,0x19,0x0c,0x01,
    0x1a,0x0c,0x01,0x1b,0x0c,0x01,0x1c,0x0c,0x01,0x1d,0x0d,0x00,
    0x1c,0x0c,0x00,0x1e,0x0e,0x00,0x1e,0x0d,0x01,0x1e,0x0d,0x01,
    0x1d,0x0d,0x01,0x1c,0x0d,0x01,0x1e,0x0e,0x01,0x1e,0x0e,0x01,
    0x1f,0x0e,0x01,0x1f,0x0f,0x00,0x20,0x0e,0x01,0x20,0x0e,0x02,
    0x1f,0x0e,0x01,0x1f,0x0e,0x01,0x1f,0x0f,0x00,0x21,0x0f,0x01,
    0x20,0x0f,0x01,0x21,0x10,0x01,0x23,0x13,0x02,0x25,0x13,0x03,
    0x2b,0x15,0x05,0x30,0x18,0x04,0x34,0x18,0x05,0x35,0x18,0x05,
    0x35,0x18,0x04,0x37,0x18,0x04,0x38,0x18,0x05,0x39,0x18,0x05,
    0x38,0x18,0x04,0x39,0x19,0x04,0x39,0x19,0x05,0x38,0x18,0x04,
    0x38,0x18,0x04,0x37,0x18,0x04,0x37,0x17,0x05,0x36,0x16,0x04,
    0x35,0x17,0x04,0x37,0x17,0x05,0x36,0x17,0x04,0x35,0x16,0x04,
    0x35,0x15,0x03,0x34,0x16,0x03,0x35,0x16,0x04,0x35,0x16,0x03,
    0x35,0x16,0x03,0x36,0x17,0x05,0x34,0x16,0x04,0x34,0x17,0x05,
    0x36,0x17,0x05,0x37,0x18,0x06,0x36,0x18,0x06,0x35,0x17,0x05,
    0x37,0x19,0x05,0x38,0x19,0x06,0x38,0x19,0x05,0x36,0x1a,0x06,
    0x35,0x19,0x06,0x35,0x1a,0x07,0x34,0x19,0x06,0x32,0x18,0x06,
    0x32,0x19,0x05,0x31,0x18,0x06,0x30,0x18,0x06,0x30,0x18,0x05,
    0x2f,0x19,0x05,0x2f,0x18,0x06,0x2f,0x18,0x06,0x30,0x19,0x05,
    0x2f,0x19,0x05,0x2f,0x18,0x06,0x30,0x1a,0x06,0x2f,0x19,0x05,
    0x30,0x1a,0x06,0x30,0x1a,0x05,0x31,0x1a,0x06,0x31,0x1a,0x07,
    0x2f,0x19,0x06,0x30,0x19,0x06,0x30,0x1a,0x06,0x30,0x1a,0x06,
    0x08,0x01,0x00,0x08,0x00,0x00,0x09,0x00,0x00,0x08,0x01,0x00,
    0x09,0x00,0x00,0x0a,0x01,0x00,0x0b,0x01,0x00,0x0b,0x01,0x00,
    0x0b,0x01,0x00,0x0d,0x02,0x00,0x0d,0x02,0x00,0x0c,0x02,0x00,
    0x0d,0x02,0x00,0x0e,0x03,0x01,0x0e,0x04,0x01,0x0e,0x03,0x00,
    0x10,0x04,0x00,0x10,0x04,0x00,0x11,0x05,0x00,0x13,0x06,0x00,
    0x12,0x06,0x00,0x12,0x06,0x00,0x12,0x06,0x00,0x12,0x06,0x00,
    0x13,0x07,0x00,0x13,0x07,0x00,0x15,0x07,0x00,0x15,0x08,0x00,
    0x15,0x08,0x00,0x16,0x08,0x00,0x17,0x09,0x00,0x17,0x09,0x00,
    0x18,0x0a,0x01,0x17,0x09,0x01,0x17,0x09,0x00,0x17,0x09,0x00,
    0x17,0x0a,0x01,0x18,0x0a,0x01,0x18,0x0a,0x01,0x18,0x0b,0x01,
    0x19,0x0b,0x00,0x1a,0x0c,0x00,0x1a,0x0c,0x00,0x1b,0x0c,0x01,
    0x1b,0x0d,0x00,0x1c,0x0d,0x01,0x1c,0x0e,0x01,0x1d,0x0d,0x00,
    0x1f,0x0e,0x01,0x1f,0x0f,0x00,0x1f,0x0f,0x01,0x1f,0x0f,0x01,
    0x1e,0x0e,0x01,0x1f,0x0f,0x01,0x20,0x0f,0x01,0x20,0x0f,0x02,
    0x20,0x0f,0x01,0x22,0x10,0x02,0x21,0x10,0x01,0x20,0x10,0x01,
    0x21,0x10,0x01,0x22,0x10,0x02,0x22,0x10,0x02,0x22,0x10,0x01,
    0x22,0x11,0x02,0x23,0x12,0x03,0x24,0x12,0x03,0x25,0x13,0x04,
    0x26,0x15,0x04,0x29,0x16,0x04,0x30,0x17,0x05,0x32,0x18,0x05,
    0x33,0x17,0x05,0x35,0x18,0x04,0x36,0x18,0x04,0x39,0x19,0x05,
    0x39,0x19,0x04,0x3b,0x1a,0x04,0x3d,0x19,0x05,0x3d,0x1a,0x06,
    0x3c,0x1a,0x04,0x3b,0x1a,0x05,0x3a,0x19,0x05,0x38,0x18,0x04,
    0x37,0x18,0x04,0x39,0x18,0x05,0x3d,0x1a,0x06,0x3c,0x1a,0x05,
    0x3b,0x19,0x05,0x3a,0x19,0x04,0x39,0x19,0x05,0x38,0x17,0x04,
    0x38,0x17,0x04,0x37,0x17,0x04,0x36,0x17,0x04,0x36,0x18,0x05,
    0x37,0x18,0x05,0x38,0x19,0x06,0x38,0x19,0x06,0x38,0x19,0x05,
    0x38,0x19,0x05,0x39,0x1b,0x06,0x39,0x1a,0x06,0x39,0x1b,0x08,
    0x36,0x1a,0x06,0x36,0x1a,0x07,0x35,0x19,0x06,0x34,0x19,0x06,
    0x33,0x1a,0x06,0x33,0x1a,0x06,0x30,0x19,0x05,0x30,0x19,0x05,
    0x30,0x1a,0x05,0x31,0x1a,0x06,0x31,0x19,0x05,0x33,0x19,0x06,
    0x34,0x1a,0x07,0x32,0x1a,0x06,0x32,0x1b,0x06,0x32,0x1a,0x05,
    0x32,0x1b,0x05,0x34,0x1b,0x05,0x34,0x1b,0x05,0x34,0x1b,0x06,
    0x33,0x1b,0x07,0x33,0x1b,0x07,0x32,0x1c,0x06,0x32,0x1c,0x07,
    0x0a,0x00,0x00,0x09,0x01,0x00,0x09,0x01,0x00,0x08,0x00,0x00,
    0x09,0x02,0x00,0x0b,0x01,0x00,0x0b,0x01,0x00,0x0a,0x01,0x00,
    0x0c,0x02,0x00,0x0d,0x02,0x00,0x0e,0x02,0x00,0x0e,0x03,0x01,
    0x0e,0x03,0x01,0x0e,0x04,0x00,0x0f,0x04,0x00,0x0f,0x04,0x00,
    0x10,0x04,0x01,0x12,0x04,0x01,0x12,0x05,0x01,0x13,0x06,0x00,
    0x13,0x06,0x00,0x13,0x06,0x01,0x14,0x07,0x00,0x15,0x07,0x00,
    0x15,0x07,0x00,0x15,0x08,0x01,0x15,0x08,0x00,0x15,0x08,0x00,
    0x16,0x09,0x00,0x18,0x0a,0x01,0x18,0x0a,0x00,0x18,0x0a,0x01,
    0x19,0x0b,0x00,0x18,0x0a,0x01,0x18,0x0a,0x01,0x18,0x0b,0x00,
    0x18,0x0a,0x01,0x18,0x0a,0x01,0x19,0x0b,0x00,0x19,0x0b,0x01,
    0x1b,0x0c,0x00,0x1c,0x0c,0x00,0x1c,0x0e,0x01,0x1e,0x0d,0x01,
    0x1d,0x0d,0x00,0x1f,0x0f,0x01,0x1e,0x0e,0x01,0x1f,0x0f,0x00,
    0x1f,0x0f,0x01,0x1f,0x0f,0x01,0x1f,0x0f,0x00,0x20,0x10,0x01,
    0x20,0x10,0x02,0x20,0x10,0x01,0x21,0x10,0x01,0x21,0x0f,0x01,
    0x22,0x11,0x02,0x22,0x10,0x02,0x21,0x11,0x02,0x22,0x11,0x02,
    0x23,0x11,0x03,0x23,0x11,0x03,0x24,0x12,0x04,0x24,0x13,0x03,
    0x24,0x12,0x04,0x24,0x12,0x05,0x25,0x12,0x05,0x25,0x13,0x05,
    0x25,0x14,0x04,0x24,0x13,0x03,0x26,0x14,0x04,0x29,0x16,0x04,
    0x2c,0x17,0x04,0x31,0x18,0x04,0x36,0x19,0x05,0x38,0x19,0x05,
    0x3a,0x19,0x05,0x3c,0x1a,0x05,0x3d,0x1a,0x05,0x3b,0x1a,0x06,
    0x3b,0x1b,0x05,0x3b,0x1b,0x05,0x3a,0x19,0x06,0x38,0x19,0x05,
    0x37,0x19,0x05,0x39,0x1a,0x06,0x3a,0x1b,0x06,0x3c,0x1a,0x06,
    0x3e,0x1b,0x06,0x3d,0x1a,0x06,0x3c,0x1a,0x06,0x3a,0x1a,0x05,
    0x38,0x17,0x04,0x38,0x18,0x05,0x39,0x19,0x05,0x38,0x19,0x05,
    0x3a,0x1a,0x06,0x3a,0x19,0x06,0x3a,0x1a,0x07,0x3b,0x1b,0x07,
    0x39,0x1a,0x06,0x38,0x1b,0x06,0x3a,0x1c,0x06,0x3b,0x1b,0x06,
    0x38,0x1b,0x06,0x37,0x1b,0x06,0x37,0x1c,0x07,0x36,0x1b,0x06,
    0x35,0x1a,0x06,0x35,0x1b,0x06,0x33,0x1a,0x06,0x34,0x1a,0x06,
    0x33,0x1a,0x06,0x34,0x1a,0x06,0x34,0x1a,0x05,0x35,0x1a,0x05,
    0x36,0x1b,0x06,0x35,0x1a,0x06,0x36,0x1c,0x06,0x35,0x1b,0x05,
    0x36,0x1c,0x06,0x36,0x1d,0x07,0x36,0x1d,0x07,0x35,0x1d,0x06,
    0x36,0x1e,0x07,0x36,0x1d,0x07,0x36,0x1e,0x07,0x36,0x1e,0x07,
    0x0b,0x01,0x00,0x0b,0x01,0x00,0x0b,0x01,0x00,0x0b,0x02,0x00,
    0x0a,0x02,0x00,0x0a,0x01,0x00,0x0b,0x01,0x00,0x0c,0x02,0x00,
    0x0c,0x02,0x00,0x0e,0x03,0x01,0x0e,0x03,0x00,0x0d,0x03,0x01,
    0x0f,0x04,0x00,0x10,0x04,0x00,0x10,0x03,0x00,0x11,0x04,0x01,
    0x12,0x04,0x00,0x13,0x05,0x01,0x13,0x06,0x00,0x13,0x06,0x00,
    0x14,0x07,0x00,0x14,0x07,0x00,0x15,0x07,0x00,0x16,0x07,0x00,
    0x16,0x08,0x00,0x15,0x08,0x01,0x16,0x09,0x00,0x17,0x09,0x01,
    0x17,0x09,0x01,0x19,0x0a,0x00,0x19,0x0a,0x00,0x18,0x0b,0x01,
    0x19,0x0c,0x01,0x19,0x0b,0x01,0x19,0x0c,0x01,0x19,0x0c,0x01,
    0x19,0x0b,0x01,0x1a,0x0c,0x01,0x1b,0x0c,0x00,0x1c,0x0d,0x01,
    0x1c,0x0d,0x01,0x1c,0x0d,0x01,0x1d,0x0e,0x01,0x1e,0x0e,0x01,
    0x1f,0x0e,0x01,0x20,0x10,0x01,0x20,0x0f,0x01,0x20,0x10,0x01,
    0x20,0x10,0x02,0x20,0x10,0x01,0x20,0x10,0x01,0x21,0x11,0x02,
    0x21,0x10,0x02,0x21,0x10,0x02,0x22,0x10,0x03,0x22,0x10,0x02,
    0x21,0x10,0x02,0x22,0x10,0x02,0x21,0x11,0x02,0x23,0x12,0x03,
    0x25,0x13,0x04,0x25,0x13,0x04,0x24,0x14,0x04,0x24,0x14,0x04,
    0x26,0x14,0x05,0x26,0x14,0x05,0x26,0x14,0x05,0x25,0x14,0x05,
    0x26,0x15,0x05,0x26,0x15,0x04,0x25,0x14,0x03,0x25,0x15,0x04,
    0x26,0x15,0x04,0x2b,0x16,0x04,0x31,0x19,0x05,0x34,0x1a,0x06,
    0x36,0x1a,0x05,0x39,0x1b,0x06,0x38,0x1a,0x05,0x39,0x1a,0x06,
    0x39,0x1b,0x06,0x39,0x1c,0x05,0x39,0x1b,0x06,0x38,0x1a,0x06,
    0x37,0x1b,0x06,0x39,0x1a,0x06,0x3a,0x1b,0x06,0x3c,0x1b,0x06,
    0x3f,0x1c,0x05,0x40,0x1d,0x06,0x3e,0x1b,0x06,0x3c,0x1b,0x06,
    0x3a,0x1a,0x06,0x3b,0x1a,0x07,0x3a,0x19,0x06,0x3b,0x1a,0x06,
    0x3b,0x1b,0x07,0x3d,0x1b,0x07,0x3b,0x1b,0x07,0x3b,0x1b,0x07,
    0x3b,0x1b,0x07,0x3a,0x1b,0x06,0x3c,0x1d,0x08,0x3d,0x1d,0x07,
    0x3b,0x1d,0x07,0x3a,0x1d,0x08,0x38,0x1c,0x07,0x38,0x1d,0x08,
    0x37,0x1c,0x07,0x36,0x1b,0x06,0x36,0x1b,0x06,0x38,0x1c,0x07,
    0x38,0x1c,0x07,0x37,0x1b,0x06,0x37,0x1c,0x06,0x37,0x1d,0x06,
    0x39,0x1d,0x08,0x38,0x1e,0x08,0x38,0x1e,0x07,0x39,0x1e,0x07,
    0x39,0x1e,0x08,0x38,0x1e,0x07,0x38,0x1e,0x06,0x39,0x1f,0x07,
    0x37,0x1f,0x07,0x38,0x20,0x07,0x39,0x20,0x08,0x38,0x20,0x08,
    0x0b,0x01,0x00,0x0c,0x01,0x00,0x0b,0x01,0x00,0x0b,0x01,0x00,
    0x0b,0x01,0x00,0x0c,0x02,0x00,0x0c,0x01,0x00,0x0b,0x01,0x00,
    0x0c,0x02,0x00,0x0e,0x03,0x01,0x0f,0x03,0x00,0x0e,0x03,0x00,
    0x0f,0x04,0x00,0x12,0x04,0x01,0x12,0x04,0x00,0x13,0x06,0x00,
    0x13,0x05,0x00,0x13,0x06,0x00,0x14,0x07,0x00,0x14,0x07,0x00,
    0x14,0x07,0x00,0x15,0x08,0x00,0x15,0x07,0x00,0x17,0x09,0x00,
    0x16,0x09,0x00,0x16,0x09,0x01,0x18,0x0a,0x01,0x18,0x0a,0x01,
    0x17,0x0b,0x00,0x19,0x0b,0x01,0x19,0x0c,0x01,0x19,0x0c,0x00,
    0x1b,0x0c,0x01,0x1b,0x0c,0x01,0x1b,0x0c,0x01,0x1b,0x0c,0x01,
    0x1b,0x0d,0x01,0x1b,0x0d,0x01,0x1d,0x0e,0x00,0x1e,0x0e,0x00,
    0x1e,0x0e,0x01,0x1f,0x0f,0x01,0x1f,0x0f,0x01,0x20,0x10,0x01,
    0x20,0x10,0x01,0x21,0x11,0x01,0x21,0x11,0x02,0x21,0x11,0x02,
    0x22,0x12,0x02,0x22,0x11,0x02,0x22,0x11,0x02,0x23,0x12,0x03,
    0x22,0x11,0x02,0x22,0x11,0x03,0x24,0x11,0x03,0x24,0x11,0x03,
    0x22,0x12,0x03,0x23,0x13,0x04,0x24,0x14,0x04,0x25,0x14,0x04,
    0x26,0x15,0x05,0x26,0x15,0x05,0x26,0x15,0x05,0x27,0x15,0x05,
    0x27,0x16,0x06,0x28,0x16,0x06,0x27,0x16,0x06,0x28,0x17,0x07,
    0x28,0x17,0x06,0x29,0x17,0x06,0x28,0x17,0x05,0x27,0x16,0x04,
    0x27,0x15,0x04,0x29,0x16,0x05,0x2d,0x18,0x05,0x30,0x1a,0x05,
    0x31,0x1b,0x05,0x32,0x1b,0x05,0x34,0x1b,0x06,0x35,0x1c,0x06,
    0x35,0x1c,0x06,0x36,0x1b,0x06,0x37,0x1b,0x06,0x37,0x1a,0x06,
    0x38,0x1b,0x06,0x3a,0x1b,0x06,0x3b,0x1c,0x07,0x3d,0x1d,0x06,
    0x41,0x1e,0x07,0x42,0x1f,0x06,0x42,0x1e,0x06,0x40,0x1d,0x07,
    0x3f,0x1c,0x07,0x3d,0x1c,0x07,0x3e,0x1c,0x07,0x3d,0x1c,0x07,
    0x3c,0x1c,0x07,0x40,0x1e,0x09,0x40,0x1e,0x08,0x3e,0x1e,0x08,
    0x3e,0x1d,0x08,0x3c,0x1d,0x07,0x3d,0x1d,0x08,0x3f,0x1e,0x07,
    0x3f,0x1f,0x07,0x3e,0x1e,0x07,0x3c,0x1e,0x07,0x39,0x1d,0x07,
    0x39,0x1e,0x08,0x38,0x1e,0x07,0x39,0x1e,0x08,0x3a,0x1e,0x07,
    0x3a,0x1e,0x08,0x3a,0x1e,0x07,0x3a,0x1f,0x07,0x3b,0x1f,0x07,
    0x3b,0x1f,0x08,0x3b,0x20,0x08,0x3c,0x20,0x08,0x3c,0x20,0x07,
    0x3c,0x20,0x07,0x3c,0x21,0x08,0x3c,0x21,0x07,0x3b,0x21,0x07,
    0x3b,0x21,0x07,0x3b,0x22,0x08,0x3b,0x21,0x09,0x3a,0x21,0x08,
    0x0b,0x01,0x00,0x0b,0x01,0x00,0x0b,0x02,0x00,0x0b,0x02,0x00,
    0x0c,0x02,0x00,0x0c,0x02,0x00,0x0c,0x02,0x00,0x0d,0x02,0x01,
    0x0e,0x03,0x01,0x0e,0x03,0x01,0x10,0x03,0x01,0x0f,0x04,0x00,
    0x10,0x05,0x00,0x12,0x05,0x00,0x12,0x06,0x00,0x13,0x06,0x00,
    0x13,0x06,0x00,0x13,0x07,0x00,0x14,0x07,0x01,0x14,0x07,0x00,
    0x15,0x07,0x00,0x15,0x08,0x00,0x16,0x09,0x00,0x17,0x09,0x01,
    0x17,0x0a,0x01,0x18,0x0a,0x00,0x19,0x0b,0x01,0x19,0x0b,0x01,
    0x1a,0x0c,0x00,0x1a,0x0d,0x01,0x1a,0x0d,0x00,0x1b,0x0d,0x01,
    0x1b,0x0d,0x00,0x1d,0x0d,0x00,0x1c,0x0d,0x01,0x1d,0x0e,0x01,
    0x1e,0x0e,0x00,0x1e,0x0f,0x01,0x1f,0x0f,0x01,0x20,0x10,0x01,
    0x1f,0x0f,0x01,0x20,0x10,0x01,0x21,0x11,0x02,0x21,0x11,0x02,
    0x22,0x12,0x02,0x22,0x12,0x02,0x22,0x11,0x02,0x22,0x12,0x02,
    0x23,0x13,0x03,0x24,0x13,0x03,0x25,0x14,0x03,0x25,0x14,0x04,
    0x25,0x14,0x04,0x25,0x14,0x04,0x25,0x14,0x04,0x25,0x14,0x04,
    0x26,0x15,0x05,0x25,0x14,0x05,0x26,0x15,0x05,0x26,0x15,0x05,
    0x27,0x16,0x06,0x28,0x17,0x07,0x28,0x16,0x06,0x29,0x16,0x06,
    0x29,0x17,0x06,0x2a,0x18,0x06,0x29,0x18,0x07,0x29,0x18,0x07,
    0x2a,0x17,0x06,0x2b,0x18,0x06,0x2b,0x19,0x06,0x2a,0x18,0x05,
    0x2a,0x18,0x06,0x2a,0x17,0x06,0x2d,0x19,0x06,0x2f,0x19,0x07,
    0x30,0x1a,0x07,0x31,0x1b,0x06,0x32,0x1b,0x06,0x32,0x1c,0x07,
    0x33,0x1c,0x06,0x35,0x1c,0x06,0x36,0x1d,0x07,0x38,0x1d,0x08,
    0x39,0x1e,0x07,0x3c,0x1e,0x07,0x3d,0x1f,0x08,0x3f,0x1f,0x07,
    0x43,0x1f,0x07,0x43,0x20,0x07,0x44,0x20,0x07,0x43,0x1f,0x06,
    0x42,0x1f,0x07,0x41,0x1e,0x07,0x3f,0x1e,0x07,0x3e,0x1d,0x07,
    0x3d,0x1c,0x08,0x3f,0x1e,0x08,0x42,0x1f,0x09,0x41,0x1f,0x09,
    0x3f,0x1e,0x08,0x40,0x20,0x09,0x41,0x20,0x09,0x41,0x20,0x09,
    0x42,0x21,0x09,0x41,0x21,0x09,0x3f,0x20,0x07,0x3e,0x20,0x08,
    0x3c,0x20,0x09,0x3d,0x21,0x09,0x3d,0x20,0x08,0x3e,0x21,0x08,
    0x3d,0x20,0x09,0x3c,0x20,0x08,0x3c,0x20,0x07,0x3d,0x21,0x07,
    0x3e,0x22,0x08,0x3e,0x23,0x08,0x3e,0x24,0x09,0x3f,0x23,0x08,
    0x3e,0x23,0x08,0x40,0x24,0x09,0x3f,0x24,0x09,0x3f,0x24,0x09,
    0x3e,0x24,0x08,0x3f,0x24,0x09,0x3e,0x24,0x09,0x3d,0x23,0x0a,
    0x0c,0x02,0x00,0x0c,0x02,0x00,0x0c,0x02,0x00,0x0b,0x02,0x00,
    0x0c,0x02,0x00,0x0c,0x02,0x00,0x0d,0x03,0x01,0x0e,0x03,0x01,
    0x0e,0x03,0x01,0x0f,0x04,0x00,0x11,0x03,0x00,0x0f,0x04,0x00,
    0x11,0x05,0x00,0x13,0x06,0x00,0x13,0x06,0x00,0x14,0x06,0x00,
    0x15,0x07,0x01,0x15,0x07,0x00,0x14,0x06,0x00,0x16,0x08,0x00,
    0x17,0x08,0x00,0x17,0x09,0x00,0x18,0x09,0x01,0x18,0x0a,0x01,
    0x19,0x0b,0x01,0x19,0x0b,0x01,0x1a,0x0c,0x01,0x1a,0x0c,0x01,
    0x1b,0x0d,0x00,0x1c,0x0e,0x00,0x1d,0x0e,0x01,0x1c,0x0e,0x01,
    0x1c,0x0e,0x01,0x1e,0x0f,0x01,0x1e,0x0f,0x00,0x1e,0x10,0x00,
    0x1e,0x10,0x01,0x1f,0x10,0x01,0x20,0x10,0x01,0x21,0x11,0x01,
    0x21,0x11,0x02,0x22,0x12,0x03,0x22,0x12,0x02,0x21,0x11,0x02,
    0x23,0x13,0x03,0x22,0x12,0x03,0x23,0x13,0x03,0x24,0x14,0x04,
    0x24,0x14,0x03,0x25,0x15,0x05,0x25,0x15,0x05,0x26,0x15,0x05,
    0x26,0x15,0x05,0x27,0x16,0x05,0x27,0x16,0x04,0x27,0x16,0x05,
    0x26,0x15,0x05,0x28,0x17,0x06,0x28,0x17,0x06,0x27,0x16,0x06,
    0x28,0x17,0x07,0x29,0x17,0x07,0x29,0x17,0x08,0x29,0x18,0x06,
    0x29,0x19,0x07,0x2b,0x19,0x07,0x2c,0x19,0x08,0x2d,0x1a,0x08,
    0x2d,0x1a,0x07,0x2d,0x1b,0x07,0x2e,0x1b,0x07,0x2e,0x1b,0x07,
    0x2e,0x1b,0x07,0x2e,0x1a,0x07,0x2f,0x1a,0x06,0x2f,0x1a,0x07,
    0x2f,0x1a,0x08,0x31,0x1c,0x08,0x34,0x1c,0x07,0x34,0x1c,0x07,
    0x37,0x1e,0x08,0x39,0x1f,0x09,0x3a,0x1f,0x07,0x3e,0x20,0x08,
    0x40,0x22,0x08,0x42,0x22,0x08,0x43,0x23,0x09,0x45,0x23,0x08,
    0x47,0x23,0x08,0x49,0x24,0x08,0x49,0x24,0x08,0x47,0x22,0x08,
    0x46,0x21,0x07,0x44,0x20,0x07,0x44,0x20,0x07,0x42,0x20,0x07,
    0x3f,0x1f,0x08,0x41,0x1e,0x08,0x43,0x1f,0x08,0x44,0x21,0x09,
    0x44,0x20,0x08,0x44,0x21,0x09,0x44,0x22,0x09,0x45,0x23,0x09,
    0x45,0x23,0x0b,0x43,0x23,0x09,0x41,0x22,0x08,0x40,0x22,0x09,
    0x40,0x22,0x08,0x40,0x22,0x08,0x40,0x22,0x08,0x41,0x23,0x09,
    0x41,0x23,0x09,0x41,0x23,0x08,0x41,0x22,0x08,0x40,0x23,0x09,
    0x40,0x24,0x08,0x41,0x24,0x08,0x41,0x24,0x09,0x43,0x25,0x0b,
    0x42,0x26,0x0b,0x44,0x26,0x0b,0x44,0x26,0x0b,0x42,0x26,0x0b,
    0x42,0x25,0x09,0x41,0x25,0x08,0x42,0x25,0x0a,0x43,0x25,0x0b,
    0x0d,0x02,0x00,0x0d,0x02,0x00,0x0d,0x02,0x00,0x0d,0x03,0x00,
    0x0c,0x02,0x01,0x0d,0x03,0x01,0x0f,0x04,0x00,0x0f,0x04,0x01,
    0x10,0x04,0x01,0x11,0x03,0x00,0x11,0x04,0x00,0x11,0x05,0x00,
    0x12,0x06,0x00,0x14,0x05,0x00,0x15,0x06,0x00,0x15,0x07,0x00,
    0x16,0x07,0x00,0x16,0x07,0x00,0x17,0x08,0x00,0x17,0x09,0x00,
    0x17,0x09,0x01,0x18,0x0a,0x01,0x19,0x0b,0x00,0x19,0x0b,0x01,
    0x19,0x0b,0x00,0x1a,0x0c,0x01,0x1b,0x0d,0x01,0x1b,0x0e,0x01,
    0x1b,0x0e,0x01,0x1c,0x0e,0x01,0x1e,0x0f,0x01,0x1f,0x10,0x01,
    0x1f,0x0f,0x01,0x1f,0x10,0x01,0x20,0x11,0x01,0x20,0x11,0x01,
    0x21,0x12,0x02,0x21,0x11,0x02,0x21,0x12,0x03,0x22,0x12,0x02,
    0x22,0x12,0x03,0x23,0x12,0x03,0x24,0x13,0x03,0x24,0x14,0x04,
    0x24,0x14,0x04,0x24,0x14,0x04,0x25,0x15,0x05,0x26,0x15,0x05,
    0x26,0x15,0x05,0x27,0x16,0x06,0x27,0x16,0x06,0x27,0x16,0x05,
    0x27,0x17,0x05,0x27,0x16,0x04,0x28,0x17,0x06,0x29,0x18,0x06,
    0x28,0x17,0x06,0x29,0x18,0x06,0x29,0x17,0x06,0x2a,0x18,0x07,
    0x2b,0x18,0x07,0x2b,0x18,0x07,0x2b,0x18,0x07,0x2c,0x1a,0x07,
    0x2d,0x1a,0x07,0x2d,0x1a,0x08,0x2e,0x1b,0x08,0x2f,0x1b,0x08,
    0x2e,0x1b,0x09,0x30,0x1d,0x08,0x32,0x1d,0x08,0x31,0x1d,0x07,
    0x32,0x1d,0x08,0x32,0x1d,0x08,0x31,0x1d,0x07,0x32,0x1c,0x08,
    0x32,0x1d,0x08,0x33,0x1d,0x07,0x36,0x1d,0x07,0x38,0x1f,0x08,
    0x3b,0x20,0x08,0x3c,0x20,0x08,0x3f,0x22,0x08,0x42,0x23,0x08,
    0x43,0x23,0x09,0x44,0x25,0x09,0x46,0x25,0x09,0x49,0x26,0x0a,
    0x4b,0x27,0x0b,0x4d,0x27,0x09,0x4e,0x28,0x0a,0x4d,0x27,0x0a,
    0x4b,0x25,0x09,0x49,0x23,0x09,0x4a,0x24,0x09,0x48,0x23,0x08,
    0x48,0x23,0x08,0x48,0x23,0x09,0x47,0x22,0x09,0x47,0x23,0x09,
    0x46,0x22,0x08,0x46,0x22,0x09,0x46,0x23,0x09,0x46,0x24,0x09,
    0x47,0x25,0x0a,0x46,0x25,0x0a,0x46,0x25,0x0a,0x45,0x25,0x0a,
    0x46,0x25,0x0a,0x45,0x25,0x0a,0x43,0x24,0x0a,0x42,0x23,0x0a,
    0x44,0x25,0x0a,0x44,0x26,0x09,0x43,0x25,0x09,0x42,0x25,0x0b,
    0x42,0x25,0x0a,0x43,0x26,0x09,0x43,0x26,0x0a,0x45,0x27,0x0c,
    0x45,0x27,0x0b,0x45,0x27,0x0b,0x45,0x27,0x0b,0x44,0x27,0x0a,
    0x46,0x29,0x0c,0x45,0x28,0x0a,0x44,0x27,0x0a,0x45,0x27,0x0b,
    0x0e,0x03,0x01,0x0e,0x03,0x00,0x0e,0x03,0x00,0x0e,0x03,0x01,
    0x0d,0x05,0x00,0x0e,0x04,0x01,0x0f,0x04,0x00,0x10,0x04,0x00,
    0x12,0x05,0x00,0x13,0x05,0x00,0x13,0x06,0x00,0x13,0x06,0x00,
    0x13,0x07,0x00,0x15,0x07,0x00,0x16,0x07,0x00,0x16,0x08,0x00,
    0x16,0x08,0x00,0x17,0x09,0x00,0x18,0x0a,0x00,0x19,0x0a,0x01,
    0x1a,0x0b,0x01,0x19,0x0b,0x00,0x1a,0x0c,0x00,0x1c,0x0c,0x01,
    0x1d,0x0d,0x01,0x1e,0x0e,0x01,0x1c,0x0e,0x01,0x1c,0x0f,0x01,
    0x1d,0x10,0x00,0x1e,0x0f,0x01,0x20,0x10,0x03,0x21,0x11,0x02,
    0x21,0x12,0x02,0x20,0x11,0x01,0x22,0x12,0x02,0x23,0x13,0x03,
    0x23,0x13,0x03,0x23,0x13,0x03,0x24,0x14,0x03,0x25,0x14,0x04,
    0x25,0x14,0x05,0x25,0x15,0x04,0x25,0x16,0x04,0x26,0x16,0x05,
    0x26,0x16,0x05,0x27,0x17,0x05,0x27,0x17,0x05,0x29,0x18,0x05,
    0x28,0x17,0x06,0x29,0x18,0x06,0x28,0x17,0x06,0x29,0x18,0x07,
    0x2a,0x19,0x07,0x2a,0x19,0x07,0x2b,0x19,0x07,0x2b,0x1a,0x07,
    0x2c,0x1a,0x07,0x2d,0x1a,0x08,0x2e,0x1b,0x07,0x2d,0x1b,0x07,
    0x2f,0x1b,0x08,0x2f,0x1b,0x08,0x2e,0x1b,0x07,0x30,0x1d,0x07,
    0x31,0x1c,0x07,0x31,0x1c,0x08,0x32,0x1d,0x08,0x32,0x1d,0x08,
    0x32,0x1d,0x08,0x33,0x1e,0x08,0x35,0x1f,0x08,0x35,0x20,0x08,
    0x35,0x20,0x08,0x36,0x20,0x08,0x37,0x20,0x08,0x37,0x20,0x08,
    0x37,0x20,0x08,0x36,0x20,0x08,0x38,0x20,0x08,0x39,0x21,0x09,
    0x3b,0x22,0x09,0x3c,0x22,0x09,0x3e,0x23,0x08,0x41,0x25,0x09,
    0x42,0x24,0x09,0x44,0x25,0x09,0x45,0x26,0x0a,0x49,0x27,0x0b,
    0x4b,0x28,0x0c,0x4e,0x29,0x0b,0x50,0x2a,0x0b,0x51,0x2a,0x0b,
    0x50,0x29,0x0a,0x50,0x28,0x0a,0x4f,0x29,0x0a,0x4f,0x28,0x0a,
    0x4f,0x28,0x0b,0x4b,0x27,0x0a,0x4a,0x25,0x0a,0x49,0x26,0x0b,
    0x49,0x26,0x0b,0x49,0x25,0x0b,0x49,0x26,0x0b,0x48,0x25,0x0a,
    0x48,0x26,0x0b,0x48,0x27,0x0b,0x49,0x27,0x0b,0x49,0x27,0x0b,
    0x4a,0x28,0x0c,0x4a,0x28,0x0c,0x48,0x27,0x0b,0x46,0x27,0x0b,
    0x46,0x26,0x0c,0x45,0x27,0x0b,0x45,0x27,0x0b,0x45,0x27,0x0d,
    0x46,0x28,0x0c,0x45,0x27,0x0b,0x46,0x28,0x0c,0x46,0x29,0x0c,
    0x47,0x29,0x0c,0x47,0x2a,0x0c,0x47,0x2a,0x0d,0x47,0x2a,0x0c,
    0x47,0x2b,0x0d,0x47,0x2b,0x0d,0x47,0x2a,0x0c,0x47,0x2a,0x0c,
    0x10,0x05,0x01,0x0f,0x05,0x00,0x0f,0x05,0x00,0x11,0x06,0x00,
    0x0f,0x05,0x00,0x10,0x05,0x00,0x11,0x06,0x00,0x13,0x06,0x01,
    0x14,0x07,0x00,0x14,0x08,0x00,0x15,0x08,0x00,0x15,0x08,0x00,
    0x15,0x08,0x00,0x16,0x09,0x00,0x18,0x0a,0x00,0x18,0x0b,0x01,
    0x19,0x0a,0x00,0x1b,0x0b,0x01,0x1c,0x0c,0x00,0x1c,0x0c,0x00,
    0x1c,0x0c,0x00,0x1d,0x0e,0x01,0x1d,0x0e,0x01,0x1f,0x0f,0x01,
    0x1f,0x0f,0x01,0x20,0x10,0x01,0x20,0x10,0x01,0x20,0x11,0x02,
    0x21,0x11,0x02,0x22,0x12,0x03,0x22,0x12,0x03,0x22,0x13,0x03,
    0x22,0x13,0x03,0x22,0x13,0x03,0x22,0x14,0x04,0x25,0x15,0x05,
    0x25,0x15,0x05,0x25,0x15,0x05,0x26,0x15,0x05,0x27,0x16,0x04,
    0x27,0x17,0x05,0x27,0x16,0x04,0x28,0x17,0x05,0x28,0x17,0x05,
    0x29,0x18,0x05,0x29,0x19,0x06,0x2a,0x19,0x07,0x2a,0x19,0x06,
    0x2a,0x19,0x07,0x2b,0x1a,0x07,0x2b,0x19,0x07,0x2b,0x1a,0x07,
    0x2d,0x1b,0x08,0x2f,0x1b,0x08,0x2f,0x1c,0x08,0x2f,0x1d,0x07,
    0x30,0x1c,0x07,0x32,0x1d,0x08,0x31,0x1e,0x09,0x31,0x1d,0x08,
    0x31,0x1d,0x08,0x31,0x1e,0x07,0x31,0x1e,0x08,0x32,0x1f,0x08,
    0x33,0x1f,0x08,0x34,0x1e,0x08,0x35,0x1f,0x09,0x36,0x20,0x09,
    0x36,0x20,0x09,0x36,0x21,0x09,0x36,0x21,0x0a,0x37,0x22,0x0a,
    0x39,0x22,0x0a,0x39,0x23,0x0a,0x39,0x22,0x09,0x3a,0x23,0x0a,
    0x3b,0x24,0x0c,0x3b,0x23,0x0a,0x3c,0x24,0x0a,0x3c,0x24,0x0a,
    0x3d,0x24,0x0a,0x3d,0x25,0x0b,0x3e,0x25,0x0a,0x40,0x26,0x0b,
    0x42,0x27,0x0b,0x42,0x27,0x0a,0x43,0x28,0x0b,0x47,0x28,0x0c,
    0x4a,0x29,0x0c,0x4d,0x2a,0x0c,0x4e,0x2b,0x0b,0x4f,0x2a,0x0d,
    0x51,0x2b,0x0c,0x4f,0x2a,0x0a,0x4f,0x2b,0x0b,0x51,0x2b,0x0b,
    0x51,0x2a,0x0b,0x52,0x2c,0x0c,0x4f,0x2a,0x0c,0x4d,0x2a,0x0d,
    0x4d,0x2a,0x0c,0x4e,0x2b,0x0d,0x4c,0x29,0x0d,0x4b,0x29,0x0d,
    0x4c,0x2b,0x0d,0x4b,0x2a,0x0d,0x4d,0x2b,0x0e,0x4d,0x2b,0x0d,
    0x4d,0x2b,0x0d,0x4d,0x2b,0x0d,0x4c,0x2b,0x0d,0x4c,0x2b,0x0c,
    0x4c,0x2b,0x0d,0x4a,0x2a,0x0d,0x4a,0x2a,0x0d,0x4a,0x2b,0x0e,
    0x49,0x2b,0x0d,0x49,0x2b,0x0e,0x49,0x2c,0x0e,0x4a,0x2d,0x0f,
    0x4a,0x2d,0x0e,0x4a,0x2d,0x0d,0x4a,0x2d,0x0e,0x4a,0x2d,0x0e,
    0x4a,0x2d,0x0e,0x4a,0x2d,0x0d,0x4a,0x2d,0x0d,0x4b,0x2d,0x0d,
    0x11,0x05,0x00,0x12,0x06,0x00,0x12,0x06,0x00,0x13,0x06,0x00,
    0x12,0x06,0x00,0x11,0x06,0x00,0x13,0x07,0x00,0x14,0x07,0x00,
    0x15,0x08,0x00,0x16,0x08,0x00,0x16,0x09,0x00,0x17,0x09,0x01,
    0x17,0x09,0x01,0x18,0x0a,0x01,0x1a,0x0a,0x00,0x1c,0x0b,0x01,
    0x1c,0x0b,0x01,0x1d,0x0c,0x01,0x1e,0x0c,0x01,0x1d,0x0d,0x01,
    0x1e,0x0e,0x01,0x1f,0x0e,0x01,0x1f,0x0e,0x02,0x20,0x0f,0x01,
    0x20,0x0f,0x01,0x20,0x11,0x01,0x21,0x11,0x02,0x22,0x12,0x03,
    0x22,0x12,0x03,0x23,0x13,0x03,0x23,0x13,0x03,0x24,0x14,0x04,
    0x24,0x14,0x04,0x25,0x15,0x04,0x26,0x16,0x05,0x25,0x15,0x05,
    0x27,0x16,0x05,0x26,0x16,0x05,0x27,0x17,0x05,0x28,0x17,0x05,
    0x29,0x17,0x05,0x2a,0x19,0x06,0x2b,0x1a,0x06,0x2c,0x19,0x07,
    0x2c,0x1a,0x07,0x2d,0x1b,0x07,0x2c,0x1a,0x07,0x2d,0x1b,0x07,
    0x2e,0x1c,0x08,0x2d,0x1b,0x07,0x2f,0x1d,0x08,0x2f,0x1c,0x07,
    0x31,0x1d,0x08,0x33,0x1e,0x08,0x33,0x1f,0x08,0x34,0x20,0x08,
    0x34,0x1f,0x08,0x34,0x1f,0x09,0x34,0x20,0x08,0x35,0x20,0x09,
    0x36,0x21,0x09,0x36,0x21,0x09,0x36,0x21,0x09,0x36,0x20,0x08,
    0x37,0x21,0x09,0x37,0x21,0x09,0x38,0x21,0x0a,0x38,0x21,0x09,
    0x39,0x22,0x0a,0x3a,0x23,0x0b,0x3a,0x23,0x0b,0x3b,0x24,0x0c,
    0x3d,0x24,0x0b,0x3c,0x24,0x0c,0x3d,0x25,0x0b,0x3e,0x25,0x0c,
    0x3f,0x25,0x0c,0x3f,0x26,0x0c,0x40,0x26,0x0c,0x40,0x26,0x0c,
    0x40,0x26,0x0c,0x40,0x26,0x0c,0x42,0x27,0x0c,0x43,0x28,0x0d,
    0x43,0x29,0x0d,0x44,0x29,0x0b,0x44,0x29,0x0c,0x47,0x2a,0x0d,
    0x48,0x2a,0x0d,0x4a,0x2b,0x0d,0x4d,0x2c,0x0d,0x4f,0x2c,0x0e,
    0x4f,0x2c,0x0e,0x4f,0x2c,0x0c,0x51,0x2d,0x0c,0x52,0x2c,0x0c,
    0x54,0x2d,0x0d,0x54,0x2d,0x0d,0x54,0x2e,0x0d,0x53,0x2d,0x0e,
    0x53,0x2e,0x0d,0x53,0x2e,0x0e,0x50,0x2d,0x0e,0x51,0x2e,0x0e,
    0x51,0x2d,0x0d,0x51,0x2d,0x0e,0x51,0x2e,0x0e,0x54,0x30,0x0f,
    0x53,0x2f,0x0e,0x53,0x2f,0x0e,0x52,0x2f,0x0e,0x51,0x2e,0x0d,
    0x51,0x2e,0x0d,0x4f,0x2e,0x0e,0x4f,0x2e,0x0d,0x4f,0x2e,0x0f,
    0x4f,0x2e,0x0f,0x4e,0x2e,0x0f,0x4e,0x2f,0x0e,0x4e,0x30,0x0e,
    0x4e,0x30,0x0f,0x4e,0x30,0x0f,0x4e,0x30,0x0e,0x4e,0x30,0x0e,
    0x4f,0x30,0x0e,0x4e,0x30,0x0d,0x4e,0x2f,0x0d,0x4e,0x30,0x0e,
    0x13,0x06,0x00,0x14,0x07,0x00,0x14,0x07,0x00,0x14,0x07,0x00,
    0x14,0x07,0x00,0x15,0x07,0x00,0x16,0x08,0x00,0x16,0x08,0x00,
    0x17,0x09,0x00,0x17,0x09,0x00,0x18,0x0a,0x01,0x18,0x0a,0x00,
    0x19,0x0b,0x01,0x1a,0x0b,0x01,0x1c,0x0b,0x01,0x1d,0x0d,0x01,
    0x1e,0x0d,0x01,0x1f,0x0d,0x01,0x20,0x0e,0x01,0x21,0x0f,0x01,
    0x21,0x0f,0x01,0x21,0x0f,0x01,0x21,0x10,0x01,0x22,0x11,0x01,
    0x23,0x11,0x03,0x24,0x12,0x03,0x22,0x12,0x03,0x23,0x13,0x04,
    0x24,0x14,0x04,0x25,0x14,0x04,0x25,0x14,0x04,0x27,0x16,0x05,
    0x27,0x16,0x04,0x27,0x16,0x04,0x28,0x16,0x05,0x29,0x17,0x05,
    0x29,0x18,0x05,0x2b,0x19,0x06,0x2c,0x19,0x05,0x2d,0x19,0x06,
    0x2e,0x1a,0x06,0x2e,0x1b,0x06,0x2f,0x1c,0x07,0x30,0x1c,0x07,
    0x31,0x1c,0x07,0x31,0x1c,0x07,0x31,0x1d,0x08,0x30,0x1d,0x07,
    0x31,0x1d,0x08,0x32,0x1e,0x09,0x33,0x1f,0x08,0x34,0x20,0x09,
    0x34,0x20,0x09,0x35,0x20,0x08,0x37,0x21,0x09,0x38,0x22,0x0a,
    0x38,0x22,0x0a,0x39,0x23,0x0a,0x39,0x23,0x0b,0x3a,0x23,0x0b,
    0x3a,0x23,0x0b,0x3b,0x24,0x0c,0x3c,0x24,0x0a,0x3b,0x23,0x0a,
    0x3c,0x24,0x0b,0x3c,0x25,0x0b,0x3d,0x25,0x0a,0x3e,0x25,0x0c,
    0x3d,0x25,0x0b,0x3f,0x26,0x0c,0x40,0x26,0x0c,0x40,0x26,0x0d,
    0x41,0x26,0x0d,0x41,0x27,0x0c,0x42,0x28,0x0d,0x42,0x28,0x0d,
    0x42,0x28,0x0d,0x42,0x28,0x0d,0x43,0x28,0x0c,0x43,0x29,0x0c,
    0x43,0x29,0x0d,0x44,0x29,0x0d,0x44,0x2a,0x0d,0x45,0x2a,0x0d,
    0x46,0x2b,0x0d,0x47,0x2c,0x0e,0x47,0x2c,0x0e,0x48,0x2c,0x0d,
    0x49,0x2c,0x0e,0x4b,0x2c,0x0d,0x4d,0x2d,0x0e,0x4e,0x2d,0x0e,
    0x50,0x2f,0x0f,0x51,0x2e,0x0e,0x52,0x2f,0x0e,0x54,0x30,0x0e,
    0x57,0x30,0x0f,0x57,0x32,0x0f,0x57,0x30,0x0e,0x58,0x31,0x0f,
    0x57,0x31,0x0e,0x56,0x31,0x0f,0x54,0x30,0x0e,0x53,0x30,0x0e,
    0x53,0x30,0x0f,0x54,0x30,0x0f,0x55,0x31,0x0f,0x59,0x33,0x0f,
    0x5a,0x33,0x10,0x5b,0x34,0x10,0x5a,0x33,0x0f,0x59,0x32,0x0f,
    0x5a,0x33,0x10,0x59,0x33,0x11,0x57,0x33,0x10,0x55,0x32,0x11,
    0x54,0x32,0x11,0x52,0x32,0x10,0x52,0x33,0x11,0x53,0x32,0x10,
    0x50,0x33,0x0f,0x52,0x32,0x10,0x53,0x32,0x0f,0x51,0x33,0x0d,
    0x53,0x33,0x0e,0x53,0x32,0x0e,0x52,0x33,0x0f,0x52,0x32,0x0f,
    0x14,0x07,0x01,0x15,0x07,0x00,0x15,0x07,0x00,0x15,0x07,0x00,
    0x16,0x07,0x00,0x17,0x09,0x00,0x17,0x09,0x00,0x17,0x09,0x00,
    0x18,0x0b,0x01,0x18,0x0a,0x00,0x18,0x0a,0x00,0x1a,0x0b,0x01,
    0x1c,0x0c,0x01,0x1d,0x0c,0x00,0x1d,0x0d,0x00,0x1f,0x0d,0x01,
    0x20,0x0e,0x00,0x21,0x0f,0x01,0x22,0x11,0x01,0x22,0x11,0x01,
    0x22,0x11,0x01,0x23,0x12,0x02,0x23,0x12,0x02,0x23,0x12,0x02,
    0x24,0x13,0x04,0x25,0x14,0x04,0x25,0x14,0x04,0x26,0x15,0x05,
    0x26,0x16,0x05,0x27,0x16,0x05,0x28,0x15,0x04,0x2a,0x17,0x06,
    0x29,0x18,0x05,0x2a,0x19,0x05,0x2b,0x19,0x05,0x2d,0x1a,0x06,
    0x2e,0x1a,0x06,0x2f,0x1a,0x06,0x30,0x1b,0x06,0x30,0x1b,0x06,
    0x31,0x1c,0x07,0x32,0x1d,0x07,0x33,0x1e,0x08,0x34,0x1f,0x08,
    0x34,0x20,0x08,0x34,0x20,0x08,0x34,0x20,0x08,0x35,0x20,0x08,
    0x36,0x21,0x09,0x37,0x22,0x0a,0x37,0x22,0x09,0x38,0x23,0x0a,
    0x38,0x23,0x0a,0x39,0x22,0x0a,0x3a,0x24,0x0c,0x3c,0x24,0x0c,
    0x3e,0x25,0x0c,0x3d,0x25,0x0b,0x3e,0x26,0x0b,0x3f,0x26,0x0b,
    0x3e,0x26,0x0b,0x40,0x26,0x0c,0x40,0x27,0x0c,0x3f,0x26,0x0a,
    0x40,0x26,0x0b,0x41,0x27,0x0c,0x41,0x27,0x0b,0x41,0x27,0x0c,
    0x42,0x28,0x0d,0x43,0x28,0x0d,0x45,0x2a,0x0e,0x45,0x29,0x0e,
    0x46,0x2a,0x0e,0x47,0x2b,0x0e,0x46,0x29,0x0d,0x46,0x2a,0x0d,
    0x46,0x2b,0x0e,0x46,0x2a,0x0d,0x46,0x2b,0x0d,0x46,0x2b,0x0e,
    0x46,0x2a,0x0d,0x47,0x2b,0x0e,0x47,0x2c,0x0e,0x47,0x2c,0x0e,
    0x49,0x2b,0x0d,0x4b,0x2e,0x10,0x4a,0x2d,0x0e,0x4b,0x2d,0x0e,
    0x4c,0x2d,0x0e,0x4d,0x2f,0x0e,0x4d,0x2f,0x0d,0x4f,0x2e,0x0d,
    0x50,0x2f,0x0e,0x51,0x2e,0x0e,0x52,0x2f,0x0f,0x54,0x31,0x0f,
    0x58,0x32,0x0f,0x5a,0x34,0x10,0x5b,0x34,0x10,0x5b,0x34,0x10,
    0x5a,0x34,0x10,0x56,0x32,0x0e,0x55,0x31,0x0f,0x56,0x33,0x10,
    0x55,0x33,0x10,0x56,0x32,0x0f,0x5b,0x35,0x11,0x5e,0x36,0x12,
    0x61,0x37,0x11,0x62,0x37,0x12,0x61,0x38,0x12,0x62,0x37,0x12,
    0x62,0x37,0x13,0x60,0x38,0x14,0x61,0x37,0x13,0x5e,0x36,0x13,
    0x58,0x35,0x11,0x55,0x35,0x11,0x56,0x35,0x12,0x56,0x35,0x11,
    0x55,0x35,0x10,0x56,0x35,0x11,0x56,0x35,0x11,0x55,0x35,0x0f,
    0x57,0x36,0x10,0x58,0x36,0x10,0x57,0x35,0x10,0x57,0x35,0x0f,
    0x15,0x06,0x00,0x16,0x07,0x00,0x16,0x07,0x00,0x17,0x08,0x00,
    0x18,0x09,0x01,0x18,0x0a,0x01,0x18,0x0a,0x01,0x18,0x0a,0x01,
    0x19,0x0b,0x01,0x1a,0x0b,0x01,0x1a,0x0c,0x01,0x1d,0x0c,0x01,
    0x1e,0x0d,0x01,0x1e,0x0e,0x01,0x20,0x0e,0x01,0x20,0x0e,0x01,
    0x20,0x0f,0x00,0x23,0x12,0x02,0x25,0x14,0x03,0x24,0x13,0x03,
    0x23,0x12,0x02,0x25,0x14,0x04,0x24,0x13,0x03,0x25,0x14,0x04,
    0x26,0x15,0x05,0x26,0x15,0x05,0x27,0x15,0x04,0x28,0x17,0x06,
    0x29,0x18,0x06,0x2a,0x18,0x06,0x2b,0x18,0x05,0x2c,0x1a,0x06,
    0x2d,0x1a,0x06,0x2f,0x1b,0x06,0x31,0x1c,0x06,0x31,0x1c,0x06,
    0x31,0x1c,0x06,0x32,0x1c,0x06,0x33,0x1d,0x06,0x33,0x1e,0x06,
    0x35,0x1f,0x08,0x36,0x20,0x08,0x39,0x21,0x09,0x39,0x22,0x09,
    0x3a,0x23,0x0a,0x3a,0x22,0x09,0x3c,0x24,0x0b,0x3d,0x24,0x0a,
    0x3d,0x25,0x0b,0x3d,0x25,0x0b,0x3e,0x25,0x0b,0x3e,0x25,0x0c,
    0x3f,0x26,0x0c,0x40,0x26,0x0c,0x40,0x27,0x0c,0x42,0x28,0x0c,
    0x42,0x28,0x0c,0x43,0x29,0x0c,0x43,0x29,0x0c,0x42,0x29,0x0c,
    0x43,0x2a,0x0c,0x44,0x29,0x0d,0x46,0x2b,0x0d,0x46,0x2a,0x0d,
    0x46,0x29,0x0c,0x47,0x2a,0x0d,0x48,0x2b,0x0e,0x48,0x2b,0x0e,
    0x48,0x2c,0x0e,0x4a,0x2d,0x0f,0x4b,0x2d,0x0f,0x4c,0x2d,0x0f,
    0x4d,0x2e,0x10,0x4f,0x2e,0x0f,0x4c,0x2d,0x0e,0x4c,0x2d,0x0e,
    0x4d,0x2e,0x0f,0x4c,0x2d,0x0e,0x4c,0x2e,0x0e,0x4b,0x2e,0x0f,
    0x4c,0x2e,0x0f,0x4d,0x2e,0x0e,0x4c,0x2f,0x0e,0x4d,0x2f,0x0e,
    0x4d,0x2f,0x0f,0x4e,0x2f,0x10,0x4f,0x30,0x0f,0x4f,0x30,0x0e,
    0x4e,0x30,0x0e,0x4f,0x31,0x0e,0x52,0x30,0x0f,0x53,0x30,0x0f,
    0x55,0x33,0x11,0x53,0x31,0x10,0x55,0x32,0x10,0x55,0x33,0x10,
    0x59,0x34,0x11,0x5b,0x34,0x11,0x5c,0x35,0x12,0x5c,0x35,0x11,
    0x5b,0x35,0x11,0x59,0x35,0x11,0x58,0x34,0x10,0x5a,0x35,0x11,
    0x5a,0x35,0x12,0x5b,0x36,0x12,0x60,0x38,0x13,0x64,0x39,0x13,
    0x67,0x3a,0x13,0x68,0x3b,0x14,0x67,0x3b,0x14,0x68,0x3c,0x15,
    0x67,0x3b,0x13,0x67,0x3b,0x15,0x68,0x3b,0x15,0x67,0x3b,0x14,
    0x63,0x3a,0x12,0x5e,0x39,0x13,0x5b,0x39,0x13,0x5a,0x38,0x12,
    0x5a,0x38,0x11,0x59,0x37,0x11,0x5a,0x38,0x12,0x59,0x38,0x11,
    0x5a,0x38,0x12,0x5c,0x39,0x12,0x5a,0x38,0x12,0x5a,0x37,0x11,
    0x17,0x09,0x01,0x17,0x08,0x00,0x17,0x08,0x00,0x18,0x0a,0x00,
    0x18,0x0a,0x01,0x18,0x0a,0x01,0x18,0x0a,0x01,0x19,0x0b,0x01,
    0x1a,0x0c,0x00,0x1b,0x0c,0x01,0x1c,0x0d,0x01,0x1e,0x0e,0x01,
    0x1e,0x0d,0x01,0x1f,0x0d,0x01,0x20,0x0e,0x01,0x22,0x0f,0x01,
    0x23,0x11,0x02,0x24,0x11,0x02,0x25,0x13,0x03,0x26,0x13,0x04,
    0x26,0x13,0x04,0x26,0x13,0x04,0x26,0x15,0x05,0x27,0x16,0x06,
    0x29,0x16,0x05,0x2a,0x17,0x05,0x2a,0x18,0x06,0x2b,0x19,0x07,
    0x2c,0x19,0x07,0x2f,0x1a,0x07,0x31,0x1b,0x06,0x32,0x1d,0x07,
    0x32,0x1d,0x07,0x33,0x1d,0x07,0x34,0x1e,0x07,0x36,0x20,0x08,
    0x37,0x20,0x08,0x37,0x21,0x09,0x39,0x22,0x08,0x3c,0x23,0x09,
    0x3d,0x24,0x0a,0x3f,0x26,0x0b,0x42,0x28,0x0c,0x42,0x27,0x0c,
    0x42,0x28,0x0d,0x43,0x28,0x0d,0x44,0x28,0x0d,0x45,0x2a,0x0d,
    0x44,0x29,0x0d,0x43,0x29,0x0d,0x44,0x29,0x0d,0x44,0x2a,0x0d,
    0x45,0x2b,0x0e,0x46,0x2b,0x0e,0x48,0x2c,0x0e,0x48,0x2c,0x0e,
    0x48,0x2c,0x0e,0x47,0x2c,0x0d,0x49,0x2d,0x0e,0x4b,0x2f,0x0e,
    0x4b,0x2f,0x0e,0x4b,0x2f,0x10,0x4c,0x30,0x10,0x4d,0x30,0x10,
    0x4f,0x32,0x11,0x4e,0x31,0x10,0x4e,0x31,0x10,0x50,0x33,0x12,
    0x4f,0x32,0x11,0x50,0x32,0x11,0x50,0x32,0x11,0x51,0x33,0x11,
    0x54,0x33,0x11,0x54,0x32,0x10,0x55,0x33,0x10,0x53,0x33,0x10,
    0x51,0x33,0x10,0x50,0x32,0x10,0x51,0x33,0x10,0x51,0x33,0x10,
    0x52,0x34,0x11,0x52,0x34,0x11,0x51,0x34,0x10,0x52,0x34,0x11,
    0x53,0x35,0x11,0x53,0x34,0x11,0x53,0x35,0x11,0x54,0x35,0x11,
    0x54,0x35,0x11,0x55,0x35,0x12,0x58,0x36,0x13,0x59,0x37,0x13,
    0x5a,0x38,0x12,0x59,0x37,0x13,0x59,0x36,0x13,0x59,0x36,0x12,
    0x5c,0x37,0x14,0x5d,0x37,0x14,0x5c,0x37,0x13,0x5d,0x37,0x13,
    0x5d,0x37,0x13,0x5e,0x38,0x14,0x5f,0x38,0x14,0x60,0x39,0x14,
    0x5f,0x39,0x14,0x60,0x3a,0x15,0x66,0x3d,0x14,0x6e,0x3f,0x14,
    0x6e,0x3e,0x15,0x6e,0x3e,0x15,0x6d,0x3e,0x14,0x6d,0x3e,0x15,
    0x6a,0x3d,0x14,0x68,0x3c,0x13,0x6b,0x3d,0x15,0x70,0x3f,0x16,
    0x6d,0x3e,0x16,0x68,0x3d,0x14,0x62,0x3b,0x13,0x5f,0x3b,0x14,
    0x5f,0x3c,0x13,0x5f,0x3b,0x14,0x5f,0x3b,0x13,0x5d,0x3a,0x12,
    0x5d,0x3a,0x13,0x5d,0x3a,0x14,0x5e,0x3b,0x14,0x5d,0x3a,0x13,
    0x17,0x09,0x00,0x17,0x09,0x01,0x18,0x0a,0x01,0x19,0x0b,0x01,
    0x18,0x0a,0x01,0x19,0x0b,0x01,0x1a,0x0c,0x01,0x1b,0x0c,0x01,
    0x1e,0x0e,0x01,0x1f,0x0f,0x02,0x1f,0x0e,0x01,0x1f,0x0e,0x01,
    0x21,0x0f,0x01,0x21,0x0f,0x01,0x23,0x10,0x02,0x23,0x11,0x02,
    0x26,0x13,0x04,0x26,0x13,0x04,0x26,0x13,0x03,0x27,0x14,0x05,
    0x28,0x15,0x05,0x29,0x17,0x05,0x2a,0x17,0x05,0x2d,0x18,0x05,
    0x2e,0x1a,0x06,0x2e,0x19,0x05,0x32,0x1c,0x07,0x32,0x1d,0x08,
    0x33,0x1e,0x08,0x34,0x1e,0x08,0x35,0x1f,0x08,0x36,0x20,0x09,
    0x38,0x21,0x0a,0x38,0x22,0x09,0x3a,0x24,0x0a,0x3d,0x25,0x0b,
    0x3d,0x25,0x0a,0x3f,0x27,0x0b,0x40,0x28,0x0c,0x41,0x28,0x0c,
    0x43,0x29,0x0d,0x45,0x2b,0x0e,0x48,0x2c,0x0e,0x4b,0x2e,0x0f,
    0x4c,0x2e,0x10,0x4d,0x2f,0x0f,0x4d,0x2e,0x0f,0x4d,0x30,0x0f,
    0x4c,0x30,0x0f,0x4c,0x2f,0x0f,0x4d,0x2f,0x11,0x4d,0x30,0x11,
    0x4d,0x30,0x11,0x4e,0x31,0x12,0x50,0x32,0x12,0x51,0x33,0x11,
    0x50,0x33,0x10,0x51,0x34,0x11,0x53,0x36,0x12,0x54,0x37,0x13,
    0x54,0x37,0x12,0x56,0x38,0x14,0x56,0x38,0x13,0x56,0x38,0x13,
    0x57,0x39,0x15,0x59,0x3a,0x16,0x59,0x3a,0x15,0x59,0x3a,0x15,
    0x5a,0x3a,0x16,0x59,0x39,0x15,0x5a,0x39,0x14,0x5b,0x3b,0x15,
    0x5c,0x3c,0x15,0x5c,0x3b,0x15,0x5d,0x3b,0x15,0x5d,0x3c,0x15,
    0x5a,0x3a,0x14,0x59,0x3b,0x15,0x59,0x3b,0x15,0x59,0x3b,0x15,
    0x5c,0x3c,0x16,0x5d,0x3c,0x15,0x5c,0x3c,0x14,0x5d,0x3c,0x15,
    0x5d,0x3c,0x15,0x5e,0x3d,0x16,0x5d,0x3d,0x16,0x5f,0x3e,0x15,
    0x60,0x3e,0x17,0x60,0x3e,0x17,0x60,0x3f,0x17,0x61,0x3e,0x16,
    0x61,0x3f,0x15,0x62,0x3f,0x16,0x62,0x3c,0x17,0x62,0x3c,0x16,
    0x63,0x3d,0x16,0x62,0x3c,0x17,0x62,0x3d,0x15,0x64,0x3e,0x15,
    0x64,0x3d,0x16,0x64,0x3d,0x16,0x65,0x3f,0x17,0x65,0x3f,0x17,
    0x66,0x40,0x17,0x65,0x3e,0x16,0x6a,0x3f,0x16,0x75,0x44,0x17,
    0x77,0x43,0x18,0x75,0x42,0x18,0x76,0x42,0x17,0x76,0x43,0x18,
    0x73,0x41,0x18,0x6e,0x3e,0x16,0x70,0x40,0x17,0x76,0x43,0x19,
    0x75,0x42,0x18,0x70,0x41,0x16,0x6d,0x40,0x17,0x68,0x40,0x16,
    0x65,0x40,0x15,0x65,0x40,0x15,0x64,0x3f,0x15,0x64,0x3f,0x15,
    0x64,0x3f,0x14,0x63,0x3f,0x13,0x62,0x40,0x15,0x63,0x40,0x15,
    0x18,0x0a,0x01,0x19,0x0b,0x01,0x19,0x0b,0x01,0x19,0x0b,0x01,
    0x1a,0x0c,0x02,0x1a,0x0c,0x02,0x1c,0x0d,0x01,0x1f,0x0f,0x01,
    0x20,0x10,0x02,0x20,0x10,0x02,0x21,0x10,0x02,0x23,0x11,0x02,
    0x24,0x12,0x04,0x26,0x13,0x05,0x27,0x14,0x05,0x29,0x16,0x05,
    0x29,0x16,0x06,0x2a,0x17,0x05,0x2c,0x18,0x06,0x2c,0x18,0x06,
    0x2d,0x19,0x07,0x2f,0x1a,0x07,0x30,0x1b,0x06,0x33,0x1d,0x06,
    0x35,0x1f,0x08,0x37,0x20,0x09,0x38,0x21,0x09,0x39,0x21,0x09,
    0x3a,0x22,0x0a,0x3c,0x24,0x0a,0x3c,0x24,0x0b,0x3d,0x25,0x0c,
    0x40,0x27,0x0d,0x40,0x27,0x0c,0x42,0x29,0x0d,0x44,0x2a,0x0f,
    0x43,0x2a,0x0d,0x44,0x2b,0x0d,0x46,0x2c,0x0f,0x47,0x2c,0x0e,
    0x4a,0x2e,0x0f,0x4c,0x30,0x11,0x4e,0x31,0x12,0x51,0x32,0x13,
    0x54,0x34,0x13,0x57,0x36,0x13,0x58,0x36,0x13,0x59,0x37,0x14,
    0x58,0x37,0x14,0x58,0x38,0x15,0x59,0x39,0x16,0x59,0x39,0x16,
    0x5a,0x3a,0x17,0x5a,0x3c,0x17,0x5a,0x3c,0x17,0x5d,0x3e,0x18,
    0x5f,0x3f,0x18,0x60,0x40,0x19,0x5f,0x40,0x18,0x61,0x41,0x18,
    0x62,0x41,0x17,0x64,0x42,0x19,0x64,0x42,0x19,0x64,0x43,0x19,
    0x66,0x43,0x19,0x67,0x44,0x1a,0x68,0x45,0x1b,0x69,0x46,0x1c,
    0x67,0x44,0x1a,0x67,0x44,0x1a,0x67,0x45,0x1b,0x66,0x45,0x1a,
    0x67,0x46,0x1a,0x68,0x46,0x1a,0x69,0x46,0x1a,0x67,0x45,0x19,
    0x67,0x45,0x1b,0x67,0x46,0x1b,0x66,0x46,0x1c,0x66,0x47,0x1c,
    0x69,0x47,0x1b,0x67,0x45,0x19,0x67,0x46,0x1a,0x68,0x46,0x1b,
    0x68,0x47,0x1b,0x6a,0x48,0x1b,0x6a,0x47,0x1a,0x6b,0x48,0x1a,
    0x6b,0x48,0x1b,0x6c,0x49,0x1b,0x6c,0x49,0x1a,0x6c,0x48,0x19,
    0x6c,0x48,0x1a,0x6c,0x48,0x1b,0x6c,0x46,0x1a,0x6e,0x47,0x1b,
    0x6f,0x47,0x1b,0x70,0x46,0x1b,0x71,0x46,0x1c,0x73,0x47,0x1c,
    0x72,0x47,0x1c,0x6e,0x44,0x19,0x6c,0x43,0x19,0x6c,0x44,0x19,
    0x6f,0x46,0x1a,0x6d,0x44,0x19,0x6e,0x44,0x19,0x77,0x47,0x1a,
    0x7b,0x48,0x1b,0x7b,0x48,0x1d,0x7b,0x48,0x1b,0x7b,0x48,0x1b,
    0x7c,0x49,0x1b,0x7b,0x47,0x1b,0x7c,0x48,0x1d,0x7e,0x49,0x1d,
    0x7d,0x48,0x1c,0x7a,0x47,0x1b,0x79,0x47,0x1c,0x74,0x47,0x1b,
    0x6c,0x45,0x18,0x6a,0x44,0x18,0x69,0x43,0x17,0x6a,0x44,0x18,
    0x69,0x43,0x17,0x6a,0x44,0x18,0x68,0x44,0x17,0x67,0x44,0x17,
    0x1a,0x0c,0x02,0x1c,0x0d,0x01,0x1c,0x0d,0x01,0x1d,0x0d,0x01,
    0x1e,0x0d,0x02,0x1e,0x0e,0x03,0x20,0x0f,0x02,0x22,0x11,0x02,
    0x22,0x10,0x02,0x23,0x11,0x02,0x23,0x11,0x03,0x26,0x15,0x04,
    0x28,0x15,0x05,0x29,0x16,0x06,0x2c,0x18,0x07,0x2f,0x19,0x06,
    0x30,0x1a,0x07,0x31,0x1a,0x07,0x32,0x1b,0x07,0x33,0x1c,0x08,
    0x33,0x1d,0x07,0x35,0x1e,0x08,0x36,0x1f,0x07,0x39,0x22,0x09,
    0x3a,0x22,0x09,0x3c,0x23,0x0b,0x3d,0x24,0x0b,0x3e,0x26,0x0b,
    0x40,0x28,0x0e,0x42,0x2a,0x0e,0x42,0x29,0x0d,0x45,0x2b,0x10,
    0x47,0x2c,0x11,0x47,0x2c,0x10,0x49,0x2e,0x10,0x4c,0x30,0x12,
    0x4c,0x30,0x11,0x4e,0x30,0x11,0x4f,0x31,0x12,0x52,0x34,0x13,
    0x57,0x38,0x14,0x58,0x39,0x16,0x59,0x38,0x16,0x5d,0x3a,0x17,
    0x60,0x3c,0x17,0x63,0x40,0x18,0x66,0x40,0x18,0x67,0x42,0x1a,
    0x68,0x43,0x1a,0x6a,0x45,0x1b,0x6a,0x46,0x1b,0x6a,0x46,0x1b,
    0x6d,0x49,0x1d,0x6e,0x4b,0x1f,0x71,0x4e,0x21,0x74,0x4f,0x22,
    0x77,0x51,0x22,0x77,0x51,0x22,0x78,0x53,0x23,0x79,0x53,0x22,
    0x7c,0x54,0x24,0x7e,0x56,0x24,0x7f,0x57,0x25,0x7e,0x57,0x25,
    0x7e,0x57,0x25,0x7f,0x58,0x24,0x80,0x58,0x26,0x81,0x58,0x27,
    0x7f,0x57,0x27,0x81,0x57,0x27,0x7e,0x58,0x25,0x7f,0x57,0x25,
    0x80,0x58,0x26,0x7f,0x57,0x24,0x7e,0x56,0x23,0x7d,0x56,0x24,
    0x7c,0x54,0x23,0x7a,0x54,0x21,0x7a,0x55,0x22,0x7a,0x55,0x22,
    0x7b,0x55,0x23,0x7b,0x55,0x22,0x7b,0x55,0x23,0x7c,0x55,0x23,
    0x7b,0x55,0x23,0x7d,0x56,0x24,0x7e,0x57,0x25,0x7f,0x58,0x26,
    0x7e,0x58,0x26,0x7e,0x59,0x25,0x81,0x59,0x25,0x80,0x58,0x25,
    0x80,0x58,0x25,0x7f,0x57,0x24,0x7d,0x55,0x23,0x7d,0x54,0x21,
    0x81,0x55,0x24,0x86,0x55,0x25,0x88,0x55,0x25,0x87,0x54,0x24,
    0x86,0x54,0x25,0x82,0x52,0x23,0x7d,0x50,0x21,0x7a,0x4e,0x1f,
    0x77,0x4d,0x1f,0x77,0x4d,0x1f,0x77,0x4c,0x1e,0x7d,0x4d,0x1f,
    0x85,0x50,0x22,0x85,0x50,0x21,0x85,0x4f,0x21,0x85,0x50,0x21,
    0x85,0x4f,0x21,0x86,0x4f,0x23,0x86,0x4f,0x23,0x85,0x4e,0x21,
    0x84,0x4f,0x21,0x83,0x4e,0x21,0x83,0x4d,0x20,0x7f,0x4d,0x1f,
    0x77,0x4b,0x1d,0x73,0x4a,0x1b,0x71,0x4a,0x1b,0x70,0x49,0x1a,
    0x6f,0x48,0x1a,0x6f,0x48,0x1a,0x6f,0x48,0x1a,0x6f,0x48,0x1a,
    0x1e,0x0c,0x01,0x1f,0x0e,0x02,0x1f,0x0f,0x01,0x21,0x10,0x01,
    0x21,0x0f,0x01,0x21,0x0f,0x02,0x22,0x11,0x03,0x23,0x12,0x03,
    0x24,0x13,0x04,0x26,0x14,0x04,0x28,0x15,0x05,0x2b,0x17,0x06,
    0x2e,0x18,0x07,0x30,0x1a,0x06,0x32,0x1b,0x07,0x33,0x1b,0x07,
    0x34,0x1b,0x06,0x34,0x1c,0x06,0x36,0x1e,0x07,0x38,0x1f,0x08,
    0x39,0x21,0x09,0x3a,0x22,0x09,0x3c,0x23,0x09,0x3e,0x26,0x0b,
    0x3f,0x26,0x0d,0x42,0x27,0x0e,0x44,0x29,0x0e,0x45,0x2a,0x0f,
    0x48,0x2d,0x11,0x4c,0x2f,0x11,0x4d,0x31,0x12,0x4e,0x31,0x11,
    0x50,0x32,0x10,0x52,0x35,0x13,0x54,0x36,0x13,0x58,0x38,0x14,
    0x5a,0x3a,0x15,0x5d,0x3b,0x17,0x5e,0x3c,0x16,0x62,0x3f,0x19,
    0x66,0x43,0x1a,0x6a,0x45,0x1c,0x70,0x4a,0x20,0x76,0x4d,0x24,
    0x7c,0x50,0x25,0x81,0x54,0x27,0x85,0x57,0x2a,0x85,0x57,0x2a,
    0x88,0x5b,0x2c,0x8a,0x5d,0x2d,0x8c,0x5e,0x2d,0x90,0x61,0x2f,
    0x93,0x64,0x30,0x96,0x66,0x31,0x9a,0x6a,0x33,0x9e,0x6d,0x34,
    0xa3,0x6f,0x36,0xa5,0x72,0x37,0xa7,0x73,0x38,0xa8,0x74,0x3a,
    0xaa,0x75,0x3b,0xaa,0x76,0x3b,0xab,0x77,0x3b,0xaa,0x77,0x3b,
    0xab,0x78,0x3c,0xab,0x79,0x3c,0xad,0x7a,0x3c,0xab,0x78,0x3c,
    0xac,0x79,0x3c,0xab,0x78,0x3b,0xa9,0x75,0x39,0xa8,0x75,0x37,
    0xa7,0x74,0x38,0xa5,0x74,0x38,0xa1,0x73,0x37,0xa0,0x70,0x36,
    0x9f,0x6f,0x35,0x9b,0x6d,0x32,0x9b,0x6d,0x31,0x9a,0x6d,0x31,
    0x96,0x6a,0x2e,0x96,0x69,0x2e,0x95,0x69,0x2f,0x94,0x68,0x2f,
    0x95,0x69,0x2f,0x96,0x6a,0x30,0x96,0x6b,0x31,0x97,0x6c,0x32,
    0x96,0x6c,0x31,0x95,0x6a,0x2f,0x94,0x6a,0x2f,0x94,0x69,0x31,
    0x94,0x69,0x2f,0x93,0x68,0x2f,0x92,0x67,0x2e,0x8f,0x65,0x2c,
    0x92,0x65,0x2d,0x98,0x65,0x2e,0x9a,0x64,0x2e,0x9b,0x63,0x2e,
    0x98,0x62,0x2d,0x96,0x60,0x2c,0x93,0x5f,0x2b,0x8d,0x5d,0x29,
    0x87,0x59,0x25,0x85,0x58,0x25,0x84,0x57,0x25,0x85,0x57,0x25,
    0x8c,0x5a,0x27,0x90,0x59,0x27,0x91,0x58,0x26,0x92,0x59,0x26,
    0x91,0x59,0x27,0x90,0x57,0x26,0x90,0x57,0x26,0x90,0x57,0x27,
    0x8d,0x55,0x25,0x8c,0x55,0x24,0x8c,0x56,0x25,0x8a,0x54,0x25,
    0x84,0x54,0x23,0x7a,0x4f,0x1e,0x78,0x4e,0x1d,0x78,0x4e,0x1c,
    0x77,0x4d,0x1d,0x77,0x4d,0x1d,0x77,0x4d,0x1e,0x78,0x4e,0x1d,
    0x21,0x0f,0x02,0x22,0x10,0x02,0x22,0x11,0x01,0x23,0x12,0x02,
    0x22,0x11,0x01,0x24,0x12,0x03,0x25,0x14,0x04,0x27,0x16,0x05,
    0x28,0x16,0x05,0x29,0x18,0x06,0x2c,0x18,0x06,0x30,0x1a,0x07,
    0x32,0x1c,0x07,0x33,0x1c,0x07,0x36,0x1d,0x06,0x37,0x1f,0x07,
    0x39,0x20,0x08,0x3a,0x22,0x09,0x3d,0x22,0x0a,0x3f,0x24,0x0b,
    0x40,0x25,0x0c,0x41,0x26,0x0c,0x42,0x28,0x0c,0x46,0x2a,0x0f,
    0x47,0x2b,0x10,0x4a,0x2d,0x10,0x4d,0x30,0x10,0x51,0x32,0x12,
    0x53,0x34,0x12,0x56,0x36,0x14,0x58,0x39,0x15,0x5b,0x3b,0x16,
    0x5f,0x3e,0x18,0x63,0x40,0x1a,0x68,0x44,0x1c,0x6f,0x49,0x1f,
    0x75,0x4d,0x22,0x78,0x4f,0x23,0x7d,0x54,0x26,0x85,0x59,0x2a,
    0x8e,0x5f,0x2e,0x97,0x64,0x2f,0xa3,0x6b,0x32,0xae,0x70,0x36,
    0xb8,0x77,0x3a,0xbf,0x7c,0x3d,0xc4,0x80,0x42,0xc4,0x82,0x44,
    0xc6,0x85,0x45,0xc8,0x88,0x48,0xcc,0x8c,0x4b,0xd1,0x92,0x51,
    0xd6,0x97,0x55,0xdb,0x9e,0x5b,0xdf,0xa2,0x63,0xe1,0xa6,0x68,
    0xe6,0xab,0x6e,0xe8,0xb0,0x72,0xea,0xb0,0x72,0xeb,0xaf,0x73,
    0xeb,0xb0,0x73,0xea,0xb0,0x74,0xeb,0xb0,0x74,0xe8,0xae,0x71,
    0xe8,0xaf,0x71,0xe8,0xaf,0x70,0xe9,0xaf,0x70,0xe9,0xaf,0x70,
    0xe7,0xac,0x6e,0xe7,0xaa,0x6b,0xe6,0xab,0x6b,0xe3,0xa8,0x68,
    0xe1,0xa5,0x65,0xdd,0xa2,0x5f,0xd9,0xa0,0x5c,0xd5,0x9a,0x58,
    0xd2,0x96,0x55,0xcf,0x94,0x54,0xca,0x92,0x51,0xc6,0x90,0x51,
    0xc2,0x8e,0x4f,0xc0,0x8b,0x4a,0xbf,0x8a,0x4a,0xbd,0x89,0x48,
    0xbc,0x89,0x48,0xbb,0x8b,0x49,0xbc,0x8b,0x4a,0xba,0x89,0x48,
    0xb9,0x87,0x46,0xb6,0x85,0x43,0xb4,0x83,0x41,0xb3,0x82,0x40,
    0xb0,0x80,0x3e,0xb0,0x7f,0x3e,0xad,0x7b,0x3c,0xab,0x78,0x3a,
    0xa9,0x76,0x38,0xaa,0x75,0x38,0xad,0x75,0x39,0xae,0x75,0x39,
    0xad,0x74,0x38,0xaa,0x70,0x37,0xa6,0x6f,0x35,0xa2,0x6e,0x33,
    0x9b,0x6a,0x2f,0x98,0x68,0x2e,0x96,0x66,0x2e,0x94,0x65,0x2c,
    0x96,0x65,0x2c,0x9a,0x65,0x2c,0x9e,0x65,0x2d,0x9f,0x64,0x2d,
    0x9e,0x63,0x2c,0x9e,0x63,0x2d,0x9e,0x62,0x2c,0x9c,0x60,0x2b,
    0x98,0x5f,0x29,0x98,0x5f,0x28,0x98,0x5f,0x2a,0x95,0x5d,0x2a,
    0x92,0x5c,0x2a,0x88,0x59,0x25,0x82,0x55,0x23,0x80,0x55,0x23,
    0x7f,0x54,0x22,0x7e,0x54,0x21,0x81,0x54,0x23,0x82,0x54,0x22,
    0x22,0x10,0x02,0x23,0x10,0x02,0x24,0x12,0x03,0x25,0x13,0x03,
    0x27,0x15,0x05,0x29,0x18,0x05,0x2a,0x18,0x05,0x2c,0x18,0x07,
    0x2c,0x18,0x06,0x2d,0x1a,0x07,0x31,0x1c,0x08,0x35,0x1d,0x08,
    0x35,0x1f,0x08,0x37,0x20,0x08,0x39,0x21,0x08,0x3c,0x23,0x09,
    0x3f,0x23,0x0a,0x42,0x26,0x0c,0x44,0x28,0x0e,0x46,0x28,0x0e,
    0x48,0x2a,0x0e,0x49,0x2c,0x0f,0x4c,0x2e,0x11,0x4f,0x30,0x11,
    0x53,0x34,0x13,0x57,0x37,0x15,0x5d,0x3b,0x17,0x62,0x3f,0x19,
    0x66,0x41,0x1b,0x6c,0x46,0x1e,0x74,0x4c,0x20,0x7d,0x52,0x25,
    0x86,0x56,0x27,0x92,0x5c,0x2a,0x9d,0x64,0x2c,0xa7,0x6a,0x2f,
    0xaf,0x70,0x32,0xba,0x79,0x38,0xc3,0x83,0x41,0xce,0x8d,0x4b,
    0xd8,0x98,0x56,0xe2,0xa7,0x64,0xeb,0xb8,0x78,0xf4,0xc6,0x8b,
    0xf6,0xcf,0x99,0xf7,0xd4,0xa3,0xfa,0xd8,0xaa,0xfb,0xdd,0xb3,
    0xfc,0xe4,0xbc,0xfd,0xe7,0xc2,0xfd,0xea,0xc9,0xff,0xef,0xd1,
    0xff,0xf1,0xd5,0xff,0xf5,0xde,0xff,0xf8,0xe6,0xff,0xf9,0xea,
    0xff,0xfa,0xed,0xff,0xfc,0xf0,0xff,0xfc,0xf0,0xff,0xfb,0xf0,
    0xff,0xfb,0xf0,0xff,0xfa,0xee,0xff,0xfa,0xec,0xff,0xfa,0xec,
    0xff,0xfa,0xeb,0xff,0xf9,0xea,0xff,0xf8,0xe9,0xff,0xf8,0xe7,
    0xff,0xf7,0xe5,0xff,0xf6,0xe2,0xff,0xf6,0xe2,0xff,0xf4,0xde,
    0xff,0xef,0xd5,0xfe,0xe9,0xca,0xfd,0xe4,0xbd,0xfd,0xde,0xb1,
    0xfb,0xd9,0xae,0xfa,0xd6,0xa5,0xf9,0xd1,0x9b,0xf5,0xc8,0x8e,
    0xf3,0xc4,0x87,0xf1,0xc0,0x83,0xef,0xbb,0x80,0xed,0xb9,0x7a,
    0xec,0xb9,0x79,0xea,0xb8,0x77,0xe8,0xb5,0x76,0xe6,0xb2,0x72,
    0xe4,0xb0,0x6f,0xe1,0xae,0x6d,0xde,0xab,0x6b,0xd9,0xa6,0x65,
    0xd5,0xa1,0x60,0xd2,0x9e,0x5e,0xcd,0x9a,0x5a,0xca,0x96,0x56,
    0xc6,0x92,0x52,0xc5,0x90,0x4e,0xc2,0x8c,0x4a,0xc2,0x8a,0x48,
    0xc2,0x89,0x48,0xc0,0x86,0x46,0xbc,0x85,0x44,0xb8,0x82,0x42,
    0xb1,0x7e,0x3d,0xad,0x7a,0x3b,0xaa,0x79,0x3a,0xa8,0x76,0x39,
    0xa8,0x75,0x38,0xaa,0x74,0x38,0xad,0x73,0x39,0xaf,0x73,0x39,
    0xae,0x72,0x38,0xae,0x71,0x39,0xae,0x70,0x38,0xab,0x6d,0x35,
    0xa8,0x6c,0x33,0xa7,0x6a,0x32,0xa4,0x68,0x31,0xa1,0x67,0x30,
    0x9d,0x66,0x2e,0x96,0x63,0x2b,0x90,0x60,0x2a,0x8c,0x5e,0x29,
    0x8a,0x5d,0x29,0x88,0x5c,0x27,0x8a,0x5c,0x28,0x8d,0x5c,0x28,
    0x26,0x13,0x04,0x27,0x14,0x04,0x29,0x16,0x06,0x2a,0x17,0x06,
    0x2b,0x18,0x06,0x2d,0x19,0x06,0x30,0x1b,0x07,0x31,0x1d,0x07,
    0x33,0x1e,0x08,0x35,0x1f,0x09,0x38,0x21,0x0a,0x3c,0x23,0x0a,
    0x3c,0x24,0x0a,0x3d,0x24,0x0a,0x40,0x26,0x0b,0x44,0x29,0x0c,
    0x47,0x29,0x0d,0x4a,0x2b,0x0e,0x4d,0x2e,0x11,0x4f,0x30,0x13,
    0x53,0x33,0x13,0x59,0x37,0x14,0x5d,0x3a,0x17,0x63,0x3f,0x1a,
    0x6a,0x43,0x1e,0x73,0x49,0x22,0x7d,0x51,0x26,0x8a,0x57,0x29,
    0x99,0x60,0x2b,0xaa,0x6a,0x2f,0xbd,0x7a,0x3b,0xcd,0x8b,0x48,
    0xd9,0x99,0x54,0xe2,0xa7,0x66,0xe8,0xb4,0x79,0xef,0xc1,0x88,
    0xf5,0xce,0x9d,0xfb,0xdb,0xb4,0xfd,0xe6,0xc6,0xff,0xf0,0xd6,
    0xff,0xf7,0xe5,0xff,0xfe,0xf1,0xff,0xff,0xfc,0xff,0xff,0xff,
    0xff,0xff,0xff,0xfe,0xff,0xff,0xfe,0xff,0xff,0xfd,0xff,0xff,
    0xfd,0xff,0xff,0xfd,0xff,0xff,0xfd,0xff,0xff,0xfd,0xff,0xff,
    0xfd,0xff,0xff,0xfd,0xff,0xff,0xfd,0xfe,0xff,0xfd,0xfe,0xff,
    0xfd,0xfe,0xff,0xfd,0xfd,0xff,0xfd,0xfd,0xff,0xfd,0xfe,0xff,
    0xfd,0xfe,0xff,0xfd,0xfe,0xff,0xfd,0xfe,0xff,0xfd,0xfe,0xff,
    0xfd,0xfe,0xff,0xfd,0xfe,0xff,0xfd,0xfe,0xff,0xfd,0xfe,0xff,
    0xfd,0xfe,0xff,0xfd,0xff,0xff,0xfd,0xff,0xff,0xfe,0xff,0xff,
    0xfe,0xff,0xff,0xfe,0xff,0xff,0xfe,0xff,0xff,0xff,0xff,0xff,
    0xff,0xff,0xff,0xff,0xff,0xff,0xff,0xff,0xfe,0xff,0xff,0xf9,
    0xff,0xfe,0xf2,0xff,0xfc,0xee,0xff,0xf8,0xe9,0xff,0xf5,0xe2,
    0xff,0xf4,0xdb,0xff,0xf2,0xd3,0xff,0xec,0xc8,0xff,0xe6,0xbd,
    0xfe,0xe2,0xb3,0xfd,0xde,0xab,0xfd,0xd8,0xa1,0xfa,0xd3,0x9a,
    0xf7,0xcd,0x93,0xf4,0xc7,0x8c,0xf1,0xc1,0x85,0xec,0xbb,0x7f,
    0xe7,0xb6,0x7a,0xe4,0xb1,0x76,0xe0,0xad,0x72,0xdc,0xa9,0x6a,
    0xd9,0xa4,0x65,0xd6,0xa0,0x60,0xd3,0x9d,0x5c,0xcf,0x9a,0x58,
    0xc9,0x96,0x53,0xc4,0x92,0x4f,0xc1,0x8f,0x4d,0xbe,0x8d,0x4b,
    0xbc,0x8a,0x48,0xbb,0x86,0x46,0xbc,0x84,0x44,0xbe,0x84,0x45,
    0xbe,0x84,0x45,0xbd,0x82,0x44,0xbc,0x80,0x43,0xbb,0x7d,0x40,
    0xb9,0x7b,0x3e,0xb6,0x78,0x3c,0xb2,0x77,0x3a,0xb0,0x75,0x39,
    0xaa,0x72,0x36,0xa3,0x6f,0x33,0x9e,0x6c,0x32,0x9a,0x69,0x2f,
    0x98,0x68,0x2e,0x94,0x66,0x2c,0x92,0x63,0x2b,0x95,0x64,0x2d,
    0x2b,0x18,0x06,0x2d,0x19,0x06,0x2f,0x1b,0x08,0x2f,0x1b,0x07,
    0x32,0x1d,0x08,0x35,0x1f,0x0a,0x37,0x20,0x0a,0x3a,0x21,0x0a,
    0x3b,0x23,0x0b,0x3e,0x25,0x0b,0x40,0x26,0x0b,0x42,0x28,0x0c,
    0x45,0x2a,0x0d,0x48,0x2a,0x0f,0x4b,0x2d,0x10,0x4f,0x30,0x12,
    0x52,0x32,0x13,0x56,0x34,0x14,0x5b,0x39,0x17,0x5f,0x3c,0x1a,
    0x66,0x40,0x1d,0x71,0x46,0x1f,0x7f,0x4e,0x21,0x8d,0x55,0x22,
    0x9f,0x5f,0x27,0xb0,0x6f,0x31,0xc6,0x86,0x41,0xd8,0x9d,0x59,
    0xe8,0xb2,0x78,0xf3,0xc8,0x9a,0xfb,0xdd,0xbc,0xfe,0xee,0xd6,
    0xff,0xf8,0xe8,0xff,0xfd,0xf5,0xff,0xff,0xfd,0xff,0xff,0xff,
    0xfe,0xff,0xff,0xfd,0xff,0xff,0xfd,0xff,0xff,0xfd,0xff,0xff,
    0xfe,0xff,0xff,0xff,0xff,0xff,0xff,0xff,0xff,0xff,0xff,0xff,
    0xff,0xff,0xff,0xff,0xff,0xff,0xff,0xff,0xff,0xff,0xff,0xff,
    0xff,0xff,0xff,0xff,0xff,0xff,0xff,0xff,0xff,0xff,0xff,0xff,
    0xff,0xff,0xff,0xff,0xff,0xff,0xff,0xff,0xff,0xff,0xff,0xff,
    0xff,0xff,0xff,0xff,0xff,0xff,0xff,0xff,0xff,0xff,0xff,0xff,
    0xff,0xff,0xff,0xff,0xff,0xff,0xff,0xff,0xff,0xff,0xff,0xff,
    0xff,0xff,0xff,0xff,0xff,0xff,0xff,0xff,0xff,0xff,0xff,0xff,
    0xff,0xff,0xff,0xff,0xff,0xff,0xff,0xff,0xff,0xff,0xff,0xff,
    0xff,0xff,0xff,0xff,0xff,0xff,0xff,0xff,0xff,0xff,0xfe,0xff,
    0xfe,0xfd,0xfe,0xfe,0xfc,0xfd,0xfd,0xfc,0xfd,0xfd,0xfc,0xfe,
    0xfd,0xfd,0xff,0xfd,0xfe,0xff,0xfe,0xff,0xff,0xfe,0xff,0xff,
    0xfe,0xff,0xff,0xfe,0xff,0xff,0xff,0xff,0xff,0xff,0xff,0xff,
    0xff,0xff,0xfd,0xff,0xff,0xf8,0xff,0xfd,0xf0,0xff,0xfa,0xe8,
    0xff,0xf7,0xdc,0xff,0xf3,0xcf,0xff,0xec,0xc2,0xff,0xe7,0xb8,
    0xfe,0xe1,0xac,0xfc,0xda,0xa3,0xfb,0xd4,0x9d,0xf9,0xce,0x96,
    0xf5,0xc8,0x90,0xf2,0xc3,0x89,0xf0,0xbe,0x84,0xea,0xb8,0x7d,
    0xe4,0xb2,0x74,0xde,0xac,0x6d,0xda,0xa8,0x66,0xd5,0xa5,0x62,
    0xd2,0xa2,0x60,0xcf,0x9e,0x5d,0xcd,0x9c,0x59,0xcd,0x9a,0x56,
    0xcd,0x98,0x56,0xce,0x97,0x56,0xcc,0x95,0x55,0xcb,0x93,0x53,
    0xc9,0x8f,0x50,0xc5,0x8b,0x4b,0xc2,0x88,0x48,0xbd,0x85,0x44,
    0xb8,0x81,0x41,0xb4,0x7e,0x3f,0xae,0x7c,0x3d,0xaa,0x78,0x3a,
    0xa7,0x75,0x37,0xa2,0x73,0x35,0xa0,0x70,0x33,0x9f,0x6d,0x31,
    0x33,0x1d,0x08,0x35,0x1e,0x08,0x36,0x1f,0x07,0x38,0x20,0x08,
    0x3b,0x23,0x0b,0x3e,0x25,0x0b,0x40,0x27,0x0c,0x43,0x28,0x0d,
    0x45,0x2b,0x0e,0x49,0x2c,0x0f,0x4b,0x2e,0x10,0x4f,0x2f,0x12,
    0x52,0x31,0x13,0x54,0x33,0x14,0x57,0x36,0x16,0x5d,0x3a,0x1a,
    0x65,0x3f,0x1c,0x6f,0x43,0x1c,0x7a,0x49,0x1b,0x8d,0x52,0x20,
    0xa2,0x61,0x27,0xb7,0x75,0x34,0xcb,0x8d,0x4d,0xde,0xa4,0x6f,
    0xed,0xc1,0x93,0xf6,0xdb,0xb6,0xfd,0xef,0xd5,0xff,0xfa,0xed,
    0xff,0xff,0xfd,0xfe,0xff,0xff,0xfe,0xff,0xff,0xff,0xff,0xff,
    0xff,0xff,0xff,0xff,0xff,0xff,0xff,0xff,0xff,0xff,0xff,0xff,
    0xff,0xff,0xff,0xff,0xff,0xff,0xff,0xff,0xff,0xff,0xff,0xfe,
    0xff,0xff,0xf7,0xfc,0xfa,0xee,0xf5,0xf2,0xe5,0xed,0xea,0xd7,
    0xe7,0xe0,0xca,0xde,0xd6,0xbe,0xd6,0xcb,0xb0,0xcf,0xc0,0x9e,
    0xc6,0xb4,0x8e,0xbe,0xa9,0x84,0xb5,0x9e,0x75,0xb0,0x97,0x6c,
    0xae,0x93,0x69,0xad,0x92,0x68,0xaf,0x95,0x6b,0xb3,0x98,0x6e,
    0xb7,0x9a,0x6f,0xb8,0x9e,0x72,0xb9,0xa0,0x77,0xbc,0xa3,0x79,
    0xbe,0xa6,0x7d,0xc1,0xa8,0x80,0xc5,0xaa,0x81,0xc9,0xaf,0x86,
    0xcc,0xb2,0x89,0xcf,0xb5,0x8d,0xd1,0xb9,0x92,0xd3,0xbc,0x94,
    0xd7,0xc2,0x9d,0xde,0xcd,0xad,0xe5,0xd8,0xbe,0xea,0xe1,0xc9,
    0xf0,0xe9,0xd7,0xf7,0xf3,0xe6,0xfc,0xf9,0xee,0xff,0xff,0xf6,
    0xff,0xff,0xff,0xff,0xff,0xff,0xff,0xff,0xff,0xff,0xff,0xff,
    0xff,0xff,0xff,0xff,0xff,0xff,0xff,0xff,0xff,0xff,0xff,0xff,
    0xff,0xff,0xff,0xff,0xfe,0xff,0xfe,0xfd,0xfc,0xfe,0xfd,0xfc,
    0xfe,0xfd,0xfd,0xff,0xfe,0xff,0xff,0xff,0xff,0xff,0xff,0xff,
    0xff,0xff,0xff,0xff,0xff,0xff,0xff,0xff,0xff,0xff,0xff,0xfc,
    0xfe,0xff,0xf5,0xff,0xfc,0xeb,0xff,0xf9,0xe3,0xff,0xf5,0xd9,
    0xff,0xf1,0xce,0xff,0xeb,0xc0,0xfe,0xe3,0xb2,0xfe,0xdc,0xa7,
    0xfb,0xd5,0x9f,0xf8,0xce,0x97,0xf4,0xc8,0x90,0xf0,0xc4,0x89,
    0xed,0xbf,0x82,0xe9,0xba,0x7e,0xe5,0xb7,0x79,0xe4,0xb3,0x75,
    0xe1,0xb1,0x70,0xde,0xac,0x6b,0xdb,0xaa,0x67,0xd9,0xa6,0x64,
    0xd7,0xa3,0x62,0xd5,0xa0,0x60,0xd1,0x9d,0x5c,0xcb,0x98,0x56,
    0xc8,0x94,0x51,0xc4,0x90,0x4e,0xbf,0x8c,0x49,0xbc,0x89,0x47,
    0xb9,0x87,0x46,0xb6,0x84,0x43,0xb0,0x7f,0x3e,0xae,0x7c,0x3b,
    0x3a,0x22,0x09,0x3c,0x23,0x09,0x3e,0x23,0x09,0x40,0x25,0x0a,
    0x44,0x29,0x0d,0x47,0x2b,0x0e,0x4c,0x2e,0x10,0x4f,0x30,0x11,
    0x52,0x32,0x12,0x56,0x35,0x15,0x58,0x37,0x17,0x5e,0x3a,0x1a,
    0x65,0x3f,0x1d,0x6d,0x44,0x1e,0x79,0x49,0x1d,0x8d,0x54,0x1c,
    0xa7,0x65,0x27,0xbe,0x80,0x3d,0xd2,0x9c,0x5f,0xe5,0xb9,0x89,
    0xf3,0xd6,0xb0,0xfa,0xea,0xcf,0xfe,0xf8,0xeb,0xff,0xff,0xfd,
    0xff,0xff,0xff,0xff,0xff,0xff,0xff,0xff,0xff,0xff,0xff,0xff,
    0xff,0xff,0xff,0xff,0xff,0xff,0xff,0xff,0xff,0xfb,0xfb,0xf1,
    0xee,0xeb,0xdd,0xdf,0xd8,0xc5,0xd1,0xc6,0xae,0xc2,0xb5,0x9a,
    0xb3,0xa5,0x83,0xa8,0x96,0x72,0x9d,0x88,0x64,0x90,0x79,0x51,
    0x87,0x6e,0x44,0x81,0x63,0x37,0x78,0x5a,0x2c,0x71,0x51,0x23,
    0x70,0x4d,0x1c,0x6e,0x49,0x18,0x6a,0x43,0x14,0x69,0x43,0x10,
    0x66,0x40,0x0e,0x65,0x3f,0x0f,0x66,0x3e,0x0f,0x65,0x3c,0x0e,
    0x65,0x3d,0x0f,0x66,0x3e,0x10,0x67,0x3f,0x11,0x67,0x3e,0x11,
    0x6a,0x40,0x13,0x6b,0x41,0x12,0x6a,0x40,0x12,0x6c,0x42,0x13,
    0x6e,0x45,0x13,0x71,0x48,0x14,0x74,0x49,0x14,0x75,0x49,0x15,
    0x77,0x4c,0x16,0x79,0x4d,0x17,0x7e,0x50,0x1a,0x7f,0x52,0x1a,
    0x81,0x55,0x1b,0x85,0x58,0x1e,0x89,0x5e,0x23,0x8f,0x63,0x27,
    0x94,0x69,0x30,0x9f,0x73,0x3c,0xaa,0x7e,0x47,0xb1,0x88,0x53,
    0xb8,0x94,0x62,0xc2,0xa3,0x70,0xca,0xae,0x7f,0xd5,0xbc,0x92,
    0xdf,0xcc,0xa4,0xe7,0xd7,0xb6,0xee,0xe2,0xc8,0xf5,0xed,0xdb,
    0xfa,0xf6,0xe8,0xff,0xff,0xfb,0xff,0xff,0xff,0xff,0xff,0xff,
    0xff,0xff,0xff,0xff,0xff,0xff,0xff,0xff,0xff,0xfe,0xfe,0xfd,
    0xfe,0xfd,0xfc,0xff,0xfd,0xfc,0xff,0xfe,0xfd,0xff,0xfe,0xff,
    0xff,0xff,0xff,0xff,0xff,0xff,0xff,0xff,0xff,0xff,0xff,0xff,
    0xff,0xff,0xff,0xff,0xff,0xfc,0xff,0xfe,0xf5,0xff,0xfb,0xeb,
    0xff,0xf8,0xdf,0xff,0xf2,0xce,0xff,0xec,0xbf,0xff,0xe7,0xb6,
    0xfe,0xe1,0xac,0xfd,0xdb,0xa6,0xfb,0xd6,0x9f,0xf9,0xd2,0x9c,
    0xf8,0xce,0x97,0xf4,0xc9,0x90,0xf1,0xc4,0x88,0xec,0xbe,0x80,
    0xe8,0xbb,0x7b,0xe5,0xb6,0x75,0xe1,0xb1,0x71,0xdd,0xad,0x6b,
    0xda,0xaa,0x67,0xd6,0xa5,0x63,0xd2,0xa1,0x5e,0xce,0x9e,0x5a,
    0xca,0x99,0x55,0xc7,0x95,0x52,0xc2,0x91,0x4d,0xbe,0x8e,0x4a,
    0x41,0x27,0x0c,0x46,0x2b,0x0f,0x49,0x2c,0x10,0x4c,0x2e,0x10,
    0x51,0x32,0x13,0x54,0x34,0x15,0x59,0x38,0x18,0x5f,0x3b,0x1b,
    0x67,0x40,0x1d,0x73,0x45,0x1d,0x83,0x4d,0x1d,0x94,0x57,0x20,
    0xa8,0x69,0x2a,0xc0,0x83,0x42,0xd5,0xa1,0x66,0xe8,0xc2,0x92,
    0xf5,0xdd,0xbc,0xfd,0xf4,0xe1,0xff,0xff,0xfb,0xff,0xff,0xff,
    0xff,0xff,0xff,0xff,0xff,0xff,0xff,0xff,0xff,0xff,0xff,0xff,
    0xff,0xff,0xff,0xfb,0xfa,0xf1,0xe9,0xe6,0xd8,0xd6,0xce,0xba,
    0xbd,0xb0,0x97,0xa5,0x93,0x73,0x90,0x77,0x53,0x7e,0x5f,0x39,
    0x6f,0x4c,0x25,0x64,0x41,0x17,0x5e,0x3b,0x10,0x5a,0x37,0x0d,
    0x56,0x34,0x0a,0x55,0x33,0x0c,0x54,0x33,0x0e,0x54,0x32,0x0d,
    0x54,0x32,0x0f,0x56,0x34,0x13,0x56,0x35,0x13,0x58,0x36,0x16,
    0x57,0x37,0x19,0x57,0x37,0x19,0x57,0x38,0x18,0x55,0x37,0x19,
    0x55,0x37,0x18,0x53,0x36,0x16,0x53,0x35,0x16,0x53,0x35,0x16,
    0x54,0x35,0x16,0x54,0x36,0x17,0x54,0x36,0x17,0x55,0x37,0x18,
    0x56,0x37,0x18,0x56,0x37,0x16,0x56,0x38,0x17,0x57,0x38,0x17,
    0x58,0x39,0x16,0x59,0x3b,0x1a,0x59,0x3b,0x19,0x5a,0x3b,0x19,
    0x5b,0x3b,0x1a,0x5c,0x3d,0x1b,0x5d,0x3d,0x1a,0x5f,0x3e,0x1c,
    0x61,0x40,0x1c,0x65,0x42,0x1c,0x67,0x44,0x1d,0x69,0x45,0x1d,
    0x6e,0x48,0x1e,0x70,0x4a,0x1b,0x74,0x4a,0x1c,0x78,0x4d,0x1d,
    0x7c,0x51,0x1e,0x82,0x54,0x1f,0x88,0x59,0x1f,0x8f,0x5e,0x23,
    0x96,0x66,0x27,0x9d,0x6c,0x2c,0xa5,0x75,0x31,0xb3,0x83,0x41,
    0xc1,0x91,0x50,0xd2,0xa8,0x6c,0xe1,0xc0,0x8f,0xed,0xd5,0xb0,
    0xf5,0xe8,0xcb,0xfa,0xf4,0xe4,0xfe,0xfe,0xf7,0xff,0xff,0xff,
    0xff,0xff,0xff,0xff,0xff,0xff,0xff,0xff,0xff,0xff,0xff,0xff,
    0xff,0xfe,0xfe,0xff,0xfe,0xfc,0xff,0xfe,0xfc,0xff,0xfe,0xfd,
    0xff,0xfe,0xfe,0xff,0xff,0xff,0xff,0xff,0xff,0xff,0xff,0xff,
    0xff,0xff,0xff,0xff,0xff,0xff,0xff,0xff,0xfb,0xfe,0xfe,0xf3,
    0xfe,0xfb,0xea,0xfe,0xf8,0xdd,0xff,0xf5,0xd2,0xff,0xf0,0xc6,
    0xff,0xea,0xbd,0xff,0xe5,0xb6,0xfe,0xe1,0xaf,0xfc,0xdc,0xa9,
    0xfa,0xd6,0xa0,0xf7,0xd1,0x97,0xf2,0xcb,0x90,0xed,0xc5,0x89,
    0xe9,0xc0,0x81,0xe6,0xbb,0x7b,0xe4,0xb7,0x76,0xdf,0xb2,0x71,
    0xdb,0xad,0x6b,0xd8,0xa8,0x67,0xd5,0xa4,0x62,0xd1,0xa1,0x5f,
    0x4c,0x2f,0x11,0x53,0x33,0x15,0x57,0x37,0x18,0x5c,0x39,0x19,
    0x64,0x3e,0x1a,0x70,0x44,0x1b,0x82,0x4c,0x1b,0x97,0x5c,0x21,
    0xaf,0x71,0x31,0xc6,0x8d,0x4c,0xdd,0xae,0x75,0xee,0xcb,0x9f,
    0xf7,0xe2,0xc5,0xff,0xf6,0xe7,0xff,0xff,0xff,0xff,0xff,0xff,
    0xff,0xff,0xff,0xff,0xff,0xff,0xff,0xff,0xff,0xfd,0xfc,0xf7,
    0xeb,0xe9,0xde,0xd3,0xcf,0xbd,0xba,0xb0,0x9a,0x9d,0x8e,0x73,
    0x86,0x73,0x51,0x70,0x59,0x35,0x5e,0x42,0x1d,0x55,0x36,0x0f,
    0x52,0x2f,0x08,0x51,0x2e,0x08,0x52,0x2f,0x0c,0x53,0x30,0x10,
    0x53,0x31,0x14,0x52,0x32,0x16,0x4f,0x32,0x15,0x4e,0x31,0x14,
    0x4c,0x30,0x14,0x4c,0x2f,0x12,0x4c,0x2f,0x12,0x4a,0x2e,0x11,
    0x48,0x2d,0x0f,0x47,0x2b,0x0f,0x47,0x2b,0x0f,0x47,0x2c,0x0f,
    0x45,0x2b,0x0e,0x46,0x2c,0x0f,0x46,0x2b,0x0e,0x45,0x2b,0x0d,
    0x45,0x2b,0x0e,0x46,0x2b,0x0e,0x46,0x2b,0x0e,0x46,0x2b,0x0e,
    0x47,0x2b,0x0f,0x47,0x2c,0x0f,0x48,0x2d,0x0f,0x48,0x2c,0x0f,
    0x49,0x2d,0x0f,0x48,0x2d,0x0f,0x49,0x2d,0x0f,0x4a,0x2e,0x10,
    0x4c,0x2e,0x10,0x4c,0x2f,0x11,0x4c,0x2f,0x11,0x4e,0x30,0x13,
    0x4f,0x30,0x13,0x4e,0x30,0x11,0x4f,0x31,0x12,0x4f,0x31,0x13,
    0x50,0x31,0x12,0x53,0x33,0x13,0x54,0x35,0x14,0x54,0x36,0x13,
    0x56,0x37,0x14,0x5a,0x39,0x15,0x5b,0x3b,0x16,0x5e,0x3d,0x17,
    0x61,0x3f,0x19,0x64,0x42,0x1a,0x67,0x43,0x1c,0x6b,0x46,0x1f,
    0x6f,0x4a,0x20,0x74,0x4e,0x23,0x7b,0x52,0x25,0x84,0x58,0x28,
    0x8f,0x60,0x2c,0x9b,0x69,0x2e,0xaa,0x75,0x33,0xba,0x82,0x3e,
    0xc6,0x91,0x4b,0xd3,0xa0,0x5d,0xdd,0xb1,0x77,0xe7,0xc3,0x92,
    0xef,0xd5,0xad,0xf6,0xe6,0xc9,0xfb,0xf3,0xe3,0xfe,0xfd,0xf7,
    0xff,0xff,0xff,0xff,0xff,0xff,0xff,0xff,0xff,0xff,0xff,0xff,
    0xff,0xff,0xff,0xff,0xfe,0xfd,0xff,0xfe,0xfc,0xff,0xfe,0xfd,
    0xff,0xfe,0xfd,0xff,0xff,0xfe,0xff,0xff,0xff,0xff,0xff,0xff,
    0xff,0xff,0xff,0xff,0xff,0xff,0xff,0xff,0xff,0xff,0xff,0xfa,
    0xfe,0xfe,0xf2,0xfe,0xfb,0xe9,0xfe,0xf8,0xdc,0xfe,0xf3,0xce,
    0xff,0xee,0xc2,0xff,0xe9,0xba,0xff,0xe6,0xb4,0xfd,0xe0,0xae,
    0xfb,0xdb,0xa8,0xf9,0xd5,0x9f,0xf6,0xd1,0x96,0xf2,0xcb,0x8f,
    0xee,0xc5,0x87,0xea,0xbe,0x81,0xe6,0xb8,0x7b,0xe3,0xb4,0x76,
    0x5f,0x3b,0x1a,0x69,0x3e,0x1c,0x78,0x44,0x19,0x8a,0x4f,0x19,
    0xa2,0x63,0x27,0xc1,0x86,0x46,0xdc,0xae,0x74,0xef,0xd2,0xa6,
    0xfa,0xeb,0xd1,0xff,0xfc,0xf1,0xff,0xff,0xff,0xff,0xff,0xff,
    0xff,0xff,0xff,0xff,0xff,0xff,0xfb,0xfb,0xf7,0xe3,0xde,0xd2,
    0xc6,0xbd,0xaa,0xaa,0x9a,0x83,0x8b,0x78,0x5a,0x70,0x5a,0x3a,
    0x5d,0x43,0x1f,0x50,0x34,0x0d,0x49,0x2c,0x04,0x47,0x29,0x03,
    0x49,0x2a,0x07,0x4b,0x2c,0x0e,0x4e,0x2e,0x12,0x4c,0x2f,0x14,
    0x4b,0x2e,0x13,0x49,0x2c,0x12,0x47,0x2b,0x0f,0x44,0x29,0x0e,
    0x41,0x27,0x0c,0x3f,0x26,0x0c,0x3f,0x26,0x0e,0x3f,0x25,0x0c,
    0x3e,0x24,0x0c,0x3e,0x24,0x0c,0x3d,0x23,0x0b,0x3c,0x23,0x0a,
    0x3c,0x24,0x0a,0x3d,0x23,0x09,0x3c,0x23,0x09,0x3c,0x24,0x08,
    0x3c,0x24,0x08,0x3c,0x23,0x08,0x3c,0x23,0x09,0x3c,0x23,0x08,
    0x3c,0x23,0x08,0x3c,0x23,0x08,0x3c,0x24,0x09,0x3b,0x23,0x07,
    0x3d,0x24,0x08,0x3d,0x24,0x08,0x3e,0x25,0x0a,0x3e,0x25,0x0b,
    0x3f,0x26,0x0b,0x3f,0x26,0x0b,0x3f,0x26,0x0a,0x41,0x27,0x0b,
    0x41,0x27,0x0a,0x43,0x28,0x0c,0x43,0x29,0x0b,0x45,0x29,0x0d,
    0x45,0x2a,0x0d,0x45,0x2a,0x0c,0x48,0x2c,0x0f,0x47,0x2b,0x0e,
    0x48,0x2c,0x0f,0x49,0x2c,0x0f,0x4a,0x2d,0x0e,0x4c,0x2f,0x10,
    0x4d,0x2f,0x11,0x4e,0x30,0x11,0x4e,0x30,0x11,0x50,0x31,0x11,
    0x54,0x33,0x13,0x54,0x35,0x11,0x57,0x35,0x12,0x59,0x38,0x14,
    0x5c,0x3b,0x15,0x5f,0x3e,0x18,0x63,0x41,0x19,0x68,0x44,0x1b,
    0x6f,0x48,0x1f,0x77,0x4f,0x23,0x80,0x56,0x26,0x8a,0x5e,0x2b,
    0x96,0x66,0x31,0xa3,0x6d,0x36,0xac,0x76,0x3a,0xb9,0x81,0x41,
    0xc5,0x8d,0x49,0xcf,0x97,0x52,0xd9,0xa5,0x64,0xe3,0xb6,0x79,
    0xea,0xc6,0x95,0xf1,0xd9,0xb4,0xf9,0xe9,0xcf,0xfd,0xf6,0xe7,
    0xfe,0xfe,0xf9,0xff,0xff,0xff,0xff,0xff,0xff,0xff,0xff,0xff,
    0xff,0xff,0xff,0xff,0xfe,0xfe,0xff,0xfe,0xfd,0xff,0xfe,0xfd,
    0xff,0xff,0xfe,0xff,0xff,0xfe,0xff,0xff,0xff,0xff,0xff,0xff,
    0xff,0xff,0xff,0xff,0xff,0xff,0xff,0xff,0xff,0xff,0xff,0xfb,
    0xfe,0xfd,0xf2,0xfe,0xfb,0xe6,0xfe,0xf9,0xda,0xfe,0xf4,0xcd,
    0xff,0xf1,0xc6,0xff,0xec,0xbf,0xff,0xe7,0xb9,0xfe,0xe1,0xb1,
    0xfc,0xdc,0xa9,0xf9,0xd6,0x9f,0xf6,0xcf,0x94,0xf2,0xca,0x8e,
    0x97,0x58,0x1f,0xb2,0x71,0x32,0xce,0x94,0x53,0xe4,0xbc,0x8a,
    0xf5,0xde,0xc0,0xfe,0xf9,0xec,0xff,0xff,0xff,0xff,0xff,0xff,
    0xff,0xff,0xff,0xff,0xff,0xff,0xfc,0xfc,0xf9,0xe2,0xdd,0xd3,
    0xbe,0xb1,0x9e,0x95,0x81,0x68,0x70,0x56,0x38,0x58,0x38,0x17,
    0x4d,0x2b,0x0a,0x47,0x26,0x04,0x47,0x27,0x05,0x49,0x29,0x0a,
    0x49,0x2a,0x0d,0x4a,0x2c,0x0f,0x47,0x2b,0x11,0x44,0x2a,0x0f,
    0x41,0x28,0x0e,0x3f,0x26,0x0d,0x3d,0x24,0x0b,0x3c,0x23,0x0c,
    0x3c,0x22,0x0c,0x3a,0x21,0x08,0x38,0x20,0x07,0x37,0x1f,0x08,
    0x36,0x1e,0x08,0x36,0x1f,0x09,0x36,0x1f,0x09,0x36,0x1f,0x09,
    0x35,0x1e,0x08,0x35,0x1e,0x08,0x34,0x1d,0x08,0x33,0x1d,0x07,
    0x33,0x1d,0x08,0x33,0x1d,0x07,0x33,0x1d,0x07,0x33,0x1e,0x08,
    0x33,0x1e,0x08,0x33,0x1d,0x07,0x34,0x1d,0x08,0x34,0x1d,0x07,
    0x34,0x1d,0x07,0x35,0x1e,0x08,0x34,0x1d,0x06,0x34,0x1e,0x08,
    0x35,0x1e,0x07,0x36,0x1e,0x07,0x36,0x1f,0x07,0x37,0x21,0x08,
    0x38,0x21,0x09,0x39,0x21,0x09,0x39,0x22,0x09,0x3a,0x23,0x09,
    0x39,0x22,0x09,0x3a,0x22,0x0a,0x3c,0x23,0x09,0x3c,0x24,0x0a,
    0x3c,0x23,0x09,0x3d,0x23,0x09,0x40,0x26,0x0a,0x40,0x26,0x0a,
    0x41,0x27,0x0a,0x42,0x28,0x0b,0x42,0x28,0x0b,0x43,0x29,0x0c,
    0x45,0x2a,0x0d,0x46,0x2b,0x0e,0x47,0x2c,0x0e,0x48,0x2c,0x0e,
    0x4b,0x2e,0x10,0x4c,0x2e,0x0f,0x4f,0x30,0x11,0x50,0x31,0x10,
    0x51,0x32,0x10,0x54,0x35,0x10,0x57,0x37,0x12,0x5a,0x3a,0x15,
    0x5e,0x3c,0x16,0x63,0x40,0x1a,0x69,0x44,0x1d,0x6f,0x49,0x1f,
    0x75,0x4e,0x21,0x7b,0x53,0x24,0x82,0x59,0x28,0x8d,0x61,0x2e,
    0x97,0x68,0x35,0xa0,0x6f,0x39,0xa9,0x78,0x3d,0xb6,0x81,0x42,
    0xc1,0x89,0x48,0xcb,0x94,0x52,0xd6,0x9e,0x5c,0xdf,0xad,0x6f,
    0xe9,0xbf,0x89,0xf2,0xd1,0xa5,0xf8,0xe4,0xc1,0xfc,0xf1,0xdc,
    0xff,0xfc,0xf5,0xff,0xff,0xff,0xff,0xff,0xff,0xff,0xff,0xff,
    0xff,0xff,0xff,0xff,0xfe,0xfe,0xff,0xfe,0xfe,0xff,0xff,0xfe,
    0xff,0xff,0xfe,0xff,0xff,0xfe,0xff,0xff,0xff,0xff,0xff,0xff,
    0xff,0xff,0xff,0xff,0xff,0xff,0xff,0xff,0xff,0xff,0xff,0xf8,
    0xff,0xfd,0xed,0xfe,0xfb,0xe1,0xfe,0xf8,0xd8,0xff,0xf5,0xd1,
    0xff,0xf1,0xc9,0xff,0xec,0xc1,0xff,0xe6,0xb8,0xfd,0xe1,0xaf,
    0xee,0xd0,0xa9,0xfb,0xee,0xd8,0xff,0xff,0xfe,0xff,0xff,0xff,
    0xff,0xff,0xff,0xff,0xff,0xff,0xfd,0xfd,0xf9,0xe4,0xde,0xd3,
    0xc2,0xb6,0xa1,0x98,0x86,0x6c,0x73,0x5a,0x3b,0x5b,0x3b,0x18,
    0x4d,0x2c,0x07,0x48,0x27,0x04,0x48,0x29,0x09,0x49,0x2a,0x0f,
    0x45,0x2a,0x11,0x40,0x28,0x0d,0x3d,0x24,0x0c,0x3a,0x22,0x0a,
    0x38,0x20,0x09,0x36,0x1f,0x09,0x34,0x1e,0x09,0x33,0x1d,0x09,
    0x32,0x1c,0x08,0x31,0x1c,0x07,0x31,0x1c,0x08,0x30,0x1b,0x06,
    0x30,0x1a,0x06,0x2f,0x1b,0x06,0x2f,0x19,0x06,0x2e,0x19,0x06,
    0x2d,0x19,0x06,0x2d,0x19,0x06,0x2d,0x19,0x05,0x2c,0x18,0x05,
    0x2c,0x19,0x06,0x2b,0x18,0x05,0x2a,0x17,0x04,0x2b,0x18,0x05,
    0x2b,0x18,0x05,0x2b,0x18,0x06,0x2b,0x18,0x06,0x2c,0x18,0x07,
    0x2c,0x18,0x06,0x2c,0x19,0x05,0x2d,0x19,0x06,0x2d,0x19,0x05,
    0x2d,0x19,0x05,0x2d,0x19,0x06,0x2e,0x19,0x06,0x2d,0x1a,0x05,
    0x2e,0x1a,0x06,0x30,0x1a,0x06,0x30,0x1c,0x05,0x2f,0x1b,0x04,
    0x31,0x1c,0x06,0x32,0x1d,0x07,0x32,0x1e,0x06,0x33,0x1f,0x07,
    0x33,0x1f,0x06,0x34,0x1f,0x07,0x35,0x20,0x07,0x35,0x20,0x07,
    0x36,0x21,0x08,0x38,0x21,0x09,0x38,0x21,0x09,0x39,0x22,0x09,
    0x3a,0x22,0x08,0x3b,0x23,0x09,0x3d,0x24,0x0a,0x3e,0x26,0x0a,
    0x3e,0x26,0x08,0x3f,0x26,0x08,0x40,0x27,0x09,0x42,0x29,0x0c,
    0x43,0x2a,0x0c,0x46,0x2b,0x0d,0x46,0x2b,0x0d,0x49,0x2c,0x0d,
    0x4a,0x2d,0x0d,0x4b,0x2e,0x0e,0x4e,0x30,0x10,0x50,0x32,0x11,
    0x53,0x34,0x12,0x55,0x36,0x12,0x5a,0x39,0x14,0x5e,0x3d,0x17,
    0x61,0x40,0x17,0x67,0x44,0x1a,0x6c,0x47,0x1d,0x72,0x4b,0x20,
    0x79,0x50,0x22,0x7f,0x54,0x24,0x85,0x5a,0x29,0x8e,0x62,0x2d,
    0x97,0x6a,0x32,0xa0,0x72,0x38,0xaa,0x7a,0x3e,0xb5,0x83,0x45,
    0xc1,0x8c,0x4b,0xcd,0x96,0x53,0xd8,0xa3,0x5e,0xe3,0xaf,0x6d,
    0xef,0xc2,0x88,0xf7,0xd7,0xaa,0xfb,0xe9,0xcd,0xfd,0xf7,0xea,
    0xff,0xff,0xfd,0xff,0xff,0xff,0xff,0xff,0xff,0xff,0xff,0xff,
    0xff,0xfe,0xfe,0xff,0xfe,0xfe,0xff,0xff,0xfe,0xff,0xff,0xfe,
    0xff,0xff,0xfe,0xff,0xff,0xfe,0xff,0xff,0xff,0xff,0xff,0xff,
    0xff,0xff,0xff,0xff,0xff,0xff,0xff,0xff,0xfd,0xff,0xfe,0xf5,
    0xfe,0xfd,0xeb,0xfe,0xfb,0xdf,0xff,0xf7,0xd5,0xff,0xf4,0xcd,
    0xff,0xff,0xff,0xff,0xff,0xff,0xfe,0xff,0xfd,0xe6,0xe2,0xd7,
    0xc4,0xb9,0xa6,0x99,0x8a,0x6f,0x74,0x5d,0x3b,0x59,0x3c,0x18,
    0x4d,0x2c,0x08,0x49,0x2a,0x04,0x4a,0x2b,0x09,0x48,0x2b,0x0d,
    0x44,0x2a,0x10,0x3d,0x25,0x0e,0x37,0x23,0x0b,0x33,0x1f,0x08,
    0x31,0x1c,0x07,0x30,0x1b,0x07,0x2f,0x1a,0x06,0x2c,0x19,0x05,
    0x2c,0x19,0x06,0x2b,0x17,0x06,0x2a,0x16,0x06,0x29,0x17,0x06,
    0x29,0x16,0x06,0x29,0x15,0x05,0x28,0x15,0x04,0x28,0x14,0x04,
    0x29,0x15,0x04,0x27,0x15,0x03,0x27,0x14,0x04,0x27,0x14,0x03,
    0x27,0x14,0x03,0x26,0x13,0x02,0x25,0x13,0x03,0x26,0x14,0x03,
    0x26,0x14,0x03,0x26,0x15,0x03,0x27,0x14,0x03,0x25,0x14,0x02,
    0x27,0x14,0x03,0x26,0x13,0x03,0x26,0x13,0x04,0x28,0x14,0x03,
    0x28,0x15,0x04,0x28,0x14,0x03,0x28,0x14,0x04,0x28,0x15,0x04,
    0x27,0x15,0x04,0x29,0x16,0x05,0x28,0x15,0x05,0x28,0x16,0x04,
    0x2a,0x16,0x05,0x2b,0x18,0x05,0x2c,0x1a,0x05,0x2b,0x19,0x05,
    0x2c,0x19,0x05,0x2d,0x1a,0x06,0x2d,0x1a,0x05,0x2f,0x1c,0x07,
    0x30,0x1c,0x06,0x2f,0x1a,0x05,0x30,0x1d,0x06,0x30,0x1d,0x06,
    0x32,0x1d,0x06,0x32,0x1e,0x07,0x33,0x1f,0x07,0x34,0x20,0x07,
    0x33,0x1f,0x06,0x36,0x20,0x08,0x37,0x21,0x09,0x38,0x22,0x09,
    0x3a,0x24,0x09,0x3a,0x23,0x08,0x3c,0x23,0x0a,0x3d,0x25,0x0b,
    0x3d,0x25,0x08,0x3f,0x27,0x0a,0x40,0x27,0x09,0x43,0x29,0x0b,
    0x43,0x29,0x0b,0x46,0x2b,0x0d,0x47,0x2d,0x0e,0x49,0x2e,0x0d,
    0x4c,0x2f,0x0f,0x4e,0x30,0x10,0x51,0x32,0x10,0x54,0x34,0x11,
    0x57,0x37,0x13,0x59,0x3a,0x14,0x5c,0x3c,0x16,0x63,0x40,0x19,
    0x65,0x43,0x19,0x6b,0x47,0x1b,0x70,0x4a,0x1d,0x76,0x4e,0x1f,
    0x7d,0x53,0x23,0x84,0x5a,0x27,0x8b,0x60,0x2b,0x94,0x67,0x2f,
    0x9c,0x6c,0x33,0xa5,0x74,0x3a,0xb1,0x7d,0x42,0xbb,0x87,0x49,
    0xc7,0x92,0x53,0xd5,0xa0,0x5e,0xe2,0xad,0x6a,0xee,0xbe,0x81,
    0xf6,0xd2,0xa0,0xfb,0xe6,0xc3,0xfe,0xf4,0xe3,0xff,0xfd,0xf6,
    0xff,0xff,0xff,0xff,0xff,0xff,0xff,0xff,0xff,0xff,0xff,0xff,
    0xff,0xfe,0xfe,0xff,0xff,0xfe,0xff,0xff,0xfe,0xff,0xff,0xfe,
    0xff,0xff,0xfe,0xff,0xff,0xff,0xff,0xff,0xff,0xff,0xff,0xff,
    0xff,0xff,0xff,0xff,0xff,0xff,0xff,0xff,0xf8,0xff,0xfd,0xed,
    0xc6,0xbb,0xa9,0x9d,0x8d,0x73,0x74,0x5d,0x3c,0x59,0x3d,0x1a,
    0x4c,0x2c,0x07,0x47,0x27,0x04,0x47,0x29,0x08,0x47,0x2c,0x0e,
    0x42,0x29,0x0f,0x3d,0x26,0x0d,0x38,0x23,0x0b,0x32,0x1f,0x08,
    0x30,0x1b,0x07,0x2c,0x1a,0x06,0x2b,0x19,0x05,0x29,0x17,0x05,
    0x28,0x16,0x05,0x28,0x15,0x04,0x27,0x14,0x04,0x25,0x14,0x04,
    0x24,0x13,0x03,0x24,0x12,0x03,0x24,0x12,0x03,0x24,0x12,0x03,
    0x23,0x12,0x03,0x23,0x12,0x03,0x23,0x11,0x03,0x23,0x11,0x03,
    0x23,0x12,0x03,0x23,0x11,0x02,0x22,0x11,0x02,0x23,0x11,0x02,
    0x23,0x12,0x02,0x23,0x11,0x02,0x22,0x10,0x02,0x22,0x11,0x01,
    0x22,0x11,0x01,0x22,0x11,0x01,0x23,0x11,0x01,0x23,0x11,0x02,
    0x24,0x12,0x01,0x24,0x12,0x02,0x23,0x12,0x02,0x24,0x13,0x02,
    0x24,0x13,0x02,0x24,0x12,0x01,0x24,0x12,0x02,0x25,0x12,0x02,
    0x25,0x12,0x02,0x24,0x11,0x02,0x25,0x12,0x03,0x25,0x12,0x03,
    0x26,0x12,0x03,0x26,0x13,0x02,0x28,0x16,0x03,0x28,0x16,0x04,
    0x29,0x16,0x04,0x2a,0x18,0x04,0x2b,0x19,0x05,0x2c,0x1a,0x06,
    0x2c,0x1a,0x06,0x2b,0x19,0x05,0x2c,0x1a,0x05,0x2c,0x1a,0x05,
    0x2e,0x1b,0x07,0x2e,0x1c,0x06,0x2f,0x1c,0x05,0x2f,0x1c,0x06,
    0x30,0x1d,0x07,0x31,0x1d,0x07,0x32,0x1e,0x08,0x33,0x1e,0x08,
    0x35,0x21,0x08,0x36,0x21,0x08,0x38,0x22,0x0a,0x38,0x22,0x0a,
    0x38,0x22,0x08,0x3b,0x24,0x09,0x3d,0x25,0x08,0x3f,0x26,0x08,
    0x3e,0x26,0x08,0x41,0x28,0x0a,0x42,0x29,0x0b,0x45,0x2b,0x0c,
    0x47,0x2c,0x0d,0x4a,0x2d,0x0d,0x4b,0x2e,0x0e,0x4d,0x30,0x0f,
    0x4f,0x31,0x10,0x50,0x33,0x11,0x53,0x35,0x11,0x56,0x36,0x12,
    0x59,0x3a,0x13,0x5e,0x3d,0x16,0x62,0x3f,0x18,0x66,0x42,0x1a,
    0x6b,0x46,0x1c,0x70,0x49,0x1f,0x76,0x4e,0x20,0x7c,0x54,0x23,
    0x82,0x58,0x26,0x8a,0x5e,0x29,0x92,0x64,0x2d,0x9b,0x6c,0x33,
    0xa5,0x74,0x39,0xb0,0x7e,0x40,0xbe,0x8a,0x48,0xcb,0x97,0x54,
    0xd7,0xa1,0x5d,0xe5,0xb0,0x6c,0xef,0xbe,0x81,0xf7,0xcf,0x9a,
    0xfc,0xe1,0xb7,0xfe,0xf1,0xd6,0xff,0xfb,0xef,0xff,0xff,0xfe,
    0xff,0xff,0xff,0xff,0xff,0xff,0xff,0xff,0xff,0xff,0xff,0xfe,
    0xff,0xff,0xfe,0xff,0xff,0xfe,0xff,0xff,0xff,0xff,0xff,0xff,
    0xff,0xff,0xfe,0xff,0xff,0xff,0xff,0xff,0xff,0xff,0xff,0xff,
    0x4d,0x2f,0x08,0x47,0x28,0x02,0x47,0x28,0x07,0x47,0x2a,0x0d,
    0x44,0x29,0x0e,0x3f,0x25,0x0c,0x37,0x22,0x0b,0x34,0x1f,0x08,
    0x31,0x1c,0x06,0x2f,0x1a,0x07,0x2d,0x18,0x06,0x28,0x15,0x05,
    0x27,0x15,0x04,0x25,0x14,0x03,0x24,0x13,0x03,0x23,0x11,0x03,
    0x22,0x11,0x02,0x22,0x11,0x02,0x20,0x0f,0x02,0x21,0x10,0x03,
    0x1f,0x0f,0x02,0x20,0x10,0x02,0x1f,0x0e,0x02,0x1e,0x0e,0x01,
    0x1f,0x0e,0x01,0x1e,0x0e,0x01,0x1e,0x0e,0x02,0x1d,0x0d,0x02,
    0x1e,0x0e,0x01,0x1e,0x0e,0x01,0x1f,0x0f,0x01,0x1f,0x0f,0x01,
    0x1f,0x0f,0x01,0x1f,0x0f,0x01,0x1f,0x0e,0x01,0x1f,0x0f,0x01,
    0x1e,0x0e,0x01,0x1f,0x0f,0x01,0x20,0x0f,0x02,0x20,0x0f,0x01,
    0x1f,0x0f,0x01,0x20,0x0f,0x01,0x21,0x10,0x01,0x22,0x11,0x02,
    0x22,0x11,0x02,0x22,0x11,0x02,0x22,0x11,0x02,0x22,0x11,0x02,
    0x23,0x12,0x01,0x23,0x12,0x01,0x23,0x12,0x01,0x23,0x12,0x01,
    0x23,0x12,0x01,0x23,0x12,0x01,0x25,0x13,0x02,0x25,0x13,0x02,
    0x26,0x12,0x03,0x27,0x13,0x02,0x28,0x15,0x03,0x28,0x16,0x04,
    0x29,0x17,0x04,0x29,0x17,0x04,0x29,0x17,0x04,0x2a,0x18,0x05,
    0x2a,0x18,0x05,0x2c,0x1a,0x06,0x2b,0x19,0x04,0x2b,0x1a,0x05,
    0x2d,0x1b,0x07,0x2d,0x1b,0x06,0x2e,0x1b,0x05,0x31,0x1c,0x08,
    0x32,0x1d,0x06,0x33,0x1e,0x06,0x34,0x1f,0x07,0x34,0x20,0x07,
    0x35,0x22,0x08,0x36,0x22,0x07,0x3a,0x22,0x08,0x3b,0x22,0x08,
    0x3c,0x24,0x09,0x3d,0x24,0x08,0x3f,0x25,0x09,0x41,0x27,0x0a,
    0x41,0x28,0x0a,0x44,0x2a,0x0c,0x45,0x2a,0x0c,0x47,0x2c,0x0d,
    0x48,0x2d,0x0d,0x4b,0x30,0x0f,0x4e,0x2f,0x0f,0x50,0x32,0x10,
    0x53,0x35,0x11,0x54,0x36,0x11,0x58,0x38,0x13,0x5b,0x3b,0x14,
    0x5e,0x3c,0x16,0x62,0x40,0x18,0x67,0x43,0x1a,0x6b,0x47,0x1c,
    0x72,0x4b,0x1f,0x77,0x50,0x21,0x7c,0x55,0x22,0x83,0x59,0x25,
    0x8d,0x60,0x2a,0x96,0x68,0x2f,0x9f,0x70,0x34,0xaa,0x79,0x3b,
    0xb5,0x84,0x43,0xc1,0x8e,0x4d,0xcd,0x9a,0x59,0xda,0xa6,0x66,
    0xe5,0xb2,0x73,0xf0,0xc2,0x87,0xf8,0xd2,0x9d,0xfd,0xe2,0xb6,
    0xff,0xee,0xce,0xff,0xf8,0xe7,0xff,0xfe,0xf7,0xff,0xff,0xff,
    0xff,0xff,0xff,0xff,0xff,0xff,0xff,0xff,0xfe,0xff,0xff,0xfe,
    0xff,0xff,0xff,0xff,0xff,0xff,0xff,0xff,0xff,0xff,0xff,0xfe,
    0x42,0x27,0x10,0x3c,0x25,0x0f,0x37,0x22,0x0b,0x33,0x1e,0x0a,
    0x2f,0x1a,0x07,0x2b,0x19,0x05,0x2a,0x17,0x05,0x28,0x15,0x05,
    0x27,0x14,0x06,0x25,0x12,0x04,0x24,0x12,0x03,0x22,0x10,0x03,
    0x21,0x0f,0x02,0x20,0x0f,0x02,0x1d,0x0d,0x02,0x1d,0x0d,0x02,
    0x1c,0x0d,0x02,0x1d,0x0d,0x02,0x1c,0x0c,0x02,0x1b,0x0c,0x02,
    0x1b,0x0b,0x02,0x1c,0x0b,0x02,0x1b,0x0b,0x02,0x1b,0x0b,0x01,
    0x1b,0x0c,0x01,0x1a,0x0b,0x02,0x1c,0x0b,0x02,0x1c,0x0b,0x01,
    0x1c,0x0c,0x02,0x1b,0x0c,0x01,0x1c,0x0b,0x01,0x1b,0x0c,0x01,
    0x1c,0x0c,0x01,0x1d,0x0c,0x02,0x1d,0x0d,0x03,0x1d,0x0c,0x02,
    0x1d,0x0c,0x02,0x1d,0x0c,0x01,0x1e,0x0c,0x03,0x1e,0x0d,0x02,
    0x1d,0x0d,0x01,0x1e,0x0e,0x01,0x1d,0x0d,0x01,0x1e,0x0e,0x01,
    0x1f,0x0e,0x01,0x20,0x0e,0x01,0x21,0x10,0x01,0x21,0x0f,0x01,
    0x21,0x0f,0x01,0x22,0x10,0x01,0x22,0x11,0x01,0x22,0x11,0x02,
    0x22,0x11,0x02,0x23,0x12,0x00,0x23,0x12,0x01,0x23,0x12,0x01,
    0x24,0x12,0x01,0x23,0x10,0x01,0x24,0x10,0x01,0x25,0x12,0x02,
    0x25,0x12,0x02,0x25,0x12,0x03,0x27,0x14,0x03,0x28,0x15,0x03,
    0x29,0x17,0x03,0x2b,0x18,0x04,0x2a,0x18,0x04,0x2b,0x19,0x04,
    0x2c,0x1a,0x06,0x2c,0x1a,0x05,0x2c,0x1a,0x04,0x2d,0x1b,0x05,
    0x2e,0x1b,0x05,0x2f,0x1b,0x06,0x31,0x1d,0x07,0x31,0x1e,0x06,
    0x33,0x1f,0x07,0x35,0x21,0x08,0x36,0x20,0x07,0x38,0x21,0x08,
    0x39,0x22,0x09,0x3b,0x23,0x09,0x3b,0x23,0x0a,0x3c,0x23,0x08,
    0x3e,0x26,0x08,0x41,0x28,0x09,0x41,0x28,0x0a,0x42,0x29,0x0b,
    0x43,0x29,0x0c,0x47,0x2c,0x0e,0x49,0x2d,0x0e,0x4b,0x2f,0x0f,
    0x4d,0x30,0x0e,0x50,0x32,0x11,0x51,0x33,0x0f,0x53,0x34,0x10,
    0x56,0x37,0x12,0x59,0x3a,0x14,0x5d,0x3c,0x16,0x60,0x3e,0x16,
    0x64,0x42,0x19,0x69,0x46,0x1a,0x6e,0x49,0x1b,0x73,0x4d,0x1e,
    0x7a,0x53,0x21,0x81,0x58,0x25,0x89,0x5e,0x28,0x92,0x65,0x2d,
    0x9a,0x6c,0x30,0xa5,0x75,0x36,0xb0,0x7f,0x3d,0xbc,0x89,0x4a,
    0xc7,0x94,0x53,0xd3,0x9e,0x5e,0xde,0xa9,0x6b,0xe8,0xb7,0x78,
    0xf2,0xc5,0x88,0xfa,0xd3,0x99,0xfe,0xe1,0xb1,0xff,0xed,0xc9,
    0xff,0xf6,0xe1,0xff,0xfc,0xf5,0xff,0xff,0xff,0xff,0xff,0xff,
    0xff,0xff,0xff,0xff,0xff,0xfe,0xff,0xff,0xfe,0xff,0xff,0xff,
    0x2e,0x18,0x05,0x2b,0x18,0x06,0x27,0x16,0x06,0x26,0x14,0x05,
    0x25,0x12,0x05,0x23,0x11,0x04,0x22,0x11,0x03,0x21,0x0f,0x02,
    0x1f,0x0f,0x03,0x1d,0x0d,0x02,0x1d,0x0d,0x02,0x1c,0x0c,0x02,
    0x1c,0x0c,0x01,0x1b,0x0c,0x01,0x18,0x0a,0x01,0x19,0x0b,0x02,
    0x19,0x0b,0x01,0x18,0x0a,0x01,0x19,0x0a,0x01,0x18,0x0a,0x01,
    0x17,0x0a,0x01,0x18,0x09,0x01,0x18,0x09,0x01,0x18,0x0a,0x01,
    0x17,0x09,0x01,0x18,0x0a,0x01,0x1a,0x0b,0x01,0x19,0x0a,0x01,
    0x18,0x0a,0x01,0x19,0x0a,0x01,0x1a,0x0a,0x01,0x18,0x0a,0x01,
    0x19,0x0b,0x01,0x1b,0x0a,0x01,0x18,0x0a,0x01,0x1a,0x0a,0x01,
    0x1b,0x0b,0x02,0x1b,0x0a,0x01,0x1b,0x0b,0x01,0x1c,0x0b,0x01,
    0x1c,0x0b,0x01,0x1c,0x0b,0x01,0x1c,0x0c,0x01,0x1d,0x0d,0x01,
    0x1e,0x0e,0x01,0x1d,0x0e,0x01,0x1f,0x0e,0x01,0x1e,0x0d,0x01,
    0x1e,0x0d,0x01,0x1f,0x0d,0x01,0x20,0x0e,0x01,0x21,0x0f,0x01,
    0x22,0x10,0x01,0x22,0x11,0x01,0x22,0x11,0x01,0x22,0x11,0x01,
    0x23,0x11,0x01,0x23,0x10,0x01,0x23,0x10,0x01,0x25,0x10,0x02,
    0x23,0x10,0x02,0x24,0x11,0x02,0x24,0x11,0x02,0x25,0x12,0x02,
    0x26,0x14,0x02,0x27,0x14,0x02,0x28,0x16,0x03,0x28,0x16,0x03,
    0x2a,0x18,0x04,0x2a,0x18,0x04,0x2b,0x19,0x05,0x2b,0x19,0x05,
    0x2c,0x1a,0x04,0x2d,0x1b,0x05,0x2c,0x1a,0x05,0x2e,0x1c,0x06,
    0x31,0x1d,0x05,0x32,0x1e,0x05,0x33,0x20,0x06,0x34,0x20,0x06,
    0x35,0x20,0x07,0x38,0x20,0x08,0x38,0x20,0x06,0x3a,0x21,0x07,
    0x3b,0x23,0x07,0x3d,0x25,0x08,0x3f,0x27,0x08,0x40,0x27,0x09,
    0x41,0x28,0x0a,0x43,0x29,0x0c,0x45,0x2b,0x0d,0x47,0x2c,0x0e,
    0x48,0x2d,0x0f,0x4b,0x30,0x11,0x4c,0x2f,0x0e,0x4f,0x31,0x0f,
    0x51,0x33,0x11,0x52,0x34,0x12,0x54,0x37,0x11,0x57,0x39,0x11,
    0x5b,0x3c,0x14,0x5f,0x3e,0x16,0x63,0x41,0x18,0x68,0x45,0x1a,
    0x6e,0x4a,0x1c,0x72,0x4d,0x1e,0x78,0x52,0x20,0x80,0x57,0x23,
    0x86,0x5c,0x28,0x90,0x63,0x2c,0x9a,0x6c,0x30,0xa3,0x74,0x36,
    0xac,0x7c,0x3b,0xb8,0x86,0x44,0xc3,0x8e,0x4e,0xcd,0x9a,0x5a,
    0xd8,0xa6,0x68,0xe2,0xb1,0x76,0xed,0xbd,0x84,0xf5,0xc9,0x93,
    0xfb,0xd6,0xa1,0xfe,0xe4,0xb5,0xff,0xef,0xce,0xff,0xf9,0xe7,
    0xff,0xfe,0xf9,0xff,0xff,0xff,0xff,0xff,0xff,0xff,0xff,0xff,
    0x23,0x11,0x02,0x22,0x10,0x02,0x21,0x0f,0x02,0x20,0x0f,0x03,
    0x1e,0x0e,0x03,0x1c,0x0c,0x02,0x1b,0x0c,0x02,0x1b,0x0c,0x02,
    0x19,0x0a,0x02,0x18,0x0a,0x01,0x19,0x0a,0x01,0x18,0x0a,0x01,
    0x18,0x0a,0x01,0x17,0x0a,0x01,0x17,0x09,0x01,0x16,0x08,0x01,
    0x16,0x08,0x00,0x15,0x07,0x00,0x16,0x07,0x01,0x16,0x08,0x01,
    0x16,0x08,0x01,0x16,0x07,0x01,0x16,0x07,0x00,0x16,0x08,0x01,
    0x15,0x07,0x01,0x16,0x08,0x00,0x16,0x08,0x01,0x16,0x08,0x00,
    0x16,0x08,0x00,0x17,0x09,0x01,0x17,0x09,0x01,0x17,0x08,0x01,
    0x17,0x09,0x01,0x17,0x09,0x01,0x17,0x09,0x01,0x18,0x0b,0x01,
    0x18,0x0a,0x01,0x1a,0x0b,0x01,0x1a,0x0a,0x01,0x1a,0x0a,0x01,
    0x1b,0x0a,0x01,0x1b,0x0a,0x01,0x1b,0x0a,0x01,0x1c,0x0b,0x02,
    0x1b,0x0b,0x01,0x1b,0x0b,0x01,0x1c,0x0b,0x01,0x1d,0x0c,0x02,
    0x1d,0x0d,0x00,0x1c,0x0c,0x01,0x1d,0x0d,0x01,0x1e,0x0d,0x01,
    0x1f,0x0e,0x01,0x21,0x0f,0x01,0x21,0x10,0x01,0x21,0x10,0x01,
    0x21,0x0f,0x01,0x22,0x0f,0x01,0x23,0x10,0x01,0x23,0x0f,0x01,
    0x23,0x0f,0x01,0x23,0x10,0x02,0x24,0x10,0x02,0x24,0x10,0x02,
    0x25,0x11,0x02,0x25,0x11,0x02,0x26,0x12,0x02,0x27,0x13,0x02,
    0x28,0x16,0x03,0x29,0x18,0x04,0x2a,0x18,0x04,0x2a,0x18,0x04,
    0x2a,0x18,0x03,0x2b,0x19,0x03,0x2b,0x19,0x03,0x2d,0x1a,0x04,
    0x2e,0x1a,0x03,0x30,0x1b,0x04,0x32,0x1d,0x06,0x33,0x1e,0x06,
    0x35,0x1e,0x06,0x36,0x1e,0x06,0x37,0x1f,0x06,0x37,0x20,0x08,
    0x39,0x21,0x08,0x3a,0x22,0x07,0x3c,0x24,0x08,0x3d,0x24,0x06,
    0x3f,0x26,0x08,0x40,0x28,0x09,0x41,0x28,0x0a,0x43,0x2a,0x0b,
    0x44,0x2b,0x0d,0x45,0x2c,0x0d,0x48,0x2d,0x0e,0x4b,0x2e,0x0f,
    0x4c,0x30,0x0f,0x4e,0x31,0x0e,0x4f,0x32,0x0f,0x52,0x35,0x10,
    0x55,0x38,0x11,0x59,0x3a,0x13,0x5c,0x3c,0x15,0x5e,0x3e,0x16,
    0x62,0x41,0x18,0x68,0x44,0x1a,0x6d,0x48,0x1c,0x73,0x4d,0x1e,
    0x78,0x52,0x21,0x7f,0x57,0x23,0x86,0x5c,0x27,0x8f,0x64,0x2c,
    0x97,0x6a,0x30,0xa1,0x73,0x36,0xab,0x79,0x3b,0xb6,0x83,0x42,
    0xc0,0x8c,0x4b,0xc9,0x96,0x54,0xd3,0xa0,0x61,0xdc,0xab,0x6e,
    0xe6,0xb7,0x7e,0xf2,0xc4,0x8b,0xf9,0xd0,0x9b,0xfd,0xdd,0xad,
    0xfe,0xeb,0xc3,0xff,0xf5,0xdb,0xfe,0xfc,0xf0,0xff,0xff,0xfd,
    0x1c,0x0e,0x02,0x1c,0x0c,0x02,0x1b,0x0b,0x02,0x19,0x0b,0x01,
    0x17,0x0a,0x01,0x18,0x0a,0x01,0x17,0x09,0x01,0x16,0x09,0x01,
    0x17,0x09,0x01,0x15,0x08,0x00,0x15,0x08,0x00,0x16,0x08,0x01,
    0x14,0x07,0x01,0x14,0x07,0x01,0x15,0x08,0x01,0x14,0x07,0x01,
    0x13,0x06,0x00,0x13,0x07,0x01,0x13,0x06,0x00,0x14,0x07,0x00,
    0x14,0x06,0x00,0x14,0x06,0x00,0x14,0x07,0x01,0x14,0x07,0x01,
    0x14,0x07,0x00,0x14,0x07,0x00,0x14,0x07,0x00,0x14,0x07,0x00,
    0x15,0x07,0x00,0x17,0x08,0x01,0x14,0x07,0x00,0x14,0x08,0x01,
    0x15,0x07,0x00,0x16,0x08,0x01,0x17,0x08,0x01,0x17,0x08,0x00,
    0x17,0x07,0x00,0x19,0x07,0x01,0x19,0x08,0x01,0x18,0x07,0x00,
    0x1a,0x09,0x01,0x1b,0x09,0x01,0x1a,0x09,0x02,0x1a,0x09,0x00,
    0x1c,0x0a,0x01,0x1b,0x0a,0x01,0x1b,0x0a,0x01,0x1c,0x0b,0x01,
    0x1c,0x0c,0x01,0x1c,0x0c,0x01,0x1d,0x0c,0x01,0x1c,0x0c,0x01,
    0x1d,0x0c,0x01,0x1e,0x0c,0x01,0x1e,0x0d,0x01,0x1f,0x0e,0x01,
    0x20,0x0d,0x01,0x21,0x0f,0x01,0x21,0x0f,0x01,0x21,0x0e,0x01,
    0x23,0x0f,0x01,0x23,0x0e,0x01,0x25,0x0e,0x01,0x25,0x0f,0x01,
    0x26,0x0f,0x01,0x26,0x10,0x01,0x26,0x10,0x02,0x27,0x11,0x02,
    0x26,0x12,0x02,0x27,0x14,0x02,0x28,0x16,0x03,0x29,0x17,0x03,
    0x29,0x17,0x03,0x2a,0x18,0x04,0x2b,0x19,0x05,0x2c,0x1a,0x05,
    0x2b,0x1a,0x04,0x2d,0x1a,0x04,0x2f,0x19,0x04,0x30,0x1a,0x05,
    0x31,0x1b,0x05,0x33,0x1d,0x05,0x34,0x1e,0x06,0x35,0x1e,0x06,
    0x36,0x20,0x08,0x38,0x21,0x07,0x3a,0x21,0x07,0x3b,0x23,0x07,
    0x3b,0x24,0x07,0x3d,0x26,0x08,0x3f,0x27,0x08,0x40,0x27,0x09,
    0x41,0x28,0x0a,0x42,0x29,0x0b,0x44,0x2b,0x0c,0x47,0x2c,0x0f,
    0x4a,0x2e,0x0e,0x4b,0x2e,0x0d,0x4c,0x2f,0x0f,0x4f,0x31,0x10,
    0x52,0x34,0x10,0x53,0x35,0x0f,0x55,0x38,0x10,0x58,0x3a,0x13,
    0x5b,0x3d,0x15,0x5f,0x3e,0x15,0x64,0x42,0x18,0x68,0x46,0x19,
    0x6e,0x49,0x1b,0x73,0x4c,0x1d,0x77,0x51,0x1f,0x7f,0x57,0x23,
    0x88,0x5e,0x27,0x8f,0x63,0x2a,0x98,0x6b,0x30,0xa1,0x71,0x33,
    0xaa,0x79,0x39,0xb4,0x81,0x40,0xbd,0x8a,0x48,0xc5,0x92,0x50,
    0xcf,0x9c,0x5b,0xd8,0xa6,0x67,0xe4,0xb2,0x77,0xee,0xbf,0x85,
    0xf4,0xcc,0x94,0xfc,0xda,0xa6,0xfe,0xe6,0xb8,0xff,0xf1,0xcf,
    0x16,0x09,0x01,0x14,0x09,0x01,0x13,0x09,0x01,0x13,0x08,0x00,
    0x13,0x08,0x01,0x12,0x06,0x00,0x14,0x07,0x00,0x14,0x07,0x00,
    0x12,0x06,0x01,0x12,0x05,0x01,0x12,0x06,0x01,0x12,0x06,0x00,
    0x11,0x06,0x01,0x10,0x05,0x01,0x11,0x05,0x01,0x11,0x05,0x00,
    0x11,0x05,0x01,0x11,0x05,0x01,0x11,0x05,0x00,0x12,0x05,0x00,
    0x13,0x06,0x00,0x11,0x05,0x00,0x11,0x05,0x00,0x11,0x05,0x00,
    0x11,0x05,0x00,0x11,0x05,0x00,0x11,0x06,0x00,0x12,0x07,0x01,
    0x13,0x07,0x00,0x12,0x06,0x00,0x11,0x06,0x00,0x12,0x06,0x01,
    0x13,0x07,0x00,0x14,0x07,0x00,0x15,0x07,0x00,0x16,0x06,0x01,
    0x15,0x06,0x00,0x17,0x06,0x00,0x17,0x06,0x00,0x17,0x06,0x00,
    0x18,0x08,0x01,0x19,0x09,0x01,0x1a,0x08,0x01,0x1a,0x09,0x01,
    0x1a,0x09,0x01,0x1b,0x0a,0x02,0x1a,0x0a,0x02,0x1a,0x09,0x01,
    0x1b,0x0a,0x01,0x1b,0x0b,0x01,0x1b,0x0a,0x01,0x1c,0x0a,0x01,
    0x1c,0x0b,0x01,0x1d,0x0c,0x01,0x1c,0x0d,0x01,0x1d,0x0d,0x00,
    0x1e,0x0c,0x01,0x1e,0x0c,0x01,0x1f,0x0d,0x00,0x21,0x0f,0x01,
    0x21,0x0f,0x01,0x22,0x0e,0x00,0x23,0x0e,0x00,0x23,0x0f,0x01,
    0x23,0x0f,0x01,0x24,0x0f,0x01,0x24,0x0e,0x01,0x26,0x10,0x02,
    0x26,0x10,0x02,0x27,0x11,0x02,0x27,0x12,0x02,0x28,0x15,0x03,
    0x28,0x16,0x03,0x29,0x17,0x03,0x29,0x17,0x04,0x2b,0x18,0x05,
    0x2a,0x17,0x04,0x2c,0x19,0x04,0x2e,0x18,0x04,0x2e,0x19,0x04,
    0x2f,0x1a,0x05,0x30,0x1b,0x05,0x32,0x1c,0x05,0x36,0x1d,0x06,
    0x33,0x1e,0x05,0x35,0x1f,0x06,0x38,0x20,0x06,0x39,0x21,0x05,
    0x3a,0x21,0x06,0x3b,0x23,0x07,0x3d,0x23,0x07,0x3f,0x25,0x09,
    0x3f,0x26,0x08,0x40,0x27,0x09,0x42,0x28,0x0a,0x43,0x29,0x0c,
    0x45,0x2b,0x0d,0x46,0x2c,0x0d,0x49,0x2d,0x0c,0x4c,0x2f,0x0e,
    0x4e,0x30,0x0f,0x50,0x32,0x0f,0x52,0x35,0x10,0x54,0x38,0x10,
    0x57,0x3a,0x12,0x59,0x3b,0x13,0x5d,0x3c,0x15,0x60,0x3f,0x15,
    0x65,0x44,0x18,0x6a,0x46,0x19,0x6e,0x4a,0x1a,0x73,0x4f,0x1d,
    0x7b,0x54,0x21,0x81,0x59,0x24,0x88,0x5d,0x27,0x8f,0x63,0x2a,
    0x97,0x6a,0x2e,0x9f,0x71,0x35,0xa9,0x79,0x3b,0xb3,0x81,0x40,
    0xbd,0x8a,0x48,0xc6,0x93,0x51,0xcf,0x9c,0x5a,0xd9,0xa6,0x66,
    0xe2,0xb1,0x74,0xec,0xbd,0x86,0xf4,0xca,0x94,0xfa,0xd6,0xa1,
    0x10,0x05,0x01,0x10,0x05,0x01,0x10,0x05,0x01,0x10,0x05,0x00,
    0x10,0x05,0x01,0x0f,0x04,0x01,0x0f,0x04,0x01,0x0e,0x04,0x01,
    0x0f,0x04,0x00,0x10,0x04,0x00,0x0f,0x04,0x01,0x0e,0x04,0x02,
    0x10,0x04,0x01,0x10,0x05,0x01,0x0f,0x04,0x00,0x0f,0x04,0x01,
    0x0f,0x04,0x00,0x0e,0x04,0x00,0x0e,0x04,0x01,0x0f,0x04,0x00,
    0x0f,0x04,0x01,0x10,0x04,0x01,0x10,0x05,0x00,0x0f,0x04,0x00,
    0x0e,0x03,0x00,0x0f,0x04,0x01,0x0f,0x04,0x00,0x0f,0x04,0x01,
    0x0f,0x04,0x00,0x10,0x05,0x00,0x11,0x05,0x01,0x10,0x06,0x00,
    0x12,0x06,0x01,0x14,0x06,0x01,0x14,0x06,0x01,0x14,0x06,0x01,
    0x14,0x06,0x01,0x14,0x06,0x00,0x14,0x06,0x00,0x15,0x05,0x00,
    0x15,0x05,0x00,0x17,0x06,0x00,0x18,0x07,0x00,0x17,0x06,0x00,
    0x17,0x06,0x01,0x18,0x08,0x01,0x19,0x09,0x01,0x1a,0x09,0x02,
    0x1a,0x09,0x01,0x1a,0x09,0x02,0x1b,0x0a,0x02,0x1b,0x0b,0x01,
    0x1b,0x0b,0x02,0x1b,0x0a,0x01,0x1c,0x0b,0x00,0x1d,0x0c,0x01,
    0x1d,0x0d,0x01,0x1e,0x0d,0x00,0x1f,0x0c,0x01,0x1f,0x0c,0x01,
    0x20,0x0d,0x01,0x21,0x0d,0x01,0x21,0x0e,0x01,0x21,0x0f,0x01,
    0x21,0x0f,0x01,0x24,0x0f,0x02,0x24,0x0e,0x01,0x25,0x0f,0x02,
    0x26,0x10,0x02,0x26,0x10,0x02,0x27,0x11,0x02,0x27,0x13,0x02,
    0x27,0x15,0x02,0x29,0x17,0x03,0x2a,0x16,0x03,0x2a,0x16,0x03,
    0x29,0x17,0x04,0x2b,0x18,0x05,0x2c,0x17,0x04,0x2c,0x17,0x04,
    0x2e,0x18,0x03,0x2f,0x19,0x04,0x2f,0x19,0x05,0x30,0x1b,0x06,
    0x32,0x1d,0x07,0x33,0x1d,0x06,0x34,0x1f,0x07,0x36,0x20,0x07,
    0x37,0x20,0x06,0x39,0x21,0x05,0x3b,0x23,0x07,0x3d,0x23,0x08,
    0x3d,0x24,0x06,0x3f,0x26,0x07,0x40,0x27,0x08,0x41,0x28,0x0a,
    0x42,0x2a,0x0b,0x43,0x2a,0x0b,0x47,0x2b,0x0c,0x4b,0x2e,0x0f,
    0x4b,0x2e,0x0d,0x4d,0x30,0x0e,0x4f,0x32,0x10,0x50,0x34,0x0f,
    0x52,0x35,0x10,0x54,0x38,0x11,0x58,0x3a,0x13,0x5b,0x3c,0x14,
    0x5e,0x3e,0x15,0x62,0x41,0x16,0x66,0x45,0x19,0x69,0x48,0x1a,
    0x6f,0x4b,0x1c,0x75,0x51,0x1e,0x7b,0x55,0x21,0x82,0x5a,0x23,
    0x89,0x5f,0x26,0x90,0x64,0x2b,0x99,0x6b,0x30,0xa1,0x73,0x35,
    0xab,0x7b,0x3a,0xb5,0x83,0x41,0xbd,0x8a,0x48,0xc5,0x92,0x51,
    0xcf,0x9c,0x5a,0xd8,0xa6,0x65,0xe1,0xb1,0x74,0xeb,0xbc,0x81,
    0x0e,0x05,0x01,0x0f,0x05,0x01,0x0e,0x04,0x00,0x0e,0x04,0x00,
    0x0e,0x04,0x01,0x0e,0x04,0x00,0x0e,0x03,0x01,0x0d,0x03,0x01,
    0x0d,0x03,0x01,0x0e,0x04,0x00,0x0e,0x04,0x00,0x0e,0x04,0x00,
    0x0e,0x05,0x00,0x0e,0x04,0x01,0x0d,0x04,0x00,0x0e,0x04,0x00,
    0x0f,0x04,0x01,0x0e,0x05,0x00,0x0e,0x03,0x01,0x0e,0x03,0x01,
    0x0f,0x03,0x01,0x0f,0x03,0x01,0x0f,0x04,0x00,0x0e,0x03,0x00,
    0x0f,0x04,0x00,0x0f,0x04,0x00,0x0f,0x04,0x00,0x0e,0x04,0x01,
    0x10,0x04,0x01,0x10,0x04,0x01,0x10,0x04,0x01,0x0e,0x04,0x01,
    0x10,0x04,0x01,0x12,0x05,0x01,0x13,0x06,0x00,0x13,0x05,0x01,
    0x14,0x05,0x01,0x15,0x05,0x01,0x14,0x06,0x01,0x14,0x06,0x01,
    0x15,0x05,0x01,0x14,0x05,0x01,0x14,0x05,0x01,0x17,0x05,0x01,
    0x18,0x07,0x00,0x18,0x07,0x00,0x19,0x08,0x01,0x1a,0x09,0x01,
    0x1a,0x09,0x01,0x1a,0x09,0x01,0x19,0x09,0x01,0x19,0x09,0x01,
    0x1a,0x0a,0x01,0x1b,0x0a,0x01,0x1b,0x0a,0x01,0x1b,0x0a,0x01,
    0x1c,0x0a,0x01,0x1c,0x0b,0x01,0x1e,0x0b,0x01,0x1f,0x0b,0x01,
    0x1f,0x0b,0x01,0x20,0x0c,0x01,0x20,0x0d,0x01,0x21,0x0e,0x01,
    0x22,0x0f,0x01,0x21,0x0e,0x01,0x23,0x0e,0x02,0x24,0x0f,0x01,
    0x25,0x0f,0x02,0x25,0x10,0x01,0x26,0x11,0x02,0x27,0x12,0x01,
    0x27,0x12,0x02,0x29,0x14,0x02,0x2a,0x14,0x02,0x29,0x16,0x02,
    0x29,0x17,0x03,0x2a,0x17,0x03,0x2c,0x16,0x03,0x2c,0x18,0x04,
    0x2c,0x17,0x04,0x2d,0x18,0x04,0x2f,0x19,0x04,0x2f,0x1a,0x04,
    0x31,0x1b,0x06,0x32,0x1c,0x06,0x33,0x1e,0x06,0x34,0x1f,0x07,
    0x35,0x20,0x07,0x37,0x20,0x04,0x39,0x21,0x06,0x3b,0x22,0x06,
    0x3c,0x22,0x06,0x3c,0x23,0x07,0x3f,0x25,0x08,0x40,0x27,0x09,
    0x40,0x28,0x09,0x42,0x29,0x0a,0x42,0x29,0x0b,0x47,0x2b,0x0d,
    0x4a,0x2d,0x0e,0x4a,0x2e,0x0c,0x4b,0x2f,0x0c,0x4d,0x30,0x0e,
    0x4f,0x33,0x0e,0x51,0x34,0x0f,0x53,0x34,0x0f,0x56,0x38,0x11,
    0x59,0x3b,0x13,0x5b,0x3d,0x14,0x60,0x40,0x16,0x63,0x42,0x17,
    0x66,0x46,0x17,0x6c,0x4a,0x1c,0x72,0x4d,0x1e,0x76,0x50,0x1f,
    0x7c,0x55,0x21,0x84,0x5b,0x24,0x8b,0x61,0x29,0x94,0x68,0x2f,
    0x9b,0x6e,0x33,0xa3,0x74,0x35,0xab,0x7b,0x3b,0xb4,0x83,0x41,
    0xbe,0x8b,0x48,0xc7,0x95,0x4f,0xcf,0x9d,0x5a,0xd8,0xa6,0x65,
    0x0d,0x04,0x01,0x0d,0x04,0x01,0x0d,0x04,0x01,0x0d,0x04,0x01,
    0x0d,0x03,0x01,0x0d,0x03,0x01,0x0c,0x02,0x01,0x0d,0x03,0x01,
    0x0d,0x04,0x01,0x0d,0x04,0x00,0x0e,0x05,0x00,0x0d,0x04,0x01,
    0x0d,0x03,0x00,0x0c,0x04,0x01,0x0c,0x03,0x01,0x0d,0x03,0x00,
    0x0d,0x04,0x00,0x0d,0x03,0x01,0x0d,0x03,0x01,0x0e,0x03,0x01,
    0x0d,0x03,0x01,0x0e,0x03,0x01,0x0e,0x03,0x01,0x0e,0x03,0x01,
    0x0f,0x03,0x01,0x0e,0x03,0x01,0x0f,0x04,0x00,0x0e,0x04,0x01,
    0x0e,0x03,0x01,0x0f,0x04,0x01,0x0e,0x03,0x00,0x0e,0x04,0x01,
    0x0f,0x04,0x00,0x0f,0x04,0x00,0x0f,0x04,0x00,0x11,0x05,0x01,
    0x12,0x05,0x00,0x14,0x06,0x00,0x14,0x06,0x00,0x14,0x05,0x01,
    0x14,0x06,0x01,0x14,0x06,0x00,0x15,0x07,0x00,0x17,0x06,0x00,
    0x17,0x05,0x00,0x16,0x06,0x01,0x16,0x06,0x00,0x18,0x07,0x00,
    0x18,0x07,0x01,0x18,0x07,0x00,0x19,0x08,0x01,0x1a,0x08,0x01,
    0x1a,0x09,0x01,0x1b,0x09,0x01,0x19,0x0a,0x01,0x19,0x0a,0x00,
    0x1b,0x0a,0x00,0x1a,0x0a,0x00,0x1b,0x0a,0x01,0x1e,0x0b,0x01,
    0x1f,0x0b,0x01,0x1e,0x0b,0x01,0x21,0x0d,0x01,0x21,0x0e,0x01,
    0x20,0x0e,0x01,0x20,0x0d,0x01,0x22,0x0e,0x01,0x23,0x0e,0x01,
    0x24,0x0e,0x01,0x23,0x0e,0x01,0x23,0x10,0x01,0x25,0x10,0x01,
    0x26,0x10,0x01,0x28,0x13,0x01,0x29,0x14,0x02,0x28,0x15,0x02,
    0x28,0x17,0x02,0x29,0x15,0x02,0x2b,0x15,0x03,0x2c,0x17,0x04,
    0x2b,0x16,0x04,0x2d,0x16,0x03,0x2d,0x19,0x03,0x2e,0x19,0x04,
    0x2f,0x19,0x04,0x30,0x1a,0x06,0x31,0x1b,0x05,0x33,0x1e,0x05,
    0x34,0x1f,0x05,0x36,0x1f,0x04,0x36,0x1f,0x04,0x37,0x20,0x05,
    0x3a,0x21,0x06,0x3b,0x21,0x06,0x3d,0x23,0x08,0x3e,0x26,0x08,
    0x3e,0x26,0x07,0x40,0x26,0x09,0x41,0x28,0x0a,0x43,0x29,0x0a,
    0x46,0x2b,0x0c,0x46,0x2c,0x0d,0x4a,0x2d,0x0e,0x4a,0x2d,0x0e,
    0x4c,0x2f,0x0d,0x4e,0x32,0x0e,0x50,0x33,0x0e,0x52,0x35,0x0f,
    0x56,0x38,0x11,0x57,0x3a,0x11,0x5a,0x3c,0x12,0x5e,0x3e,0x15,
    0x61,0x41,0x15,0x65,0x44,0x18,0x69,0x47,0x1a,0x6e,0x4a,0x1d,
    0x74,0x4f,0x1d,0x79,0x53,0x1e,0x7f,0x58,0x22,0x86,0x5c,0x26,
    0x8c,0x62,0x2a,0x95,0x69,0x2d,0x9d,0x6f,0x33,0xa4,0x76,0x35,
    0xac,0x7d,0x3a,0xb6,0x84,0x41,0xbf,0x8e,0x4b,0xc7,0x95,0x52,
    0x0c,0x03,0x01,0x0b,0x02,0x00,0x0c,0x02,0x01,0x0c,0x02,0x01,
    0x0c,0x03,0x01,0x0c,0x02,0x00,0x0b,0x02,0x00,0x0b,0x02,0x00,
    0x0c,0x02,0x01,0x0c,0x03,0x00,0x0d,0x02,0x00,0x0c,0x02,0x01,
    0x0b,0x01,0x01,0x0b,0x02,0x01,0x0c,0x02,0x01,0x0d,0x03,0x01,
    0x0d,0x03,0x01,0x0d,0x03,0x01,0x0c,0x02,0x00,0x0d,0x02,0x00,
    0x0e,0x02,0x00,0x0e,0x02,0x01,0x0d,0x03,0x01,0x0d,0x03,0x00,
    0x0d,0x04,0x01,0x0d,0x03,0x01,0x0e,0x03,0x01,0x0e,0x03,0x01,
    0x0e,0x03,0x00,0x0e,0x03,0x01,0x0e,0x03,0x00,0x0f,0x04,0x01,
    0x0f,0x04,0x01,0x0e,0x03,0x01,0x0e,0x03,0x00,0x0f,0x04,0x00,
    0x12,0x05,0x00,0x13,0x05,0x00,0x13,0x05,0x01,0x13,0x05,0x00,
    0x13,0x05,0x00,0x14,0x05,0x00,0x15,0x06,0x00,0x15,0x05,0x00,
    0x15,0x05,0x01,0x15,0x06,0x01,0x14,0x06,0x00,0x16,0x06,0x00,
    0x16,0x06,0x01,0x16,0x06,0x00,0x18,0x08,0x01,0x16,0x07,0x00,
    0x17,0x07,0x01,0x1a,0x08,0x01,0x18,0x09,0x01,0x19,0x09,0x00,
    0x1b,0x09,0x01,0x1b,0x0a,0x01,0x1b,0x0a,0x00,0x1b,0x09,0x00,
    0x1d,0x0b,0x01,0x1e,0x0b,0x01,0x1f,0x0b,0x01,0x20,0x0c,0x01,
    0x20,0x0c,0x01,0x21,0x0c,0x01,0x21,0x0d,0x01,0x22,0x0e,0x01,
    0x22,0x0e,0x01,0x24,0x0e,0x01,0x25,0x0f,0x01,0x25,0x0f,0x01,
    0x24,0x0f,0x01,0x26,0x11,0x01,0x26,0x11,0x01,0x28,0x13,0x01,
    0x28,0x14,0x02,0x29,0x15,0x02,0x2a,0x15,0x03,0x2b,0x15,0x03,
    0x2b,0x16,0x03,0x2b,0x15,0x03,0x2c,0x18,0x05,0x2d,0x18,0x06,
    0x2e,0x18,0x05,0x30,0x1a,0x05,0x31,0x1b,0x05,0x32,0x1c,0x05,
    0x32,0x1d,0x05,0x34,0x1d,0x04,0x37,0x1e,0x06,0x37,0x1e,0x05,
    0x38,0x20,0x05,0x3a,0x21,0x06,0x3c,0x22,0x07,0x3c,0x23,0x07,
    0x3e,0x25,0x08,0x3e,0x26,0x07,0x3f,0x26,0x08,0x42,0x28,0x0a,
    0x43,0x28,0x0a,0x43,0x29,0x0b,0x49,0x2c,0x0e,0x54,0x35,0x15,
    0x4d,0x30,0x0e,0x4d,0x30,0x0e,0x4e,0x31,0x0e,0x50,0x33,0x0e,
    0x51,0x34,0x0e,0x54,0x37,0x0f,0x56,0x39,0x10,0x59,0x3b,0x11,
    0x5c,0x3d,0x13,0x5f,0x3e,0x15,0x62,0x42,0x18,0x66,0x45,0x19,
    0x6b,0x49,0x19,0x70,0x4d,0x1b,0x74,0x50,0x1e,0x7b,0x53,0x21,
    0x82,0x59,0x24,0x88,0x5e,0x27,0x8e,0x64,0x2b,0x96,0x6b,0x2e,
    0x9d,0x72,0x32,0xa4,0x77,0x36,0xac,0x7e,0x3a,0xb6,0x85,0x41,
    0x09,0x02,0x00,0x09,0x01,0x00,0x09,0x01,0x00,0x09,0x01,0x00,
    0x09,0x01,0x00,0x0a,0x01,0x00,0x0a,0x01,0x00,0x09,0x01,0x00,
    0x0a,0x01,0x00,0x0a,0x01,0x00,0x0a,0x01,0x00,0x0a,0x01,0x00,
    0x0a,0x01,0x00,0x0b,0x02,0x00,0x0b,0x02,0x00,0x0c,0x02,0x00,
    0x0c,0x03,0x01,0x0b,0x03,0x00,0x0d,0x02,0x00,0x0d,0x02,0x00,
    0x0d,0x02,0x00,0x0c,0x02,0x00,0x0c,0x02,0x00,0x0c,0x02,0x00,
    0x0c,0x03,0x01,0x0d,0x03,0x01,0x0d,0x02,0x00,0x0c,0x03,0x01,
    0x0e,0x02,0x01,0x0d,0x03,0x01,0x0e,0x03,0x01,0x0e,0x03,0x01,
    0x0e,0x03,0x01,0x0d,0x03,0x01,0x0e,0x03,0x01,0x0e,0x03,0x00,
    0x0e,0x03,0x01,0x0e,0x03,0x01,0x12,0x05,0x00,0x12,0x05,0x00,
    0x13,0x05,0x01,0x12,0x06,0x00,0x13,0x05,0x00,0x13,0x05,0x01,
    0x13,0x05,0x01,0x13,0x05,0x00,0x14,0x05,0x00,0x15,0x05,0x01,
    0x15,0x05,0x01,0x14,0x05,0x01,0x16,0x05,0x00,0x15,0x06,0x00,
    0x16,0x07,0x01,0x19,0x08,0x01,0x19,0x09,0x01,0x18,0x08,0x00,
    0x1a,0x08,0x01,0x1a,0x09,0x01,0x1b,0x0a,0x01,0x1d,0x0a,0x01,
    0x1e,0x0a,0x01,0x1e,0x0a,0x01,0x1e,0x0a,0x01,0x1e,0x0a,0x01,
    0x1f,0x0b,0x01,0x20,0x0c,0x01,0x20,0x0c,0x01,0x20,0x0c,0x02,
    0x21,0x0d,0x02,0x22,0x0e,0x01,0x24,0x0e,0x01,0x24,0x0e,0x01,
    0x23,0x10,0x01,0x24,0x0f,0x01,0x25,0x0f,0x01,0x27,0x12,0x01,
    0x27,0x12,0x02,0x29,0x14,0x03,0x28,0x13,0x02,0x2a,0x15,0x03,
    0x2a,0x15,0x04,0x2b,0x15,0x03,0x2b,0x15,0x03,0x2c,0x16,0x04,
    0x2e,0x17,0x05,0x2f,0x19,0x05,0x2f,0x19,0x05,0x2f,0x19,0x05,
    0x32,0x1b,0x06,0x32,0x1c,0x05,0x35,0x1e,0x05,0x37,0x1f,0x05,
    0x38,0x1f,0x06,0x39,0x1f,0x08,0x3b,0x21,0x06,0x3c,0x22,0x07,
    0x3d,0x22,0x08,0x3d,0x25,0x07,0x3e,0x25,0x07,0x40,0x27,0x09,
    0x42,0x27,0x0a,0x44,0x29,0x0b,0x44,0x2b,0x0a,0x52,0x34,0x11,
    0x49,0x2e,0x0c,0x4a,0x2e,0x0b,0x4b,0x2e,0x0c,0x4d,0x31,0x0d,
    0x4f,0x33,0x0d,0x50,0x33,0x0d,0x53,0x35,0x10,0x56,0x38,0x10,
    0x56,0x39,0x10,0x5b,0x3c,0x12,0x5e,0x3e,0x15,0x61,0x40,0x17,
    0x64,0x43,0x16,0x6b,0x48,0x1a,0x73,0x4d,0x1e,0x73,0x4f,0x1e,
    0x78,0x52,0x22,0x7c,0x55,0x21,0x81,0x5c,0x24,0x8a,0x61,0x28,
    0x91,0x68,0x2c,0x98,0x6d,0x2e,0x9e,0x72,0x31,0xa6,0x78,0x35,
    0x09,0x01,0x01,0x0a,0x01,0x01,0x09,0x01,0x00,0x09,0x01,0x01,
    0x09,0x00,0x01,0x09,0x01,0x00,0x09,0x01,0x00,0x09,0x01,0x00,
    0x0a,0x01,0x00,0x09,0x00,0x01,0x0a,0x00,0x01,0x0a,0x01,0x00,
    0x0a,0x01,0x00,0x0a,0x01,0x00,0x0a,0x01,0x00,0x0a,0x01,0x00,
    0x0b,0x02,0x00,0x0b,0x01,0x00,0x0c,0x02,0x00,0x0d,0x02,0x01,
    0x0c,0x01,0x00,0x0d,0x01,0x00,0x0d,0x02,0x00,0x0d,0x02,0x00,
    0x0d,0x02,0x00,0x0e,0x03,0x01,0x0d,0x03,0x00,0x0c,0x03,0x01,
    0x0d,0x02,0x01,0x0d,0x02,0x00,0x0d,0x03,0x01,0x0e,0x04,0x01,
    0x0e,0x03,0x00,0x0f,0x04,0x01,0x0f,0x04,0x00,0x0e,0x03,0x00,
    0x0e,0x03,0x01,0x0e,0x03,0x00,0x0f,0x04,0x00,0x0f,0x04,0x00,
    0x10,0x04,0x00,0x12,0x04,0x01,0x12,0x04,0x01,0x13,0x05,0x01,
    0x12,0x05,0x00,0x12,0x05,0x00,0x15,0x05,0x01,0x17,0x05,0x01,
    0x16,0x05,0x01,0x15,0x05,0x00,0x15,0x05,0x00,0x17,0x06,0x00,
    0x18,0x07,0x00,0x17,0x07,0x00,0x18,0x08,0x01,0x19,0x08,0x01,
    0x19,0x08,0x01,0x1a,0x08,0x01,0x1b,0x08,0x01,0x1c,0x09,0x01,
    0x1c,0x09,0x01,0x1d,0x09,0x01,0x1e,0x09,0x01,0x1e,0x0a,0x01,
    0x1e,0x0b,0x01,0x1f,0x0b,0x01,0x1f,0x0c,0x01,0x21,0x0d,0x01,
    0x21,0x0e,0x01,0x22,0x0e,0x01,0x23,0x0d,0x01,0x23,0x0d,0x01,
    0x23,0x0e,0x01,0x24,0x0f,0x01,0x23,0x10,0x01,0x25,0x10,0x01,
    0x26,0x10,0x01,0x28,0x12,0x01,0x28,0x13,0x02,0x29,0x13,0x03,
    0x2a,0x13,0x03,0x2a,0x14,0x02,0x2a,0x15,0x02,0x2c,0x15,0x03,
    0x2d,0x17,0x05,0x2c,0x18,0x04,0x2e,0x18,0x04,0x2f,0x1a,0x04,
    0x30,0x1a,0x05,0x32,0x1c,0x05,0x34,0x1c,0x05,0x36,0x1e,0x05,
    0x37,0x1f,0x05,0x38,0x1f,0x06,0x39,0x20,0x07,0x3a,0x20,0x06,
    0x3b,0x20,0x05,0x3c,0x22,0x07,0x3d,0x24,0x06,0x3f,0x26,0x08,
    0x41,0x28,0x09,0x42,0x28,0x09,0x43,0x29,0x0a,0x43,0x2a,0x09,
    0x48,0x2b,0x0b,0x49,0x2d,0x0b,0x4b,0x2d,0x0c,0x4b,0x2e,0x0c,
    0x4c,0x30,0x0d,0x4e,0x32,0x0f,0x50,0x32,0x0f,0x53,0x33,0x0f,
    0x55,0x36,0x10,0x58,0x3a,0x11,0x5a,0x3b,0x13,0x5d,0x3d,0x15,
    0x5f,0x3f,0x16,0x66,0x43,0x16,0x6e,0x4b,0x1b,0x6c,0x4b,0x1a,
    0x6f,0x4e,0x1c,0x74,0x50,0x1d,0x79,0x55,0x1f,0x7f,0x59,0x23,
    0x86,0x5f,0x25,0x8c,0x64,0x28,0x94,0x69,0x2f,0x9b,0x6e,0x31,
    0x07,0x00,0x00,0x07,0x01,0x00,0x09,0x01,0x00,0x09,0x00,0x01,
    0x09,0x00,0x01,0x08,0x01,0x00,0x08,0x01,0x00,0x08,0x01,0x00,
    0x08,0x00,0x01,0x09,0x00,0x01,0x09,0x00,0x01,0x09,0x00,0x00,
    0x0a,0x01,0x00,0x09,0x01,0x00,0x09,0x01,0x00,0x09,0x01,0x00,
    0x09,0x01,0x00,0x09,0x00,0x00,0x0b,0x01,0x00,0x0b,0x01,0x00,
    0x0b,0x01,0x00,0x0b,0x01,0x00,0x0d,0x02,0x00,0x0c,0x03,0x00,
    0x0c,0x03,0x00,0x0c,0x02,0x00,0x0e,0x03,0x01,0x0c,0x02,0x00,
    0x0d,0x01,0x00,0x0d,0x01,0x00,0x0d,0x02,0x01,0x0c,0x03,0x00,
    0x0d,0x02,0x00,0x0e,0x03,0x01,0x0f,0x03,0x00,0x0f,0x03,0x00,
    0x0e,0x03,0x00,0x0d,0x03,0x00,0x0e,0x03,0x01,0x0e,0x04,0x00,
    0x0f,0x04,0x00,0x12,0x04,0x01,0x12,0x04,0x01,0x12,0x05,0x00,
    0x12,0x05,0x00,0x12,0x05,0x00,0x15,0x06,0x01,0x16,0x05,0x01,
    0x15,0x05,0x01,0x15,0x05,0x01,0x15,0x05,0x00,0x15,0x05,0x00,
    0x15,0x05,0x00,0x16,0x06,0x00,0x18,0x08,0x01,0x17,0x08,0x01,
    0x19,0x08,0x01,0x1c,0x08,0x01,0x1b,0x08,0x01,0x1b,0x08,0x01,
    0x1c,0x08,0x01,0x1c,0x08,0x01,0x1d,0x09,0x01,0x1d,0x0a,0x01,
    0x1d,0x0a,0x01,0x1f,0x0b,0x01,0x1f,0x0c,0x01,0x20,0x0d,0x01,
    0x21,0x0e,0x01,0x21,0x0d,0x01,0x23,0x0d,0x01,0x23,0x0e,0x01,
    0x23,0x0d,0x01,0x22,0x0d,0x01,0x21,0x0f,0x01,0x23,0x0e,0x01,
    0x26,0x10,0x01,0x26,0x11,0x01,0x26,0x11,0x01,0x29,0x12,0x02,
    0x29,0x12,0x02,0x2a,0x14,0x02,0x2b,0x14,0x02,0x2c,0x15,0x03,
    0x2c,0x15,0x03,0x2c,0x15,0x03,0x2d,0x18,0x04,0x2e,0x18,0x04,
    0x2f,0x1a,0x04,0x32,0x1b,0x04,0x34,0x1b,0x05,0x34,0x1c,0x04,
    0x36,0x1e,0x04,0x37,0x1f,0x05,0x37,0x1e,0x06,0x39,0x1f,0x06,
    0x3b,0x21,0x06,0x3b,0x21,0x06,0x3c,0x22,0x07,0x3d,0x23,0x06,
    0x3f,0x26,0x06,0x3f,0x26,0x08,0x41,0x28,0x09,0x44,0x29,0x0a,
    0x47,0x2a,0x0a,0x49,0x2b,0x0a,0x4a,0x2c,0x0b,0x4a,0x2d,0x0b,
    0x4c,0x2f,0x0c,0x4d,0x30,0x0e,0x4d,0x30,0x0d,0x4f,0x32,0x0e,
    0x51,0x33,0x0f,0x55,0x35,0x0f,0x57,0x39,0x10,0x59,0x3b,0x11,
    0x5b,0x3c,0x13,0x5e,0x3e,0x15,0x61,0x41,0x16,0x65,0x45,0x18,
    0x68,0x48,0x19,0x6c,0x4b,0x1b,0x71,0x4e,0x1b,0x77,0x54,0x1d,
    0x7c,0x57,0x20,0x81,0x5b,0x23,0x87,0x60,0x26,0x8e,0x65,0x2a,
    0x06,0x00,0x00,0x06,0x00,0x00,0x07,0x01,0x01,0x07,0x01,0x00,
    0x08,0x01,0x00,0x07,0x01,0x01,0x06,0x01,0x00,0x07,0x01,0x00,
    0x07,0x00,0x00,0x08,0x00,0x00,0x08,0x00,0x00,0x08,0x00,0x00,
    0x08,0x00,0x00,0x09,0x00,0x01,0x09,0x00,0x01,0x09,0x00,0x01,
    0x09,0x00,0x00,0x0a,0x01,0x00,0x09,0x00,0x00,0x09,0x00,0x00,
    0x0a,0x01,0x00,0x0a,0x00,0x00,0x0a,0x01,0x00,0x0a,0x01,0x00,
    0x0b,0x01,0x00,0x0b,0x01,0x00,0x0c,0x02,0x00,0x0c,0x02,0x00,
    0x0d,0x02,0x00,0x0c,0x01,0x00,0x0c,0x01,0x00,0x0d,0x02,0x00,
    0x0d,0x02,0x01,0x0c,0x02,0x00,0x0d,0x02,0x01,0x0e,0x03,0x01,
    0x0e,0x03,0x01,0x0d,0x02,0x01,0x0d,0x03,0x00,0x0e,0x03,0x00,
    0x0f,0x04,0x00,0x13,0x05,0x01,0x13,0x05,0x01,0x12,0x04,0x00,
    0x12,0x04,0x01,0x12,0x05,0x00,0x13,0x05,0x01,0x15,0x06,0x01,
    0x14,0x06,0x00,0x13,0x05,0x01,0x15,0x05,0x01,0x16,0x04,0x01,
    0x16,0x05,0x01,0x16,0x06,0x00,0x16,0x06,0x00,0x16,0x06,0x00,
    0x18,0x07,0x00,0x1a,0x07,0x01,0x1a,0x08,0x01,0x1a,0x07,0x01,
    0x1b,0x07,0x01,0x1c,0x09,0x01,0x1d,0x09,0x01,0x1c,0x08,0x01,
    0x1d,0x09,0x01,0x1d,0x09,0x01,0x1e,0x0a,0x01,0x1e,0x0b,0x01,
    0x1f,0x0b,0x01,0x1f,0x0b,0x01,0x20,0x0c,0x01,0x22,0x0d,0x01,
    0x23,0x0d,0x00,0x23,0x0d,0x01,0x23,0x0e,0x01,0x23,0x0f,0x01,
    0x25,0x0f,0x01,0x24,0x0e,0x01,0x25,0x0f,0x01,0x27,0x12,0x01,
    0x27,0x12,0x01,0x27,0x13,0x02,0x27,0x12,0x02,0x29,0x13,0x02,
    0x29,0x15,0x02,0x2b,0x16,0x03,0x2c,0x17,0x04,0x2e,0x17,0x04,
    0x2f,0x19,0x04,0x2f,0x18,0x02,0x31,0x19,0x03,0x34,0x1b,0x05,
    0x35,0x1d,0x05,0x36,0x1e,0x04,0x35,0x1d,0x04,0x37,0x1f,0x05,
    0x37,0x1f,0x04,0x39,0x20,0x04,0x3b,0x21,0x06,0x3c,0x23,0x06,
    0x3d,0x24,0x06,0x3e,0x25,0x06,0x3f,0x27,0x07,0x43,0x27,0x09,
    0x46,0x28,0x0a,0x46,0x2a,0x0a,0x47,0x2a,0x0a,0x49,0x2c,0x0c,
    0x4a,0x2d,0x0d,0x4b,0x2e,0x0d,0x4c,0x2f,0x0d,0x4e,0x30,0x0e,
    0x4f,0x32,0x0f,0x51,0x31,0x0d,0x54,0x34,0x0e,0x56,0x37,0x0e,
    0x59,0x39,0x10,0x5a,0x3c,0x12,0x5d,0x3e,0x13,0x60,0x41,0x15,
    0x62,0x44,0x16,0x67,0x47,0x18,0x6b,0x4a,0x1a,0x6f,0x4d,0x19,
    0x73,0x4f,0x1b,0x78,0x54,0x1e,0x7e,0x59,0x21,0x83,0x5d,0x24,
    0x06,0x00,0x00,0x06,0x00,0x00,0x06,0x00,0x00,0x06,0x00,0x00,
    0x07,0x00,0x00,0x06,0x00,0x00,0x06,0x00,0x00,0x06,0x00,0x00,
    0x07,0x00,0x00,0x08,0x00,0x00,0x08,0x00,0x00,0x07,0x00,0x00,
    0x07,0x00,0x00,0x09,0x00,0x01,0x08,0x00,0x01,0x08,0x00,0x01,
    0x08,0x00,0x01,0x09,0x01,0x00,0x09,0x00,0x00,0x09,0x01,0x00,
    0x0a,0x01,0x00,0x0a,0x01,0x00,0x0a,0x00,0x00,0x0a,0x01,0x00,
    0x0a,0x00,0x00,0x0a,0x00,0x00,0x0b,0x01,0x00,0x0c,0x01,0x00,
    0x0b,0x01,0x00,0x0b,0x01,0x00,0x0b,0x01,0x00,0x0c,0x02,0x00,
    0x0b,0x02,0x00,0x0c,0x02,0x00,0x0c,0x02,0x00,0x0c,0x02,0x00,
    0x0d,0x02,0x00,0x0d,0x02,0x00,0x0d,0x02,0x01,0x0d,0x02,0x01,
    0x0e,0x03,0x00,0x10,0x03,0x01,0x12,0x04,0x00,0x11,0x04,0x01,
    0x11,0x03,0x01,0x12,0x05,0x01,0x13,0x05,0x01,0x15,0x04,0x00,
    0x15,0x04,0x00,0x13,0x05,0x00,0x15,0x04,0x01,0x16,0x04,0x00,
    0x16,0x05,0x00,0x16,0x06,0x00,0x15,0x06,0x01,0x15,0x05,0x01,
    0x17,0x06,0x00,0x19,0x07,0x00,0x1a,0x07,0x01,0x1a,0x07,0x01,
    0x1a,0x08,0x01,0x1b,0x08,0x01,0x1b,0x07,0x01,0x1b,0x07,0x01,
    0x1d,0x09,0x00,0x1c,0x08,0x01,0x1d,0x09,0x01,0x1d,0x0a,0x01,
    0x1e,0x0a,0x01,0x1e,0x0a,0x01,0x1e,0x0b,0x01,0x20,0x0b,0x01,
    0x22,0x0c,0x01,0x22,0x0c,0x01,0x23,0x0d,0x01,0x23,0x0e,0x01,
    0x24,0x0f,0x01,0x25,0x0e,0x01,0x25,0x0f,0x01,0x25,0x0f,0x01,
    0x27,0x11,0x01,0x27,0x12,0x02,0x28,0x13,0x02,0x28,0x13,0x02,
    0x28,0x14,0x02,0x29,0x16,0x03,0x2a,0x16,0x03,0x2d,0x16,0x04,
    0x2d,0x16,0x03,0x2d,0x16,0x03,0x30,0x18,0x03,0x33,0x1a,0x04,
    0x33,0x1b,0x04,0x34,0x1c,0x04,0x36,0x1e,0x05,0x37,0x1f,0x05,
    0x37,0x1f,0x05,0x39,0x20,0x05,0x39,0x20,0x06,0x3b,0x22,0x06,
    0x3d,0x24,0x06,0x3e,0x23,0x07,0x3f,0x25,0x08,0x41,0x26,0x08,
    0x44,0x26,0x09,0x45,0x28,0x0a,0x46,0x29,0x09,0x48,0x2b,0x0b,
    0x49,0x2c,0x0c,0x49,0x2c,0x0b,0x4b,0x2d,0x0b,0x4c,0x2d,0x0c,
    0x4e,0x2f,0x0f,0x51,0x31,0x0e,0x53,0x32,0x0e,0x54,0x34,0x0d,
    0x56,0x36,0x0f,0x57,0x39,0x0f,0x5a,0x3a,0x11,0x5e,0x3e,0x13,
    0x5f,0x40,0x15,0x61,0x42,0x15,0x65,0x46,0x18,0x69,0x49,0x18,
    0x6d,0x4b,0x1a,0x70,0x4f,0x1b,0x75,0x53,0x1d,0x7b,0x56,0x1f,
    0x06,0x00,0x00,0x06,0x00,0x00,0x06,0x00,0x00,0x06,0x00,0x00,
    0x06,0x01,0x00,0x07,0x01,0x00,0x06,0x00,0x00,0x06,0x00,0x00,
    0x08,0x00,0x00,0x08,0x00,0x00,0x08,0x00,0x00,0x08,0x00,0x00,
    0x08,0x00,0x00,0x08,0x00,0x00,0x08,0x00,0x00,0x08,0x00,0x00,
    0x07,0x00,0x00,0x08,0x00,0x00,0x07,0x00,0x00,0x08,0x00,0x00,
    0x09,0x00,0x01,0x09,0x00,0x01,0x09,0x00,0x00,0x09,0x01,0x00,
    0x0a,0x01,0x00,0x0a,0x01,0x00,0x0b,0x00,0x00,0x0c,0x01,0x01,
    0x0b,0x01,0x00,0x0b,0x01,0x00,0x0b,0x01,0x00,0x0c,0x01,0x00,
    0x0c,0x01,0x00,0x0d,0x01,0x01,0x0d,0x02,0x00,0x0d,0x02,0x00,
    0x0d,0x02,0x00,0x0c,0x02,0x00,0x0d,0x02,0x01,0x0d,0x02,0x01,
    0x0e,0x03,0x01,0x0e,0x03,0x01,0x0f,0x03,0x00,0x0f,0x03,0x01,
    0x0e,0x03,0x01,0x12,0x04,0x01,0x13,0x04,0x00,0x14,0x05,0x01,
    0x14,0x04,0x01,0x14,0x05,0x00,0x14,0x05,0x00,0x13,0x04,0x00,
    0x15,0x05,0x01,0x14,0x05,0x00,0x13,0x05,0x00,0x14,0x05,0x01,
    0x16,0x06,0x00,0x16,0x06,0x00,0x17,0x07,0x00,0x1a,0x07,0x01,
    0x1a,0x06,0x00,0x1a,0x07,0x00,0x1b,0x08,0x01,0x1a,0x07,0x01,
    0x1c,0x08,0x01,0x1c,0x08,0x01,0x1c,0x09,0x01,0x1c,0x09,0x01,
    0x1d,0x0a,0x01,0x1e,0x0a,0x01,0x1e,0x0a,0x01,0x20,0x0b,0x01,
    0x1f,0x0b,0x01,0x1f,0x0b,0x01,0x21,0x0d,0x01,0x21,0x0e,0x01,
    0x22,0x0e,0x01,0x23,0x0d,0x01,0x24,0x0e,0x01,0x25,0x0f,0x01,
    0x26,0x10,0x02,0x26,0x10,0x01,0x27,0x12,0x01,0x26,0x11,0x01,
    0x27,0x12,0x01,0x29,0x12,0x02,0x2b,0x14,0x02,0x2b,0x15,0x03,
    0x2d,0x15,0x03,0x2e,0x14,0x04,0x30,0x16,0x04,0x31,0x18,0x03,
    0x33,0x1a,0x04,0x33,0x1b,0x04,0x34,0x1c,0x04,0x35,0x1d,0x04,
    0x37,0x1f,0x05,0x37,0x1f,0x05,0x39,0x1f,0x06,0x3a,0x1f,0x07,
    0x3b,0x21,0x06,0x3c,0x23,0x06,0x3d,0x24,0x06,0x41,0x24,0x08,
    0x42,0x25,0x07,0x42,0x25,0x07,0x44,0x27,0x09,0x46,0x29,0x0b,
    0x47,0x2a,0x0b,0x48,0x2b,0x0b,0x49,0x2c,0x0b,0x4b,0x2d,0x0b,
    0x4b,0x2e,0x0c,0x4e,0x30,0x0e,0x4f,0x31,0x0d,0x52,0x31,0x0d,
    0x54,0x33,0x10,0x55,0x36,0x0f,0x58,0x38,0x10,0x5a,0x3a,0x11,
    0x5e,0x3e,0x14,0x5e,0x3f,0x13,0x60,0x41,0x16,0x65,0x44,0x19,
    0x67,0x47,0x17,0x6c,0x4b,0x19,0x6f,0x4d,0x19,0x74,0x50,0x1c,
    0x06,0x00,0x00,0x06,0x00,0x00,0x06,0x00,0x00,0x06,0x00,0x00,
    0x06,0x01,0x00,0x06,0x01,0x00,0x06,0x00,0x00,0x06,0x00,0x00,
    0x07,0x00,0x00,0x09,0x01,0x00,0x09,0x01,0x00,0x08,0x00,0x00,
    0x08,0x00,0x00,0x08,0x00,0x00,0x08,0x00,0x00,0x06,0x00,0x00,
    0x07,0x00,0x00,0x08,0x00,0x01,0x07,0x00,0x00,0x06,0x00,0x00,
    0x07,0x00,0x00,0x09,0x00,0x01,0x0a,0x01,0x00,0x0a,0x00,0x00,
    0x09,0x00,0x00,0x09,0x00,0x00,0x0a,0x00,0x00,0x0a,0x01,0x00,
    0x0b,0x01,0x00,0x0b,0x01,0x00,0x0c,0x01,0x00,0x0d,0x01,0x00,
    0x0c,0x01,0x00,0x0c,0x01,0x01,0x0d,0x01,0x00,0x0d,0x02,0x00,
    0x0d,0x02,0x00,0x0c,0x02,0x00,0x0d,0x02,0x00,0x0c,0x02,0x00,
    0x0d,0x02,0x00,0x0c,0x02,0x00,0x0e,0x03,0x00,0x0f,0x02,0x01,
    0x0d,0x02,0x00,0x0f,0x02,0x01,0x11,0x02,0x01,0x11,0x02,0x01,
    0x12,0x03,0x00,0x13,0x04,0x00,0x14,0x05,0x00,0x14,0x05,0x00,
    0x16,0x05,0x01,0x14,0x05,0x01,0x13,0x05,0x00,0x14,0x05,0x00,
    0x14,0x05,0x01,0x13,0x04,0x00,0x15,0x05,0x00,0x18,0x06,0x00,
    0x19,0x06,0x01,0x1a,0x06,0x01,0x1a,0x07,0x01,0x1a,0x07,0x01,
    0x1c,0x08,0x02,0x1c,0x08,0x01,0x1d,0x09,0x01,0x1c,0x08,0x02,
    0x1d,0x09,0x01,0x1e,0x09,0x01,0x1d,0x09,0x01,0x20,0x0b,0x01,
    0x1f,0x0b,0x01,0x1f,0x0c,0x01,0x20,0x0d,0x00,0x21,0x0e,0x01,
    0x21,0x0d,0x01,0x23,0x0d,0x01,0x22,0x0e,0x01,0x22,0x0e,0x01,
    0x23,0x0e,0x01,0x25,0x0f,0x01,0x26,0x11,0x01,0x26,0x11,0x01,
    0x27,0x12,0x02,0x29,0x12,0x02,0x2a,0x13,0x02,0x2b,0x14,0x02,
    0x2d,0x13,0x02,0x2e,0x13,0x02,0x2f,0x15,0x04,0x30,0x16,0x02,
    0x31,0x18,0x03,0x32,0x19,0x03,0x34,0x1b,0x05,0x34,0x1c,0x04,
    0x35,0x1d,0x05,0x36,0x1e,0x05,0x38,0x1e,0x05,0x39,0x1f,0x05,
    0x3a,0x20,0x05,0x3c,0x22,0x06,0x3c,0x22,0x06,0x3f,0x22,0x07,
    0x40,0x23,0x05,0x42,0x25,0x07,0x43,0x25,0x08,0x44,0x26,0x09,
    0x46,0x29,0x0a,0x48,0x2b,0x0a,0x48,0x2b,0x0b,0x49,0x2d,0x0b,
    0x4a,0x2d,0x0b,0x4d,0x2f,0x0d,0x4d,0x2f,0x0a,0x50,0x30,0x0c,
    0x52,0x31,0x0e,0x54,0x34,0x0f,0x56,0x36,0x10,0x57,0x37,0x10,
    0x5a,0x3b,0x12,0x5b,0x3c,0x12,0x5e,0x3e,0x14,0x60,0x40,0x16,
    0x63,0x44,0x17,0x65,0x46,0x17,0x6a,0x4a,0x1a,0x6e,0x4c,0x1b,
    0x06,0x00,0x00,0x06,0x00,0x00,0x06,0x00,0x00,0x05,0x00,0x00,
    0x06,0x00,0x00,0x06,0x00,0x00,0x06,0x00,0x00,0x06,0x00,0x00,
    0x06,0x00,0x00,0x07,0x01,0x00,0x08,0x00,0x00,0x09,0x00,0x01,
    0x08,0x00,0x01,0x07,0x00,0x00,0x08,0x00,0x00,0x06,0x01,0x01,
    0x07,0x00,0x00,0x08,0x00,0x00,0x08,0x00,0x00,0x07,0x00,0x00,
    0x08,0x00,0x01,0x08,0x00,0x01,0x08,0x01,0x00,0x09,0x01,0x00,
    0x09,0x00,0x01,0x09,0x00,0x01,0x0a,0x01,0x00,0x0a,0x00,0x00,
    0x09,0x01,0x00,0x09,0x01,0x00,0x0a,0x00,0x00,0x0a,0x00,0x00,
    0x0a,0x01,0x00,0x0b,0x01,0x00,0x0b,0x01,0x00,0x0b,0x01,0x00,
    0x0c,0x01,0x00,0x0c,0x01,0x00,0x0c,0x01,0x00,0x0c,0x02,0x00,
    0x0b,0x02,0x00,0x0c,0x01,0x00,0x0d,0x02,0x00,0x0e,0x03,0x01,
    0x0f,0x02,0x01,0x10,0x01,0x01,0x11,0x01,0x01,0x12,0x03,0x01,
    0x11,0x02,0x01,0x12,0x04,0x01,0x13,0x04,0x01,0x14,0x05,0x01,
    0x13,0x05,0x00,0x14,0x05,0x00,0x13,0x05,0x00,0x14,0x05,0x00,
    0x15,0x05,0x00,0x14,0x05,0x00,0x15,0x05,0x00,0x18,0x06,0x00,
    0x18,0x06,0x00,0x18,0x06,0x00,0x18,0x06,0x00,0x19,0x06,0x00,
    0x1a,0x07,0x01,0x1b,0x08,0x01,0x1b,0x07,0x01,0x1c,0x08,0x01,
    0x1c,0x08,0x02,0x1d,0x09,0x01,0x1e,0x0a,0x01,0x1e,0x0a,0x01,
    0x1e,0x0a,0x01,0x1f,0x0b,0x01,0x20,0x0c,0x01,0x21,0x0d,0x01,
    0x22,0x0d,0x01,0x22,0x0d,0x01,0x23,0x0d,0x01,0x23,0x0e,0x01,
    0x23,0x0e,0x01,0x24,0x0d,0x01,0x26,0x10,0x01,0x26,0x10,0x01,
    0x26,0x11,0x02,0x28,0x11,0x02,0x29,0x12,0x02,0x2a,0x13,0x02,
    0x2a,0x14,0x02,0x2c,0x13,0x02,0x2e,0x14,0x03,0x2e,0x14,0x04,
    0x30,0x16,0x04,0x31,0x18,0x02,0x32,0x19,0x04,0x33,0x1a,0x04,
    0x35,0x1c,0x06,0x36,0x1d,0x06,0x36,0x1e,0x04,0x38,0x1f,0x05,
    0x39,0x1f,0x05,0x3a,0x20,0x05,0x3b,0x21,0x05,0x3d,0x21,0x06,
    0x3f,0x20,0x06,0x42,0x24,0x08,0x41,0x24,0x07,0x42,0x25,0x07,
    0x44,0x27,0x08,0x46,0x29,0x09,0x48,0x2b,0x0b,0x48,0x2b,0x0b,
    0x4a,0x2d,0x0b,0x4b,0x2e,0x0c,0x4c,0x2e,0x0b,0x4e,0x2f,0x0c,
    0x4e,0x30,0x0f,0x50,0x32,0x0f,0x52,0x33,0x0f,0x54,0x34,0x0f,
    0x55,0x37,0x0f,0x56,0x38,0x0f,0x5a,0x3a,0x12,0x5d,0x3d,0x13,
    0x5f,0x40,0x14,0x62,0x42,0x16,0x66,0x46,0x18,0x69,0x48,0x19,
    0x06,0x01,0x00,0x06,0x00,0x00,0x06,0x00,0x00,0x06,0x01,0x00,
    0x06,0x00,0x00,0x06,0x00,0x00,0x06,0x00,0x00,0x06,0x00,0x00,
    0x06,0x00,0x00,0x06,0x00,0x00,0x06,0x00,0x00,0x08,0x00,0x00,
    0x08,0x00,0x01,0x07,0x00,0x00,0x06,0x00,0x00,0x06,0x00,0x00,
    0x07,0x00,0x00,0x08,0x00,0x00,0x08,0x00,0x00,0x07,0x00,0x00,
    0x07,0x00,0x00,0x08,0x00,0x00,0x07,0x00,0x00,0x08,0x00,0x00,
    0x08,0x00,0x00,0x08,0x00,0x01,0x09,0x01,0x00,0x0a,0x00,0x00,
    0x08,0x01,0x00,0x09,0x00,0x00,0x0b,0x01,0x00,0x0c,0x01,0x01,
    0x0c,0x01,0x00,0x0c,0x01,0x00,0x0d,0x01,0x01,0x0b,0x00,0x00,
    0x0b,0x00,0x00,0x0b,0x01,0x00,0x0b,0x01,0x00,0x0c,0x02,0x00,
    0x0c,0x02,0x00,0x0c,0x02,0x00,0x0d,0x02,0x00,0x0c,0x02,0x00,
    0x0f,0x02,0x00,0x11,0x01,0x01,0x10,0x01,0x01,0x10,0x02,0x00,
    0x10,0x02,0x01,0x10,0x04,0x01,0x12,0x04,0x00,0x14,0x05,0x01,
    0x14,0x05,0x01,0x12,0x04,0x00,0x13,0x05,0x00,0x14,0x05,0x00,
    0x16,0x05,0x00,0x14,0x05,0x00,0x15,0x05,0x00,0x15,0x05,0x01,
    0x17,0x05,0x01,0x17,0x06,0x00,0x17,0x06,0x00,0x19,0x07,0x01,
    0x1a,0x07,0x00,0x19,0x06,0x01,0x1a,0x07,0x00,0x1b,0x08,0x01,
    0x1c,0x08,0x01,0x1c,0x08,0x02,0x1d,0x09,0x01,0x1d,0x09,0x01,
    0x1e,0x09,0x01,0x1f,0x0a,0x01,0x1f,0x0b,0x01,0x1e,0x0b,0x01,
    0x1f,0x0c,0x00,0x22,0x0d,0x00,0x22,0x0c,0x01,0x22,0x0d,0x01,
    0x23,0x0d,0x01,0x23,0x0c,0x01,0x24,0x0d,0x01,0x25,0x0e,0x01,
    0x25,0x0e,0x02,0x26,0x0f,0x01,0x28,0x11,0x01,0x28,0x12,0x02,
    0x2a,0x13,0x01,0x2b,0x12,0x01,0x2e,0x13,0x02,0x2e,0x13,0x03,
    0x2f,0x16,0x03,0x31,0x18,0x02,0x31,0x18,0x02,0x32,0x19,0x03,
    0x33,0x1a,0x04,0x34,0x1c,0x04,0x35,0x1d,0x05,0x36,0x1e,0x06,
    0x38,0x1d,0x05,0x38,0x1e,0x05,0x3a,0x20,0x06,0x3b,0x1f,0x06,
    0x3f,0x20,0x07,0x3f,0x21,0x07,0x3f,0x22,0x05,0x42,0x25,0x07,
    0x42,0x25,0x07,0x44,0x27,0x08,0x46,0x29,0x09,0x48,0x2a,0x0b,
    0x49,0x2c,0x0c,0x4a,0x2d,0x0c,0x4b,0x2e,0x0c,0x4c,0x2f,0x0c,
    0x4d,0x2f,0x0e,0x4d,0x2f,0x0d,0x50,0x31,0x0e,0x52,0x32,0x0e,
    0x55,0x34,0x0e,0x56,0x36,0x0f,0x57,0x39,0x10,0x5b,0x3b,0x12,
    0x5c,0x3c,0x13,0x5e,0x3f,0x14,0x61,0x42,0x15,0x65,0x45,0x17,
    0x04,0x00,0x00,0x04,0x00,0x00,0x03,0x01,0x00,0x05,0x00,0x00,
    0x06,0x00,0x00,0x06,0x00,0x00,0x06,0x00,0x00,0x06,0x00,0x00,
    0x06,0x00,0x00,0x06,0x00,0x00,0x06,0x00,0x00,0x06,0x00,0x00,
    0x07,0x00,0x00,0x06,0x00,0x00,0x06,0x00,0x00,0x06,0x00,0x00,
    0x05,0x00,0x00,0x07,0x00,0x00,0x06,0x00,0x00,0x07,0x00,0x00,
    0x08,0x00,0x00,0x09,0x00,0x01,0x08,0x00,0x00,0x09,0x00,0x00,
    0x07,0x00,0x00,0x08,0x00,0x00,0x08,0x00,0x00,0x08,0x00,0x00,
    0x08,0x00,0x01,0x09,0x00,0x01,0x09,0x01,0x00,0x0a,0x01,0x00,
    0x0c,0x01,0x00,0x0c,0x01,0x00,0x0c,0x00,0x00,0x0c,0x00,0x00,
    0x0a,0x01,0x00,0x0b,0x01,0x00,0x0b,0x01,0x00,0x0b,0x01,0x00,
    0x0c,0x01,0x01,0x0b,0x01,0x00,0x0c,0x02,0x00,0x0b,0x01,0x00,
    0x0e,0x01,0x00,0x0f,0x01,0x00,0x0f,0x01,0x00,0x0f,0x01,0x00,
    0x10,0x02,0x01,0x0f,0x02,0x00,0x10,0x03,0x00,0x10,0x04,0x00,
    0x13,0x05,0x01,0x13,0x05,0x01,0x12,0x04,0x00,0x14,0x04,0x01,
    0x14,0x04,0x00,0x14,0x04,0x00,0x13,0x04,0x00,0x13,0x05,0x01,
    0x14,0x05,0x00,0x16,0x06,0x00,0x17,0x06,0x00,0x18,0x06,0x00,
    0x19,0x06,0x00,0x1a,0x07,0x01,0x1a,0x07,0x01,0x1a,0x07,0x01,
    0x1b,0x08,0x01,0x1a,0x07,0x01,0x1c,0x08,0x01,0x1d,0x08,0x00,
    0x1b,0x09,0x01,0x1d,0x09,0x01,0x1d,0x09,0x01,0x1d,0x0a,0x01,
    0x1f,0x0c,0x01,0x22,0x0d,0x01,0x23,0x0c,0x01,0x22,0x0d,0x01,
    0x21,0x0c,0x01,0x21,0x0d,0x01,0x22,0x0d,0x01,0x22,0x0d,0x00,
    0x24,0x0d,0x01,0x25,0x0f,0x01,0x26,0x11,0x01,0x28,0x12,0x01,
    0x28,0x12,0x01,0x28,0x12,0x01,0x2c,0x13,0x02,0x2d,0x13,0x02,
    0x2e,0x13,0x03,0x2f,0x16,0x02,0x30,0x16,0x02,0x30,0x17,0x03,
    0x31,0x18,0x03,0x33,0x1a,0x04,0x33,0x1b,0x04,0x35,0x1c,0x05,
    0x36,0x1d,0x05,0x37,0x1d,0x06,0x37,0x1d,0x06,0x3a,0x1e,0x08,
    0x3c,0x1f,0x07,0x3e,0x1f,0x06,0x3e,0x20,0x06,0x40,0x22,0x07,
    0x41,0x23,0x07,0x41,0x24,0x06,0x44,0x27,0x08,0x46,0x29,0x09,
    0x47,0x29,0x0a,0x48,0x2b,0x0a,0x49,0x2c,0x0b,0x4a,0x2e,0x0c,
    0x4c,0x2f,0x0e,0x4c,0x2e,0x0b,0x4f,0x30,0x0f,0x51,0x31,0x0d,
    0x52,0x32,0x0d,0x54,0x33,0x0e,0x55,0x37,0x0f,0x57,0x38,0x0f,
    0x59,0x3a,0x10,0x5c,0x3c,0x12,0x5c,0x3e,0x11,0x60,0x41,0x15,
    0x03,0x00,0x00,0x03,0x00,0x00,0x02,0x01,0x00,0x03,0x01,0x00,
    0x04,0x00,0x00,0x05,0x00,0x00,0x06,0x00,0x00,0x06,0x00,0x00,
    0x06,0x00,0x00,0x06,0x00,0x00,0x06,0x00,0x00,0x05,0x00,0x00,
    0x06,0x00,0x00,0x06,0x00,0x00,0x06,0x00,0x00,0x06,0x00,0x00,
    0x05,0x00,0x00,0x06,0x00,0x00,0x06,0x00,0x00,0x06,0x00,0x00,
    0x07,0x00,0x00,0x07,0x00,0x00,0x07,0x00,0x00,0x08,0x00,0x00,
    0x07,0x00,0x00,0x06,0x00,0x00,0x07,0x00,0x00,0x07,0x00,0x00,
    0x09,0x00,0x00,0x09,0x00,0x00,0x0a,0x00,0x00,0x0b,0x00,0x00,
    0x0b,0x00,0x00,0x0b,0x00,0x00,0x0c,0x00,0x00,0x0c,0x00,0x00,
    0x0c,0x01,0x00,0x0b,0x01,0x00,0x0b,0x01,0x00,0x0c,0x01,0x00,
    0x0b,0x00,0x00,0x0b,0x01,0x00,0x0b,0x01,0x00,0x0c,0x01,0x00,
    0x0c,0x02,0x00,0x0e,0x01,0x00,0x0e,0x01,0x00,0x0e,0x01,0x01,
    0x0d,0x02,0x00,0x0f,0x02,0x00,0x10,0x02,0x00,0x10,0x02,0x01,
    0x11,0x03,0x01,0x12,0x04,0x00,0x13,0x04,0x01,0x12,0x04,0x00,
    0x14,0x04,0x01,0x13,0x05,0x01,0x13,0x04,0x00,0x14,0x04,0x00,
    0x14,0x05,0x01,0x14,0x04,0x00,0x14,0x05,0x00,0x16,0x06,0x00,
    0x18,0x06,0x00,0x19,0x06,0x00,0x19,0x06,0x00,0x1a,0x07,0x01,
    0x1a,0x07,0x01,0x1b,0x07,0x01,0x1c,0x07,0x01,0x1c,0x08,0x01,
    0x1b,0x08,0x01,0x1c,0x09,0x01,0x1e,0x0a,0x00,0x1f,0x0b,0x01,
    0x1e,0x0a,0x01,0x20,0x0b,0x01,0x21,0x0c,0x01,0x20,0x0c,0x00,
    0x1f,0x0c,0x01,0x20,0x0c,0x01,0x21,0x0d,0x00,0x22,0x0d,0x01,
    0x24,0x0d,0x01,0x25,0x0e,0x01,0x25,0x0f,0x01,0x27,0x10,0x01,
    0x27,0x11,0x01,0x28,0x11,0x02,0x29,0x13,0x01,0x2b,0x13,0x02,
    0x2c,0x12,0x02,0x2d,0x14,0x02,0x2f,0x15,0x02,0x2f,0x15,0x04,
    0x2f,0x15,0x04,0x31,0x17,0x05,0x32,0x19,0x04,0x34,0x1b,0x04,
    0x35,0x1d,0x05,0x36,0x1d,0x04,0x36,0x1c,0x05,0x38,0x1e,0x06,
    0x39,0x1e,0x07,0x3a,0x1e,0x06,0x3e,0x20,0x06,0x3f,0x21,0x07,
    0x40,0x22,0x07,0x3f,0x22,0x05,0x42,0x25,0x07,0x44,0x26,0x09,
    0x43,0x26,0x08,0x46,0x29,0x0a,0x48,0x2b,0x0a,0x49,0x2c,0x0c,
    0x4b,0x2e,0x0e,0x4c,0x2d,0x0d,0x4d,0x2f,0x0d,0x4f,0x2f,0x0b,
    0x50,0x30,0x0f,0x52,0x32,0x0f,0x53,0x33,0x0d,0x55,0x36,0x10,
    0x58,0x38,0x10,0x59,0x3a,0x10,0x5b,0x3c,0x10,0x5d,0x3d,0x12,
    0x02,0x01,0x00,0x02,0x01,0x00,0x02,0x01,0x00,0x02,0x01,0x00,
    0x02,0x01,0x00,0x04,0x00,0x00,0x05,0x01,0x00,0x05,0x01,0x00,
    0x06,0x00,0x00,0x06,0x00,0x00,0x06,0x00,0x00,0x06,0x00,0x00,
    0x06,0x00,0x00,0x06,0x00,0x00,0x06,0x00,0x00,0x06,0x00,0x00,
    0x05,0x00,0x00,0x06,0x00,0x00,0x06,0x00,0x00,0x06,0x00,0x00,
    0x06,0x00,0x00,0x06,0x00,0x00,0x06,0x00,0x00,0x06,0x00,0x00,
    0x06,0x00,0x00,0x06,0x00,0x00,0x08,0x00,0x00,0x08,0x00,0x00,
    0x08,0x00,0x00,0x09,0x00,0x00,0x08,0x00,0x00,0x09,0x00,0x00,
    0x08,0x00,0x00,0x09,0x00,0x00,0x09,0x00,0x00,0x0b,0x01,0x00,
    0x0b,0x01,0x00,0x0b,0x01,0x00,0x0c,0x01,0x00,0x0d,0x01,0x00,
    0x0b,0x01,0x00,0x0b,0x01,0x00,0x0b,0x01,0x00,0x0b,0x01,0x00,
    0x0b,0x01,0x00,0x0c,0x02,0x00,0x0c,0x02,0x00,0x0d,0x02,0x00,
    0x0c,0x02,0x00,0x0c,0x01,0x00,0x0f,0x01,0x00,0x10,0x01,0x01,
    0x11,0x01,0x01,0x11,0x03,0x00,0x12,0x04,0x01,0x12,0x05,0x00,
    0x13,0x04,0x01,0x14,0x05,0x00,0x13,0x05,0x00,0x15,0x04,0x00,
    0x16,0x04,0x00,0x15,0x04,0x00,0x15,0x04,0x00,0x16,0x05,0x01,
    0x16,0x05,0x01,0x18,0x06,0x00,0x18,0x06,0x00,0x19,0x06,0x00,
    0x19,0x06,0x01,0x1b,0x07,0x01,0x1b,0x07,0x01,0x1b,0x08,0x01,
    0x1b,0x08,0x01,0x1c,0x09,0x01,0x1c,0x0a,0x00,0x1d,0x0a,0x01,
    0x1e,0x0a,0x01,0x1e,0x0a,0x00,0x1e,0x0a,0x01,0x20,0x0c,0x01,
    0x20,0x0d,0x00,0x22,0x0c,0x01,0x23,0x0d,0x00,0x22,0x0e,0x01,
    0x23,0x0e,0x01,0x25,0x0f,0x01,0x24,0x0e,0x01,0x25,0x0f,0x01,
    0x27,0x10,0x01,0x28,0x11,0x01,0x28,0x12,0x01,0x29,0x12,0x02,
    0x2a,0x13,0x02,0x2c,0x14,0x02,0x2e,0x14,0x02,0x30,0x15,0x04,
    0x30,0x15,0x04,0x2f,0x15,0x05,0x31,0x18,0x05,0x33,0x1b,0x03,
    0x33,0x1b,0x03,0x35,0x1c,0x05,0x36,0x1d,0x05,0x36,0x1c,0x04,
    0x38,0x1e,0x05,0x39,0x1f,0x06,0x3d,0x1f,0x06,0x3f,0x21,0x05,
    0x3f,0x21,0x05,0x40,0x22,0x05,0x3f,0x22,0x05,0x42,0x25,0x07,
    0x44,0x27,0x09,0x45,0x28,0x0a,0x46,0x29,0x0a,0x48,0x2b,0x0b,
    0x48,0x2b,0x0b,0x4b,0x2c,0x0d,0x4c,0x2e,0x0c,0x4d,0x2f,0x0c,
    0x4f,0x30,0x0d,0x4f,0x31,0x0e,0x51,0x31,0x0d,0x53,0x33,0x0e,
    0x55,0x35,0x0f,0x57,0x37,0x0f,0x59,0x39,0x10,0x5b,0x3b,0x11,
    0x01,0x00,0x00,0x01,0x01,0x00,0x01,0x01,0x00,0x02,0x01,0x00,
    0x02,0x01,0x00,0x03,0x01,0x00,0x03,0x00,0x00,0x03,0x00,0x00,
    0x04,0x01,0x00,0x06,0x00,0x00,0x05,0x00,0x00,0x06,0x00,0x00,
    0x07,0x00,0x00,0x06,0x00,0x00,0x06,0x00,0x00,0x06,0x00,0x00,
    0x06,0x00,0x00,0x06,0x00,0x00,0x06,0x00,0x00,0x06,0x00,0x00,
    0x05,0x00,0x00,0x06,0x00,0x00,0x06,0x00,0x00,0x06,0x00,0x00,
    0x06,0x00,0x00,0x06,0x00,0x00,0x07,0x00,0x00,0x07,0x00,0x00,
    0x06,0x00,0x00,0x07,0x00,0x00,0x07,0x00,0x00,0x08,0x00,0x00,
    0x07,0x00,0x00,0x08,0x00,0x00,0x09,0x00,0x01,0x09,0x00,0x00,
    0x0a,0x00,0x00,0x0a,0x00,0x00,0x0c,0x00,0x00,0x0c,0x01,0x00,
    0x0c,0x01,0x00,0x0c,0x00,0x00,0x0b,0x01,0x00,0x0b,0x01,0x00,
    0x0b,0x01,0x00,0x0c,0x01,0x00,0x0d,0x02,0x00,0x0d,0x01,0x00,
    0x0c,0x01,0x00,0x0d,0x01,0x00,0x0f,0x01,0x01,0x10,0x01,0x00,
    0x10,0x01,0x00,0x11,0x02,0x01,0x10,0x03,0x01,0x11,0x04,0x00,
    0x12,0x04,0x01,0x12,0x05,0x01,0x13,0x05,0x00,0x15,0x04,0x00,
    0x13,0x05,0x00,0x13,0x05,0x00,0x15,0x04,0x00,0x14,0x04,0x00,
    0x15,0x05,0x01,0x16,0x05,0x00,0x17,0x05,0x01,0x18,0x05,0x00,
    0x18,0x05,0x00,0x19,0x07,0x00,0x1a,0x07,0x01,0x1b,0x07,0x01,
    0x1a,0x07,0x01,0x1a,0x07,0x00,0x1b,0x07,0x01,0x1d,0x08,0x01,
    0x1d,0x09,0x01,0x1e,0x09,0x01,0x1e,0x0a,0x01,0x20,0x0b,0x01,
    0x20,0x0c,0x01,0x21,0x0b,0x01,0x22,0x0c,0x01,0x22,0x0d,0x00,
    0x21,0x0c,0x00,0x23,0x0d,0x01,0x24,0x0e,0x00,0x24,0x0e,0x01,
    0x25,0x0e,0x01,0x25,0x0f,0x01,0x27,0x11,0x01,0x29,0x11,0x02,
    0x2a,0x13,0x01,0x2a,0x14,0x02,0x2d,0x13,0x02,0x2f,0x14,0x03,
    0x2f,0x15,0x03,0x2f,0x15,0x04,0x30,0x17,0x04,0x32,0x19,0x03,
    0x33,0x1a,0x04,0x34,0x1b,0x05,0x35,0x1c,0x05,0x36,0x1c,0x06,
    0x36,0x1c,0x05,0x38,0x1d,0x05,0x3b,0x1d,0x05,0x3d,0x1e,0x05,
    0x3e,0x20,0x07,0x3f,0x21,0x06,0x3f,0x21,0x05,0x40,0x23,0x05,
    0x42,0x25,0x07,0x43,0x26,0x08,0x44,0x28,0x08,0x46,0x29,0x09,
    0x47,0x2a,0x0b,0x48,0x2a,0x0b,0x49,0x2c,0x0b,0x4b,0x2e,0x0c,
    0x4c,0x2f,0x0d,0x4d,0x2f,0x0c,0x4f,0x30,0x0d,0x50,0x32,0x0f,
    0x52,0x32,0x0d,0x55,0x35,0x0f,0x56,0x37,0x0f,0x58,0x39,0x10,
    0x00,0x00,0x00,0x00,0x00,0x00,0x00,0x00,0x00,0x00,0x00,0x00,
    0x01,0x00,0x00,0x02,0x00,0x00,0x02,0x00,0x00,0x02,0x01,0x00,
    0x03,0x01,0x00,0x04,0x00,0x00,0x05,0x01,0x00,0x06,0x00,0x00,
    0x07,0x00,0x00,0x06,0x00,0x00,0x06,0x00,0x00,0x06,0x00,0x00,
    0x06,0x00,0x00,0x06,0x00,0x00,0x05,0x00,0x00,0x06,0x00,0x00,
    0x05,0x01,0x00,0x06,0x00,0x00,0x06,0x00,0x00,0x06,0x00,0x00,
    0x06,0x00,0x00,0x06,0x00,0x00,0x06,0x00,0x00,0x06,0x00,0x00,
    0x06,0x00,0x00,0x07,0x00,0x00,0x06,0x00,0x00,0x08,0x00,0x00,
    0x08,0x00,0x01,0x08,0x00,0x00,0x08,0x00,0x01,0x09,0x00,0x01,
    0x0a,0x00,0x00,0x0a,0x01,0x00,0x0a,0x00,0x00,0x0a,0x00,0x00,
    0x0b,0x01,0x00,0x0c,0x01,0x00,0x0c,0x01,0x00,0x0c,0x01,0x00,
    0x0c,0x00,0x00,0x0b,0x01,0x00,0x0c,0x02,0x00,0x0d,0x00,0x01,
    0x0c,0x01,0x01,0x0d,0x01,0x00,0x0f,0x01,0x00,0x0f,0x01,0x00,
    0x0f,0x01,0x00,0x11,0x02,0x01,0x11,0x03,0x00,0x11,0x03,0x01,
    0x12,0x05,0x00,0x12,0x05,0x00,0x13,0x05,0x00,0x13,0x04,0x00,
    0x14,0x04,0x00,0x14,0x04,0x00,0x14,0x04,0x00,0x15,0x05,0x00,
    0x15,0x05,0x00,0x13,0x04,0x00,0x16,0x05,0x01,0x17,0x04,0x01,
    0x18,0x05,0x00,0x19,0x06,0x00,0x19,0x06,0x01,0x1a,0x07,0x01,
    0x1a,0x06,0x01,0x1c,0x07,0x01,0x1b,0x07,0x01,0x1c,0x08,0x01,
    0x1c,0x08,0x01,0x1c,0x09,0x00,0x1e,0x0a,0x01,0x21,0x0a,0x00,
    0x21,0x0b,0x01,0x21,0x0b,0x01,0x21,0x0b,0x01,0x22,0x0c,0x01,
    0x22,0x0c,0x01,0x23,0x0c,0x00,0x22,0x0d,0x01,0x23,0x0d,0x01,
    0x24,0x0d,0x01,0x25,0x0d,0x01,0x27,0x0f,0x01,0x28,0x11,0x01,
    0x28,0x12,0x01,0x29,0x13,0x02,0x2c,0x13,0x02,0x2d,0x12,0x02,
    0x2e,0x14,0x02,0x2f,0x15,0x03,0x2f,0x16,0x03,0x32,0x19,0x03,
    0x32,0x1a,0x03,0x33,0x1b,0x04,0x34,0x1a,0x05,0x35,0x1c,0x05,
    0x35,0x1a,0x04,0x36,0x1b,0x05,0x3a,0x1c,0x05,0x3c,0x1d,0x05,
    0x3c,0x1e,0x06,0x3d,0x20,0x06,0x3f,0x21,0x05,0x40,0x22,0x06,
    0x41,0x23,0x06,0x41,0x24,0x07,0x43,0x26,0x07,0x45,0x28,0x08,
    0x44,0x27,0x0a,0x46,0x29,0x0b,0x48,0x2b,0x0b,0x4a,0x2d,0x0b,
    0x4b,0x2e,0x0d,0x4c,0x2d,0x0d,0x4d,0x2f,0x0c,0x4e,0x30,0x0e,
    0x50,0x31,0x0e,0x53,0x33,0x0d,0x54,0x34,0x0d,0x56,0x36,0x0e,
    0x00,0x00,0x00,0x00,0x00,0x00,0x00,0x00,0x00,0x00,0x00,0x00,
    0x00,0x01,0x00,0x01,0x00,0x01,0x01,0x00,0x01,0x02,0x01,0x01,
    0x03,0x01,0x01,0x03,0x01,0x00,0x04,0x01,0x00,0x05,0x01,0x00,
    0x05,0x01,0x00,0x05,0x01,0x00,0x05,0x01,0x00,0x05,0x00,0x00,
    0x06,0x00,0x00,0x06,0x00,0x00,0x06,0x00,0x00,0x06,0x00,0x00,
    0x05,0x00,0x00,0x06,0x00,0x00,0x06,0x00,0x00,0x06,0x00,0x00,
    0x06,0x00,0x00,0x06,0x00,0x00,0x06,0x00,0x00,0x06,0x00,0x00,
    0x06,0x00,0x00,0x06,0x00,0x00,0x07,0x00,0x00,0x07,0x00,0x00,
    0x07,0x00,0x00,0x08,0x00,0x00,0x08,0x00,0x00,0x08,0x00,0x00,
    0x08,0x00,0x01,0x0a,0x00,0x01,0x0a,0x01,0x00,0x0b,0x00,0x00,
    0x0b,0x01,0x00,0x0c,0x01,0x00,0x0c,0x01,0x00,0x0c,0x00,0x00,
    0x0c,0x01,0x00,0x0c,0x01,0x00,0x0b,0x01,0x00,0x0c,0x00,0x00,
    0x0b,0x01,0x00,0x0c,0x01,0x00,0x0f,0x01,0x00,0x0c,0x01,0x01,
    0x0d,0x01,0x00,0x10,0x02,0x00,0x11,0x03,0x01,0x11,0x03,0x00,
    0x11,0x03,0x00,0x12,0x05,0x00,0x14,0x05,0x00,0x14,0x04,0x01,
    0x14,0x03,0x01,0x14,0x04,0x01,0x13,0x04,0x01,0x14,0x05,0x01,
    0x14,0x04,0x01,0x13,0x04,0x01,0x14,0x05,0x01,0x15,0x05,0x00,
    0x17,0x06,0x00,0x18,0x06,0x00,0x18,0x06,0x00,0x19,0x07,0x01,
    0x1a,0x07,0x01,0x1b,0x07,0x01,0x1a,0x07,0x01,0x1b,0x07,0x01,
    0x1c,0x08,0x01,0x1c,0x08,0x01,0x1e,0x09,0x01,0x1f,0x09,0x01,
    0x21,0x0b,0x01,0x21,0x0b,0x01,0x21,0x0b,0x01,0x20,0x0b,0x01,
    0x21,0x0c,0x01,0x22,0x0b,0x00,0x23,0x0d,0x01,0x23,0x0c,0x01,
    0x24,0x0d,0x01,0x25,0x0d,0x01,0x26,0x0e,0x01,0x27,0x10,0x01,
    0x27,0x11,0x01,0x28,0x11,0x01,0x2a,0x11,0x01,0x2b,0x11,0x01,
    0x2c,0x12,0x01,0x2c,0x12,0x02,0x2d,0x13,0x02,0x30,0x17,0x03,
    0x31,0x17,0x03,0x32,0x18,0x04,0x33,0x18,0x05,0x34,0x19,0x05,
    0x33,0x18,0x04,0x35,0x1a,0x05,0x37,0x1b,0x05,0x39,0x1c,0x05,
    0x3a,0x1d,0x06,0x39,0x1e,0x06,0x3c,0x20,0x06,0x3f,0x21,0x06,
    0x40,0x22,0x06,0x40,0x22,0x06,0x41,0x24,0x05,0x42,0x25,0x07,
    0x43,0x26,0x08,0x44,0x27,0x08,0x46,0x29,0x09,0x49,0x2c,0x0c,
    0x4a,0x2b,0x0c,0x4b,0x2b,0x0d,0x4c,0x2d,0x0d,0x4c,0x2f,0x0c,
    0x4e,0x30,0x0e,0x51,0x31,0x0f,0x52,0x32,0x0d,0x54,0x33,0x0e,
    0x00,0x00,0x00,0x00,0x00,0x00,0x00,0x00,0x00,0x00,0x00,0x00,
    0x00,0x00,0x00,0x00,0x00,0x00,0x00,0x00,0x00,0x01,0x00,0x01,
    0x01,0x00,0x01,0x01,0x00,0x00,0x01,0x00,0x01,0x03,0x00,0x01,
    0x03,0x00,0x01,0x04,0x01,0x00,0x04,0x01,0x00,0x04,0x01,0x00,
    0x05,0x01,0x00,0x05,0x00,0x00,0x06,0x00,0x00,0x06,0x00,0x00,
    0x06,0x00,0x00,0x06,0x00,0x00,0x06,0x00,0x00,0x06,0x00,0x00,
    0x06,0x00,0x00,0x06,0x00,0x00,0x06,0x00,0x00,0x06,0x00,0x00,
    0x06,0x00,0x00,0x06,0x00,0x00,0x08,0x00,0x00,0x07,0x00,0x00,
    0x06,0x00,0x00,0x07,0x00,0x00,0x07,0x00,0x00,0x07,0x00,0x00,
    0x08,0x00,0x00,0x08,0x00,0x00,0x08,0x00,0x00,0x0a,0x01,0x00,
    0x0a,0x01,0x00,0x09,0x00,0x00,0x09,0x00,0x00,0x09,0x01,0x00,
    0x0a,0x01,0x00,0x0c,0x00,0x00,0x0b,0x01,0x00,0x0b,0x01,0x00,
    0x0b,0x01,0x00,0x0b,0x01,0x00,0x0d,0x01,0x01,0x0c,0x01,0x01,
    0x0c,0x01,0x01,0x0e,0x01,0x01,0x10,0x01,0x01,0x10,0x01,0x00,
    0x10,0x01,0x00,0x10,0x02,0x00,0x12,0x04,0x00,0x14,0x04,0x01,
    0x13,0x03,0x00,0x12,0x04,0x01,0x13,0x04,0x01,0x13,0x03,0x01,
    0x13,0x04,0x01,0x13,0x04,0x01,0x13,0x04,0x00,0x14,0x05,0x00,
    0x17,0x05,0x00,0x18,0x06,0x00,0x17,0x06,0x00,0x17,0x05,0x00,
    0x19,0x06,0x00,0x1a,0x06,0x00,0x1a,0x06,0x01,0x1b,0x07,0x01,
    0x1c,0x08,0x01,0x1b,0x08,0x01,0x1d,0x06,0x01,0x1e,0x06,0x01,
    0x20,0x09,0x01,0x20,0x0a,0x01,0x20,0x0b,0x01,0x21,0x0c,0x01,
    0x22,0x0c,0x01,0x22,0x0a,0x01,0x22,0x0a,0x01,0x23,0x0c,0x01,
    0x23,0x0c,0x01,0x24,0x0b,0x01,0x26,0x0f,0x01,0x25,0x10,0x01,
    0x26,0x10,0x02,0x29,0x11,0x01,0x2b,0x11,0x01,0x2b,0x11,0x01,
    0x2b,0x11,0x00,0x2c,0x12,0x01,0x2d,0x13,0x02,0x2e,0x14,0x02,
    0x30,0x14,0x02,0x31,0x16,0x03,0x30,0x16,0x03,0x32,0x17,0x03,
    0x34,0x18,0x04,0x34,0x19,0x04,0x34,0x1a,0x03,0x36,0x1c,0x04,
    0x36,0x1c,0x05,0x37,0x1c,0x05,0x3a,0x1f,0x04,0x3a,0x21,0x04,
    0x3b,0x21,0x05,0x3e,0x21,0x06,0x40,0x23,0x06,0x41,0x24,0x06,
    0x42,0x25,0x06,0x43,0x26,0x07,0x45,0x28,0x09,0x46,0x29,0x0a,
    0x48,0x2a,0x0a,0x49,0x2a,0x0b,0x4b,0x2c,0x0d,0x4b,0x2c,0x0c,
    0x4c,0x2e,0x0d,0x4d,0x30,0x0e,0x4f,0x30,0x0e,0x52,0x31,0x0d,
    0x00,0x00,0x00,0x00,0x00,0x00,0x00,0x00,0x00,0x01,0x01,0x01,
    0x00,0x00,0x00,0x00,0x00,0x00,0x00,0x00,0x00,0x00,0x00,0x00,
    0x00,0x00,0x00,0x00,0x00,0x00,0x00,0x00,0x00,0x01,0x00,0x01,
    0x01,0x00,0x01,0x02,0x00,0x00,0x04,0x00,0x00,0x03,0x01,0x00,
    0x03,0x01,0x00,0x04,0x00,0x00,0x06,0x00,0x00,0x06,0x00,0x00,
    0x05,0x01,0x00,0x04,0x00,0x00,0x05,0x00,0x00,0x06,0x00,0x00,
    0x06,0x00,0x00,0x06,0x00,0x00,0x06,0x00,0x00,0x06,0x00,0x00,
    0x06,0x00,0x00,0x06,0x00,0x00,0x06,0x00,0x00,0x06,0x00,0x00,
    0x06,0x00,0x00,0x06,0x00,0x00,0x06,0x00,0x00,0x07,0x00,0x00,
    0x07,0x00,0x00,0x07,0x00,0x00,0x08,0x00,0x00,0x09,0x00,0x00,
    0x09,0x00,0x00,0x09,0x00,0x00,0x08,0x01,0x00,0x09,0x01,0x00,
    0x0a,0x01,0x00,0x0a,0x00,0x00,0x0a,0x00,0x00,0x0b,0x01,0x00,
    0x0c,0x01,0x00,0x0b,0x01,0x00,0x0c,0x01,0x00,0x0c,0x01,0x01,
    0x0b,0x01,0x00,0x0d,0x01,0x00,0x10,0x01,0x01,0x10,0x01,0x00,
    0x0f,0x01,0x00,0x10,0x01,0x01,0x12,0x02,0x01,0x11,0x02,0x00,
    0x11,0x02,0x00,0x12,0x04,0x01,0x13,0x04,0x01,0x14,0x03,0x00,
    0x14,0x03,0x01,0x15,0x04,0x01,0x13,0x04,0x01,0x13,0x04,0x01,
    0x15,0x04,0x00,0x17,0x05,0x00,0x16,0x05,0x00,0x18,0x06,0x00,
    0x19,0x06,0x00,0x19,0x06,0x00,0x19,0x06,0x01,0x1b,0x06,0x00,
    0x1b,0x06,0x01,0x1b,0x06,0x01,0x1b,0x06,0x01,0x1c,0x06,0x01,
    0x1e,0x07,0x00,0x20,0x0a,0x01,0x1f,0x0a,0x01,0x20,0x0b,0x01,
    0x21,0x0b,0x01,0x22,0x0a,0x01,0x21,0x09,0x00,0x23,0x0b,0x01,
    0x23,0x0b,0x01,0x24,0x0c,0x01,0x23,0x0d,0x00,0x25,0x0e,0x01,
    0x25,0x0e,0x01,0x26,0x0f,0x01,0x28,0x10,0x01,0x2b,0x11,0x01,
    0x2b,0x11,0x02,0x2b,0x11,0x01,0x2c,0x12,0x02,0x2d,0x13,0x02,
    0x2d,0x13,0x02,0x2e,0x14,0x03,0x30,0x15,0x04,0x32,0x16,0x03,
    0x34,0x18,0x03,0x33,0x19,0x03,0x35,0x1a,0x04,0x35,0x1a,0x05,
    0x36,0x1b,0x05,0x37,0x1c,0x05,0x39,0x1d,0x05,0x39,0x1f,0x04,
    0x39,0x1f,0x05,0x3d,0x20,0x05,0x3f,0x21,0x04,0x40,0x23,0x05,
    0x41,0x24,0x06,0x43,0x25,0x08,0x44,0x25,0x08,0x44,0x27,0x09,
    0x46,0x29,0x0b,0x48,0x2a,0x0c,0x49,0x2b,0x0b,0x4a,0x2b,0x0c,
    0x4b,0x2c,0x0d,0x4c,0x2d,0x0c,0x4d,0x2f,0x0d,0x4f,0x31,0x0f,
    0x00,0x00,0x00,0x00,0x00,0x00,0x00,0x00,0x00,0x00,0x00,0x00,
    0x00,0x00,0x00,0x00,0x00,0x00,0x00,0x00,0x00,0x00,0x00,0x00,
    0x00,0x00,0x00,0x00,0x00,0x00,0x00,0x00,0x00,0x00,0x00,0x00,
    0x00,0x00,0x00,0x02,0x00,0x00,0x03,0x00,0x00,0x02,0x00,0x00,
    0x02,0x00,0x00,0x03,0x00,0x00,0x05,0x00,0x00,0x05,0x00,0x00,
    0x05,0x01,0x00,0x04,0x00,0x00,0x05,0x00,0x00,0x05,0x00,0x00,
    0x06,0x00,0x00,0x06,0x00,0x00,0x06,0x00,0x00,0x06,0x00,0x00,
    0x06,0x00,0x00,0x06,0x00,0x00,0x06,0x00,0x00,0x06,0x00,0x00,
    0x06,0x00,0x00,0x06,0x00,0x00,0x06,0x00,0x00,0x06,0x00,0x00,
    0x06,0x00,0x00,0x06,0x00,0x00,0x08,0x00,0x00,0x08,0x00,0x00,
    0x07,0x00,0x00,0x06,0x00,0x00,0x08,0x00,0x00,0x09,0x01,0x00,
    0x0a,0x00,0x00,0x0a,0x00,0x00,0x0a,0x00,0x00,0x0a,0x01,0x00,
    0x0b,0x00,0x00,0x0c,0x00,0x00,0x0c,0x00,0x00,0x0c,0x01,0x00,
    0x0c,0x02,0x00,0x0d,0x01,0x00,0x0f,0x01,0x00,0x0f,0x01,0x00,
    0x0e,0x01,0x00,0x10,0x01,0x01,0x12,0x01,0x01,0x11,0x02,0x00,
    0x11,0x02,0x00,0x13,0x03,0x01,0x12,0x03,0x00,0x13,0x03,0x00,
    0x14,0x03,0x01,0x13,0x03,0x00,0x13,0x03,0x01,0x14,0x04,0x00,
    0x14,0x05,0x00,0x17,0x04,0x01,0x18,0x05,0x00,0x17,0x05,0x00,
    0x18,0x06,0x00,0x19,0x06,0x00,0x1a,0x06,0x01,0x1a,0x06,0x00,
    0x1a,0x06,0x00,0x1b,0x06,0x01,0x1a,0x06,0x00,0x1c,0x07,0x01,
    0x1e,0x07,0x01,0x1f,0x09,0x01,0x1e,0x09,0x01,0x1f,0x0a,0x01,
    0x21,0x0b,0x00,0x21,0x0a,0x01,0x22,0x0a,0x01,0x22,0x09,0x01,
    0x22,0x0a,0x01,0x23,0x0c,0x00,0x24,0x0d,0x01,0x24,0x0c,0x01,
    0x24,0x0c,0x01,0x23,0x0d,0x00,0x27,0x0f,0x01,0x29,0x0e,0x01,
    0x2a,0x10,0x02,0x2b,0x11,0x02,0x2c,0x12,0x01,0x2c,0x12,0x02,
    0x2b,0x12,0x02,0x2d,0x13,0x02,0x2f,0x14,0x03,0x31,0x15,0x03,
    0x32,0x17,0x03,0x33,0x17,0x04,0x33,0x19,0x03,0x34,0x19,0x04,
    0x34,0x1a,0x05,0x35,0x1b,0x05,0x37,0x1c,0x04,0x38,0x1e,0x05,
    0x3b,0x1d,0x06,0x3d,0x1f,0x06,0x3e,0x20,0x04,0x3e,0x21,0x05,
    0x40,0x22,0x06,0x41,0x23,0x06,0x42,0x24,0x06,0x43,0x25,0x08,
    0x44,0x26,0x09,0x45,0x27,0x09,0x47,0x28,0x0a,0x48,0x29,0x0a,
    0x4a,0x2b,0x0c,0x4b,0x2c,0x0d,0x4c,0x2e,0x0d,0x4e,0x30,0x0e,
    0x00,0x00,0x00,0x00,0x00,0x00,0x00,0x00,0x00,0x00,0x00,0x00,
    0x00,0x00,0x00,0x00,0x00,0x00,0x01,0x01,0x01,0x00,0x00,0x00,
    0x00,0x00,0x00,0x00,0x00,0x00,0x00,0x00,0x00,0x00,0x00,0x00,
    0x00,0x00,0x00,0x00,0x00,0x00,0x00,0x00,0x00,0x00,0x00,0x00,
    0x00,0x00,0x00,0x01,0x00,0x00,0x04,0x00,0x00,0x04,0x00,0x00,
    0x03,0x01,0x00,0x04,0x00,0x00,0x05,0x00,0x00,0x05,0x00,0x00,
    0x06,0x00,0x00,0x06,0x00,0x00,0x06,0x00,0x00,0x06,0x00,0x00,
    0x06,0x00,0x00,0x06,0x00,0x00,0x06,0x00,0x00,0x06,0x00,0x00,
    0x06,0x00,0x00,0x06,0x00,0x00,0x06,0x00,0x00,0x06,0x00,0x00,
    0x07,0x00,0x00,0x07,0x00,0x00,0x07,0x00,0x00,0x09,0x00,0x00,
    0x08,0x00,0x00,0x07,0x00,0x00,0x09,0x00,0x01,0x09,0x00,0x01,
    0x0a,0x00,0x00,0x0b,0x00,0x00,0x0a,0x00,0x00,0x0a,0x00,0x00,
    0x0b,0x00,0x00,0x0c,0x01,0x00,0x0b,0x01,0x00,0x0c,0x01,0x00,
    0x0c,0x02,0x00,0x0e,0x01,0x00,0x0f,0x01,0x00,0x0f,0x01,0x00,
    0x0e,0x01,0x00,0x11,0x01,0x01,0x11,0x01,0x00,0x11,0x02,0x01,
    0x12,0x02,0x00,0x15,0x02,0x00,0x12,0x03,0x00,0x13,0x03,0x01,
    0x14,0x03,0x01,0x12,0x03,0x00,0x12,0x04,0x01,0x13,0x04,0x00,
    0x13,0x04,0x00,0x15,0x04,0x00,0x15,0x04,0x00,0x15,0x05,0x00,
    0x18,0x06,0x00,0x19,0x06,0x00,0x19,0x05,0x00,0x1a,0x05,0x00,
    0x1a,0x06,0x01,0x1a,0x06,0x01,0x1b,0x06,0x00,0x1c,0x07,0x01,
    0x1d,0x07,0x01,0x1c,0x08,0x00,0x1e,0x0a,0x01,0x1f,0x0a,0x01,
    0x20,0x0a,0x01,0x1f,0x09,0x01,0x20,0x09,0x01,0x21,0x08,0x01,
    0x22,0x09,0x01,0x24,0x0c,0x01,0x22,0x0b,0x01,0x23,0x0b,0x01,
    0x24,0x0c,0x01,0x24,0x0e,0x01,0x27,0x0f,0x01,0x29,0x0e,0x01,
    0x2a,0x10,0x01,0x2a,0x10,0x01,0x2a,0x10,0x02,0x2b,0x10,0x02,
    0x2c,0x11,0x02,0x2e,0x13,0x03,0x2e,0x12,0x03,0x2f,0x14,0x04,
    0x30,0x15,0x03,0x31,0x16,0x04,0x32,0x17,0x03,0x33,0x17,0x04,
    0x33,0x18,0x04,0x35,0x1a,0x04,0x34,0x1a,0x03,0x37,0x1d,0x04,
    0x3a,0x1d,0x06,0x3b,0x1d,0x05,0x3c,0x1e,0x05,0x3d,0x1f,0x05,
    0x3f,0x21,0x06,0x40,0x22,0x06,0x41,0x24,0x07,0x42,0x24,0x07,
    0x44,0x23,0x07,0x44,0x25,0x08,0x46,0x27,0x09,0x48,0x29,0x0a,
    0x49,0x2a,0x0a,0x4b,0x2b,0x0d,0x4b,0x2c,0x0d,0x4c,0x2d,0x0d,
    0x00,0x00,0x00,0x00,0x00,0x00,0x00,0x00,0x00,0x00,0x00,0x00,
    0x00,0x00,0x00,0x00,0x00,0x00,0x00,0x00,0x00,0x01,0x01,0x01,
    0x01,0x01,0x01,0x01,0x01,0x01,0x00,0x00,0x00,0x00,0x00,0x00,
    0x00,0x00,0x00,0x00,0x00,0x00,0x00,0x00,0x00,0x00,0x00,0x00,
    0x00,0x00,0x00,0x00,0x00,0x00,0x01,0x00,0x00,0x03,0x00,0x00,
    0x02,0x01,0x00,0x03,0x01,0x00,0x04,0x00,0x00,0x04,0x01,0x00,
    0x04,0x00,0x00,0x06,0x00,0x00,0x06,0x00,0x00,0x06,0x00,0x00,
    0x06,0x00,0x00,0x06,0x00,0x00,0x06,0x00,0x00,0x06,0x00,0x00,
    0x06,0x00,0x00,0x06,0x00,0x00,0x06,0x00,0x00,0x06,0x00,0x00,
    0x06,0x00,0x00,0x06,0x00,0x00,0x07,0x00,0x00,0x08,0x00,0x00,
    0x09,0x00,0x01,0x09,0x00,0x00,0x09,0x00,0x01,0x08,0x00,0x00,
    0x0a,0x00,0x00,0x0a,0x00,0x00,0x09,0x00,0x00,0x0a,0x00,0x00,
    0x0a,0x01,0x00,0x0b,0x00,0x00,0x0b,0x01,0x00,0x0c,0x00,0x00,
    0x0c,0x01,0x00,0x0e,0x02,0x00,0x10,0x01,0x01,0x0f,0x01,0x00,
    0x0e,0x01,0x00,0x10,0x00,0x00,0x10,0x01,0x01,0x12,0x01,0x01,
    0x13,0x02,0x00,0x13,0x02,0x00,0x12,0x03,0x00,0x12,0x02,0x01,
    0x13,0x02,0x00,0x14,0x03,0x01,0x13,0x03,0x01,0x14,0x03,0x01,
    0x14,0x04,0x00,0x14,0x04,0x00,0x14,0x04,0x00,0x14,0x04,0x00,
    0x18,0x06,0x00,0x19,0x06,0x01,0x19,0x06,0x01,0x19,0x04,0x00,
    0x1a,0x05,0x01,0x1a,0x05,0x00,0x1a,0x06,0x00,0x1a,0x06,0x00,
    0x1b,0x07,0x01,0x1c,0x07,0x01,0x1e,0x08,0x01,0x1e,0x09,0x01,
    0x1e,0x09,0x01,0x1f,0x09,0x01,0x20,0x09,0x01,0x21,0x08,0x01,
    0x21,0x09,0x01,0x22,0x0a,0x01,0x22,0x0a,0x01,0x22,0x0b,0x01,
    0x24,0x0b,0x00,0x26,0x0d,0x01,0x26,0x0e,0x01,0x29,0x0e,0x01,
    0x29,0x0f,0x01,0x29,0x0f,0x01,0x29,0x10,0x01,0x2b,0x10,0x02,
    0x2c,0x10,0x01,0x2d,0x11,0x02,0x2e,0x11,0x03,0x2f,0x12,0x04,
    0x2f,0x12,0x03,0x31,0x14,0x04,0x31,0x14,0x04,0x32,0x15,0x05,
    0x33,0x17,0x04,0x34,0x18,0x03,0x36,0x19,0x04,0x37,0x19,0x05,
    0x38,0x1a,0x04,0x3a,0x1c,0x05,0x3c,0x1e,0x05,0x3d,0x1f,0x04,
    0x3e,0x1f,0x06,0x3f,0x20,0x05,0x40,0x21,0x06,0x41,0x22,0x06,
    0x43,0x23,0x06,0x44,0x25,0x08,0x45,0x26,0x09,0x45,0x26,0x09,
    0x47,0x27,0x0a,0x4a,0x2a,0x0c,0x4a,0x2b,0x0c,0x4b,0x2c,0x0d,
    0x00,0x00,0x00,0x00,0x00,0x00,0x00,0x00,0x00,0x00,0x00,0x00,
    0x00,0x00,0x00,0x00,0x00,0x00,0x00,0x00,0x00,0x02,0x01,0x01,
    0x02,0x01,0x01,0x00,0x00,0x00,0x00,0x00,0x00,0x00,0x00,0x00,
    0x00,0x00,0x00,0x00,0x00,0x00,0x00,0x00,0x00,0x00,0x00,0x00,
    0x00,0x00,0x00,0x00,0x00,0x00,0x00,0x00,0x00,0x02,0x01,0x00,
    0x03,0x00,0x00,0x02,0x01,0x00,0x03,0x01,0x00,0x03,0x01,0x00,
    0x03,0x01,0x00,0x03,0x01,0x00,0x05,0x00,0x00,0x07,0x00,0x00,
    0x06,0x00,0x00,0x06,0x00,0x00,0x06,0x00,0x00,0x06,0x00,0x00,
    0x06,0x00,0x00,0x06,0x00,0x00,0x06,0x00,0x00,0x06,0x00,0x00,
    0x06,0x00,0x00,0x07,0x00,0x00,0x07,0x00,0x00,0x06,0x00,0x00,
    0x08,0x00,0x00,0x09,0x00,0x00,0x08,0x00,0x00,0x07,0x00,0x00,
    0x09,0x00,0x00,0x09,0x01,0x00,0x0a,0x01,0x00,0x09,0x00,0x00,
    0x08,0x01,0x00,0x0a,0x01,0x00,0x0c,0x01,0x00,0x0c,0x00,0x00,
    0x0c,0x01,0x00,0x0c,0x01,0x00,0x10,0x01,0x00,0x0f,0x01,0x01,
    0x0f,0x01,0x00,0x0f,0x01,0x00,0x0e,0x01,0x00,0x11,0x01,0x00,
    0x12,0x02,0x00,0x11,0x02,0x01,0x14,0x02,0x00,0x13,0x02,0x00,
    0x13,0x02,0x00,0x13,0x02,0x00,0x13,0x03,0x01,0x13,0x04,0x00,
    0x13,0x04,0x00,0x15,0x04,0x01,0x14,0x04,0x00,0x16,0x05,0x01,
    0x18,0x05,0x01,0x18,0x05,0x00,0x19,0x06,0x01,0x19,0x06,0x01,
    0x1a,0x06,0x00,0x1a,0x06,0x01,0x1b,0x05,0x00,0x1a,0x05,0x01,
    0x1a,0x06,0x00,0x1a,0x05,0x01,0x1c,0x07,0x01,0x1e,0x08,0x01,
    0x1e,0x08,0x01,0x1f,0x08,0x01,0x1f,0x09,0x01,0x20,0x0a,0x01,
    0x20,0x09,0x01,0x20,0x0a,0x00,0x21,0x0a,0x01,0x22,0x0a,0x01,
    0x23,0x0b,0x01,0x24,0x0b,0x01,0x25,0x0c,0x01,0x29,0x0e,0x01,
    0x28,0x0e,0x01,0x29,0x0f,0x01,0x2a,0x10,0x01,0x2a,0x10,0x01,
    0x2b,0x11,0x01,0x2c,0x11,0x01,0x2c,0x11,0x02,0x2d,0x11,0x02,
    0x2e,0x12,0x02,0x30,0x13,0x03,0x31,0x14,0x03,0x32,0x14,0x03,
    0x33,0x16,0x03,0x34,0x16,0x02,0x36,0x17,0x03,0x37,0x17,0x03,
    0x38,0x19,0x05,0x39,0x1a,0x04,0x3a,0x1c,0x04,0x3c,0x1e,0x04,
    0x3d,0x1f,0x04,0x3e,0x20,0x05,0x3f,0x21,0x05,0x41,0x21,0x06,
    0x42,0x22,0x08,0x41,0x22,0x06,0x42,0x23,0x06,0x43,0x25,0x07,
    0x44,0x25,0x08,0x47,0x27,0x0a,0x49,0x2a,0x0a,0x4a,0x2b,0x0b,
    0x00,0x00,0x00,0x00,0x00,0x00,0x00,0x00,0x00,0x01,0x01,0x01,
    0x01,0x01,0x01,0x00,0x00,0x00,0x00,0x00,0x00,0x00,0x00,0x00,
    0x00,0x00,0x00,0x00,0x00,0x00,0x00,0x00,0x00,0x00,0x00,0x00,
    0x00,0x00,0x00,0x00,0x00,0x00,0x00,0x00,0x00,0x00,0x00,0x00,
    0x00,0x00,0x00,0x00,0x00,0x00,0x01,0x00,0x01,0x01,0x01,0x00,
    0x01,0x00,0x01,0x00,0x00,0x00,0x02,0x01,0x00,0x04,0x00,0x00,
    0x02,0x01,0x00,0x03,0x00,0x00,0x05,0x00,0x00,0x05,0x00,0x00,
    0x05,0x00,0x00,0x05,0x00,0x00,0x06,0x00,0x00,0x06,0x00,0x00,
    0x06,0x00,0x00,0x06,0x00,0x00,0x06,0x00,0x00,0x06,0x00,0x00,
    0x06,0x00,0x00,0x07,0x00,0x00,0x06,0x00,0x00,0x06,0x00,0x00,
    0x06,0x00,0x00,0x07,0x00,0x00,0x06,0x00,0x00,0x07,0x00,0x00,
    0x09,0x00,0x00,0x0a,0x01,0x00,0x0a,0x01,0x00,0x0a,0x01,0x00,
    0x09,0x01,0x00,0x0a,0x01,0x00,0x0c,0x01,0x00,0x0b,0x00,0x00,
    0x0a,0x01,0x00,0x0c,0x01,0x00,0x0f,0x01,0x00,0x0e,0x00,0x00,
    0x0f,0x01,0x00,0x0f,0x01,0x00,0x0e,0x01,0x00,0x10,0x01,0x00,
    0x10,0x01,0x00,0x10,0x01,0x00,0x13,0x02,0x00,0x13,0x02,0x00,
    0x12,0x02,0x01,0x11,0x01,0x01,0x12,0x02,0x01,0x13,0x04,0x01,
    0x14,0x04,0x00,0x14,0x04,0x00,0x14,0x04,0x00,0x15,0x04,0x01,
    0x16,0x04,0x01,0x18,0x05,0x00,0x18,0x05,0x00,0x19,0x06,0x01,
    0x19,0x06,0x00,0x19,0x06,0x00,0x1a,0x04,0x00,0x1a,0x05,0x00,
    0x1a,0x06,0x01,0x1a,0x05,0x01,0x1a,0x06,0x00,0x1c,0x07,0x01,
    0x1e,0x07,0x01,0x1e,0x09,0x01,0x20,0x0a,0x01,0x1f,0x09,0x00,
    0x1f,0x09,0x01,0x20,0x0b,0x01,0x21,0x09,0x01,0x22,0x09,0x01,
    0x22,0x0b,0x00,0x25,0x0b,0x01,0x26,0x0c,0x01,0x27,0x0c,0x01,
    0x28,0x0d,0x01,0x28,0x0f,0x02,0x28,0x0f,0x01,0x2a,0x10,0x01,
    0x29,0x10,0x02,0x2a,0x0f,0x02,0x2b,0x10,0x02,0x2b,0x10,0x02,
    0x2d,0x11,0x02,0x2f,0x12,0x02,0x30,0x13,0x03,0x32,0x13,0x03,
    0x33,0x14,0x04,0x35,0x16,0x03,0x36,0x16,0x03,0x36,0x17,0x04,
    0x37,0x19,0x04,0x38,0x19,0x04,0x38,0x19,0x04,0x3b,0x1c,0x05,
    0x3c,0x1d,0x05,0x3c,0x1d,0x04,0x3e,0x1f,0x04,0x3f,0x1f,0x06,
    0x41,0x22,0x07,0x41,0x22,0x05,0x41,0x21,0x06,0x43,0x23,0x06,
    0x44,0x24,0x07,0x46,0x26,0x0a,0x48,0x27,0x0a,0x49,0x29,0x0a,
    0x00,0x00,0x00,0x00,0x00,0x00,0x00,0x00,0x00,0x00,0x00,0x00,
    0x00,0x00,0x00,0x00,0x00,0x00,0x00,0x00,0x00,0x00,0x00,0x00,
    0x00,0x00,0x00,0x00,0x00,0x00,0x00,0x00,0x00,0x00,0x00,0x00,
    0x00,0x00,0x00,0x00,0x00,0x00,0x00,0x00,0x00,0x00,0x00,0x00,
    0x01,0x01,0x01,0x01,0x00,0x00,0x02,0x00,0x01,0x02,0x00,0x01,
    0x00,0x00,0x00,0x00,0x00,0x00,0x01,0x00,0x01,0x02,0x01,0x00,
    0x04,0x00,0x00,0x04,0x00,0x00,0x04,0x00,0x00,0x05,0x01,0x00,
    0x05,0x00,0x00,0x04,0x00,0x00,0x04,0x00,0x00,0x06,0x00,0x00,
    0x06,0x00,0x00,0x06,0x00,0x00,0x06,0x00,0x00,0x06,0x00,0x00,
    0x06,0x00,0x00,0x07,0x00,0x00,0x06,0x00,0x00,0x06,0x00,0x00,
    0x06,0x00,0x00,0x06,0x00,0x00,0x05,0x00,0x00,0x06,0x00,0x00,
    0x08,0x00,0x00,0x07,0x00,0x00,0x09,0x01,0x00,0x0a,0x00,0x00,
    0x0a,0x00,0x00,0x09,0x00,0x00,0x0a,0x01,0x00,0x0b,0x00,0x00,
    0x0a,0x01,0x00,0x0c,0x01,0x00,0x0f,0x00,0x00,0x0e,0x00,0x00,
    0x0e,0x01,0x00,0x0f,0x01,0x00,0x10,0x01,0x00,0x0d,0x01,0x00,
    0x0e,0x01,0x00,0x10,0x01,0x00,0x12,0x01,0x01,0x12,0x01,0x01,
    0x11,0x01,0x01,0x12,0x02,0x00,0x11,0x02,0x00,0x12,0x03,0x00,
    0x14,0x03,0x00,0x15,0x03,0x00,0x14,0x04,0x00,0x13,0x03,0x01,
    0x16,0x04,0x01,0x18,0x06,0x00,0x18,0x05,0x00,0x17,0x05,0x00,
    0x19,0x06,0x00,0x19,0x05,0x00,0x19,0x06,0x00,0x19,0x05,0x00,
    0x1a,0x06,0x00,0x1b,0x06,0x01,0x1a,0x06,0x01,0x1b,0x07,0x00,
    0x1c,0x07,0x01,0x1d,0x09,0x01,0x1e,0x0a,0x01,0x1e,0x09,0x01,
    0x1f,0x09,0x01,0x1e,0x0a,0x01,0x20,0x0a,0x01,0x21,0x0a,0x01,
    0x22,0x0b,0x01,0x24,0x0c,0x01,0x25,0x0b,0x01,0x25,0x0c,0x01,
    0x25,0x0c,0x01,0x27,0x0d,0x01,0x28,0x0e,0x01,0x28,0x0f,0x02,
    0x29,0x0f,0x01,0x29,0x0f,0x02,0x2b,0x10,0x02,0x2b,0x0f,0x01,
    0x2b,0x10,0x02,0x2e,0x12,0x02,0x2f,0x13,0x02,0x31,0x14,0x04,
    0x30,0x13,0x03,0x33,0x15,0x04,0x36,0x17,0x04,0x35,0x16,0x04,
    0x36,0x16,0x04,0x38,0x18,0x04,0x39,0x19,0x05,0x38,0x1a,0x04,
    0x39,0x1b,0x03,0x3c,0x1c,0x05,0x3c,0x1d,0x05,0x3d,0x1e,0x06,
    0x3e,0x1e,0x05,0x40,0x21,0x06,0x41,0x20,0x06,0x42,0x22,0x07,
    0x46,0x23,0x09,0x45,0x24,0x08,0x45,0x25,0x09,0x46,0x27,0x0a,
    0x00,0x00,0x00,0x00,0x00,0x00,0x00,0x00,0x00,0x00,0x00,0x00,
    0x00,0x00,0x00,0x00,0x00,0x00,0x00,0x00,0x00,0x00,0x00,0x00,
    0x00,0x00,0x00,0x00,0x00,0x00,0x00,0x00,0x00,0x00,0x00,0x00,
    0x00,0x00,0x00,0x00,0x00,0x00,0x00,0x00,0x00,0x00,0x00,0x00,
    0x01,0x01,0x01,0x02,0x00,0x01,0x02,0x00,0x01,0x02,0x00,0x01,
    0x01,0x00,0x00,0x01,0x01,0x01,0x00,0x00,0x00,0x01,0x01,0x00,
    0x04,0x00,0x00,0x04,0x00,0x00,0x04,0x00,0x00,0x05,0x00,0x00,
    0x04,0x00,0x00,0x04,0x00,0x00,0x05,0x00,0x00,0x06,0x00,0x00,
    0x06,0x00,0x00,0x06,0x00,0x00,0x06,0x00,0x00,0x07,0x00,0x00,
    0x07,0x00,0x00,0x06,0x00,0x00,0x06,0x00,0x00,0x06,0x00,0x00,
    0x06,0x00,0x00,0x06,0x00,0x00,0x06,0x00,0x00,0x06,0x00,0x00,
    0x06,0x00,0x00,0x07,0x00,0x00,0x08,0x00,0x00,0x08,0x00,0x00,
    0x08,0x00,0x00,0x09,0x01,0x00,0x0b,0x01,0x00,0x0b,0x01,0x00,
    0x0b,0x01,0x00,0x0a,0x00,0x00,0x0c,0x00,0x00,0x0c,0x00,0x00,
    0x0d,0x00,0x00,0x0f,0x00,0x00,0x0f,0x01,0x00,0x0d,0x01,0x00,
    0x0f,0x01,0x00,0x0e,0x01,0x00,0x0f,0x01,0x01,0x11,0x01,0x01,
    0x10,0x02,0x01,0x11,0x02,0x00,0x11,0x02,0x00,0x11,0x03,0x00,
    0x13,0x04,0x01,0x13,0x04,0x01,0x13,0x03,0x01,0x13,0x04,0x01,
    0x15,0x04,0x00,0x16,0x04,0x00,0x16,0x04,0x01,0x17,0x05,0x00,
    0x18,0x06,0x00,0x19,0x05,0x00,0x19,0x06,0x00,0x19,0x06,0x01,
    0x1a,0x05,0x01,0x1a,0x05,0x01,0x1a,0x06,0x01,0x1b,0x06,0x01,
    0x1c,0x07,0x01,0x1d,0x07,0x01,0x1c,0x08,0x01,0x1d,0x09,0x01,
    0x1e,0x08,0x01,0x1f,0x09,0x01,0x1f,0x0a,0x01,0x21,0x0a,0x01,
    0x21,0x0b,0x01,0x22,0x0c,0x00,0x24,0x0b,0x01,0x24,0x0c,0x01,
    0x25,0x0d,0x01,0x26,0x0c,0x01,0x27,0x0e,0x01,0x28,0x0f,0x02,
    0x29,0x0f,0x01,0x29,0x0f,0x02,0x2b,0x0f,0x02,0x2a,0x0f,0x01,
    0x2c,0x10,0x03,0x2d,0x11,0x03,0x2e,0x12,0x02,0x2f,0x12,0x03,
    0x30,0x13,0x03,0x33,0x14,0x03,0x34,0x14,0x04,0x34,0x15,0x04,
    0x35,0x16,0x04,0x36,0x16,0x04,0x38,0x19,0x04,0x38,0x18,0x05,
    0x39,0x1a,0x04,0x3a,0x1a,0x04,0x3b,0x1c,0x05,0x3c,0x1c,0x05,
    0x3d,0x1d,0x05,0x3f,0x1f,0x06,0x40,0x20,0x06,0x41,0x21,0x06,
    0x43,0x22,0x07,0x43,0x23,0x07,0x43,0x24,0x07,0x43,0x24,0x07,
    0x00,0x00,0x00,0x00,0x00,0x00,0x00,0x00,0x00,0x00,0x00,0x00,
    0x00,0x00,0x00,0x00,0x00,0x00,0x00,0x00,0x00,0x00,0x00,0x00,
    0x01,0x01,0x01,0x01,0x01,0x01,0x00,0x00,0x00,0x00,0x00,0x00,
    0x01,0x01,0x01,0x01,0x01,0x01,0x01,0x01,0x01,0x01,0x01,0x01,
    0x01,0x01,0x01,0x02,0x00,0x00,0x01,0x00,0x00,0x02,0x00,0x01,
    0x01,0x00,0x01,0x00,0x00,0x00,0x00,0x00,0x00,0x00,0x00,0x00,
    0x00,0x00,0x00,0x00,0x00,0x00,0x02,0x01,0x00,0x04,0x00,0x00,
    0x04,0x00,0x00,0x03,0x01,0x00,0x03,0x00,0x00,0x04,0x00,0x00,
    0x04,0x00,0x00,0x06,0x00,0x00,0x06,0x00,0x00,0x07,0x00,0x00,
    0x07,0x00,0x00,0x06,0x00,0x00,0x06,0x00,0x00,0x06,0x00,0x00,
    0x06,0x00,0x00,0x06,0x00,0x00,0x06,0x00,0x00,0x06,0x00,0x00,
    0x06,0x00,0x00,0x08,0x00,0x00,0x09,0x00,0x00,0x07,0x00,0x00,
    0x07,0x00,0x00,0x08,0x00,0x00,0x0a,0x01,0x00,0x09,0x01,0x00,
    0x09,0x01,0x00,0x0b,0x01,0x00,0x0b,0x01,0x00,0x0c,0x01,0x00,
    0x0c,0x01,0x00,0x0b,0x01,0x00,0x0c,0x01,0x00,0x0c,0x01,0x00,
    0x0f,0x01,0x01,0x0d,0x01,0x00,0x0d,0x02,0x01,0x0f,0x01,0x00,
    0x11,0x02,0x00,0x11,0x02,0x00,0x11,0x03,0x01,0x12,0x03,0x01,
    0x11,0x03,0x01,0x13,0x03,0x01,0x14,0x04,0x01,0x13,0x03,0x01,
    0x15,0x03,0x01,0x16,0x03,0x01,0x15,0x04,0x00,0x16,0x04,0x01,
    0x18,0x05,0x00,0x18,0x05,0x01,0x19,0x06,0x00,0x1a,0x06,0x00,
    0x1a,0x05,0x01,0x1a,0x05,0x00,0x1b,0x06,0x01,0x1a,0x05,0x01,
    0x1b,0x07,0x01,0x1b,0x07,0x01,0x1c,0x07,0x01,0x1e,0x07,0x01,
    0x1e,0x08,0x01,0x1f,0x09,0x01,0x1f,0x09,0x01,0x20,0x09,0x01,
    0x21,0x09,0x01,0x22,0x0a,0x01,0x22,0x0a,0x01,0x21,0x0b,0x01,
    0x24,0x0b,0x01,0x25,0x0b,0x01,0x26,0x0c,0x01,0x27,0x0e,0x01,
    0x29,0x0f,0x02,0x28,0x0e,0x02,0x2a,0x0f,0x03,0x2a,0x0f,0x02,
    0x2a,0x0f,0x02,0x2d,0x11,0x03,0x2f,0x12,0x03,0x31,0x12,0x03,
    0x31,0x12,0x02,0x32,0x12,0x03,0x33,0x14,0x04,0x34,0x14,0x05,
    0x34,0x15,0x03,0x35,0x16,0x03,0x36,0x17,0x03,0x37,0x18,0x04,
    0x38,0x19,0x05,0x38,0x19,0x05,0x3a,0x1a,0x06,0x3c,0x1c,0x06,
    0x3c,0x1c,0x05,0x3e,0x1e,0x07,0x3f,0x1f,0x07,0x40,0x20,0x06,
    0x41,0x21,0x06,0x43,0x23,0x07,0x43,0x22,0x06,0x43,0x24,0x07,
    0x00,0x00,0x00,0x00,0x00,0x00,0x00,0x00,0x00,0x00,0x00,0x00,
    0x00,0x00,0x00,0x00,0x00,0x00,0x00,0x00,0x00,0x00,0x00,0x00,
    0x01,0x00,0x00,0x01,0x01,0x01,0x01,0x00,0x01,0x01,0x01,0x01,
    0x00,0x00,0x00,0x00,0x00,0x00,0x00,0x00,0x00,0x00,0x00,0x00,
    0x01,0x00,0x01,0x02,0x00,0x01,0x01,0x00,0x00,0x02,0x00,0x01,
    0x01,0x01,0x01,0x01,0x01,0x01,0x01,0x01,0x01,0x01,0x01,0x01,
    0x01,0x01,0x01,0x00,0x00,0x00,0x01,0x01,0x00,0x02,0x01,0x00,
    0x01,0x00,0x00,0x02,0x00,0x00,0x04,0x00,0x00,0x05,0x00,0x00,
    0x06,0x00,0x00,0x05,0x00,0x00,0x05,0x00,0x00,0x05,0x00,0x00,
    0x06,0x00,0x00,0x06,0x00,0x00,0x06,0x00,0x00,0x06,0x00,0x00,
    0x06,0x00,0x00,0x06,0x00,0x00,0x06,0x00,0x00,0x06,0x00,0x00,
    0x06,0x00,0x00,0x07,0x00,0x00,0x07,0x00,0x00,0x08,0x00,0x00,
    0x06,0x00,0x00,0x08,0x00,0x00,0x09,0x00,0x00,0x0a,0x01,0x00,
    0x0a,0x00,0x00,0x0b,0x01,0x00,0x0c,0x01,0x00,0x0c,0x00,0x00,
    0x0c,0x01,0x00,0x0c,0x00,0x00,0x0c,0x01,0x00,0x0b,0x01,0x00,
    0x0c,0x02,0x01,0x0d,0x02,0x00,0x0d,0x02,0x01,0x0e,0x01,0x00,
    0x10,0x02,0x01,0x10,0x02,0x01,0x11,0x02,0x01,0x11,0x03,0x00,
    0x12,0x03,0x00,0x14,0x02,0x01,0x14,0x03,0x01,0x12,0x03,0x01,
    0x12,0x04,0x01,0x14,0x04,0x00,0x16,0x04,0x01,0x16,0x04,0x01,
    0x18,0x06,0x00,0x17,0x05,0x00,0x17,0x05,0x01,0x19,0x06,0x01,
    0x19,0x06,0x00,0x1a,0x05,0x01,0x1a,0x06,0x01,0x1a,0x06,0x01,
    0x1c,0x07,0x01,0x1c,0x08,0x01,0x1b,0x07,0x01,0x1c,0x07,0x01,
    0x1d,0x08,0x01,0x1e,0x08,0x01,0x20,0x0a,0x01,0x20,0x09,0x01,
    0x21,0x09,0x01,0x21,0x09,0x00,0x22,0x0a,0x01,0x22,0x0b,0x01,
    0x22,0x0b,0x00,0x23,0x0c,0x01,0x25,0x0c,0x01,0x27,0x0c,0x01,
    0x28,0x0d,0x02,0x28,0x0d,0x02,0x29,0x0e,0x03,0x2a,0x0f,0x03,
    0x29,0x0f,0x01,0x2c,0x10,0x02,0x2e,0x11,0x03,0x2e,0x11,0x03,
    0x31,0x12,0x02,0x32,0x12,0x04,0x32,0x14,0x04,0x32,0x12,0x04,
    0x33,0x15,0x02,0x35,0x16,0x02,0x34,0x14,0x03,0x35,0x16,0x03,
    0x36,0x17,0x04,0x38,0x18,0x04,0x39,0x18,0x05,0x3a,0x1b,0x05,
    0x3b,0x1c,0x05,0x3d,0x1d,0x06,0x3d,0x1d,0x07,0x3f,0x1f,0x07,
    0x41,0x20,0x06,0x41,0x20,0x06,0x43,0x21,0x07,0x43,0x24,0x08,
    0x00,0x00,0x00,0x00,0x00,0x00,0x00,0x00,0x00,0x00,0x00,0x00,
    0x00,0x00,0x00,0x00,0x00,0x00,0x00,0x00,0x00,0x00,0x00,0x00,
    0x00,0x00,0x00,0x00,0x00,0x00,0x00,0x00,0x00,0x02,0x00,0x01,
    0x01,0x00,0x00,0x01,0x01,0x01,0x01,0x01,0x01,0x01,0x01,0x01,
    0x01,0x01,0x01,0x00,0x01,0x00,0x01,0x00,0x00,0x02,0x00,0x01,
    0x02,0x00,0x01,0x02,0x00,0x01,0x02,0x00,0x01,0x02,0x00,0x01,
    0x02,0x00,0x01,0x02,0x00,0x01,0x00,0x00,0x00,0x00,0x00,0x00,
    0x00,0x00,0x00,0x02,0x01,0x00,0x02,0x01,0x00,0x04,0x01,0x00,
    0x04,0x01,0x00,0x04,0x00,0x00,0x04,0x00,0x00,0x04,0x00,0x00,
    0x05,0x00,0x00,0x05,0x00,0x00,0x06,0x00,0x00,0x06,0x00,0x00,
    0x06,0x00,0x00,0x06,0x00,0x00,0x06,0x00,0x00,0x06,0x00,0x00,
    0x06,0x00,0x00,0x06,0x00,0x00,0x06,0x00,0x00,0x07,0x00,0x00,
    0x07,0x00,0x01,0x09,0x00,0x00,0x0a,0x00,0x00,0x09,0x01,0x00,
    0x0b,0x01,0x00,0x0b,0x01,0x00,0x0b,0x01,0x00,0x0b,0x00,0x00,
    0x0b,0x01,0x00,0x0c,0x01,0x01,0x0c,0x01,0x00,0x0c,0x01,0x00,
    0x0b,0x01,0x00,0x0c,0x02,0x00,0x0d,0x02,0x00,0x0b,0x00,0x00,
    0x0d,0x01,0x01,0x0f,0x01,0x01,0x10,0x01,0x00,0x12,0x02,0x02,
    0x13,0x02,0x01,0x14,0x02,0x01,0x13,0x02,0x00,0x11,0x03,0x00,
    0x13,0x04,0x01,0x13,0x04,0x01,0x14,0x04,0x01,0x14,0x04,0x00,
    0x16,0x05,0x00,0x15,0x05,0x01,0x17,0x05,0x01,0x18,0x06,0x00,
    0x18,0x06,0x01,0x19,0x06,0x01,0x19,0x07,0x01,0x1a,0x07,0x01,
    0x1b,0x07,0x01,0x1b,0x07,0x01,0x1b,0x06,0x01,0x1c,0x06,0x01,
    0x1e,0x07,0x01,0x1e,0x08,0x01,0x20,0x0a,0x01,0x20,0x0a,0x01,
    0x20,0x09,0x01,0x21,0x09,0x01,0x21,0x09,0x01,0x21,0x0a,0x01,
    0x22,0x0b,0x01,0x23,0x0b,0x01,0x22,0x0b,0x01,0x24,0x0d,0x01,
    0x25,0x0c,0x01,0x29,0x0d,0x02,0x2a,0x0e,0x03,0x2a,0x0e,0x02,
    0x2a,0x0e,0x02,0x2c,0x10,0x03,0x2d,0x10,0x01,0x2d,0x0f,0x02,
    0x2f,0x11,0x03,0x30,0x10,0x02,0x31,0x11,0x03,0x32,0x12,0x03,
    0x32,0x13,0x02,0x34,0x14,0x03,0x35,0x15,0x04,0x34,0x15,0x03,
    0x35,0x15,0x03,0x37,0x16,0x03,0x39,0x1a,0x04,0x39,0x19,0x04,
    0x3a,0x1a,0x04,0x3b,0x1c,0x05,0x3d,0x1e,0x05,0x3e,0x1e,0x05,
    0x3e,0x1e,0x04,0x40,0x1f,0x05,0x40,0x20,0x06,0x42,0x23,0x08,
    0x00,0x00,0x00,0x00,0x00,0x00,0x00,0x00,0x00,0x00,0x00,0x00,
    0x00,0x00,0x00,0x00,0x00,0x00,0x00,0x00,0x00,0x00,0x00,0x00,
    0x00,0x00,0x00,0x00,0x00,0x00,0x00,0x00,0x00,0x01,0x00,0x00,
    0x01,0x00,0x00,0x00,0x00,0x00,0x00,0x00,0x00,0x00,0x00,0x00,
    0x00,0x00,0x00,0x00,0x00,0x00,0x01,0x00,0x01,0x02,0x00,0x01,
    0x02,0x00,0x01,0x02,0x00,0x01,0x02,0x00,0x01,0x02,0x00,0x01,
    0x02,0x00,0x01,0x01,0x00,0x00,0x00,0x00,0x00,0x00,0x00,0x00,
    0x00,0x00,0x00,0x02,0x01,0x00,0x02,0x01,0x00,0x03,0x00,0x00,
    0x03,0x01,0x00,0x03,0x00,0x00,0x03,0x00,0x00,0x03,0x00,0x00,
    0x05,0x01,0x00,0x05,0x01,0x00,0x07,0x00,0x00,0x08,0x00,0x00,
    0x07,0x00,0x00,0x06,0x00,0x00,0x06,0x00,0x00,0x06,0x00,0x00,
    0x06,0x00,0x00,0x06,0x00,0x00,0x06,0x00,0x00,0x07,0x00,0x01,
    0x08,0x00,0x01,0x08,0x00,0x00,0x08,0x00,0x01,0x09,0x00,0x00,
    0x0a,0x00,0x00,0x0b,0x00,0x00,0x0b,0x00,0x00,0x0a,0x00,0x00,
    0x0a,0x00,0x00,0x0b,0x01,0x00,0x0a,0x01,0x00,0x0c,0x00,0x00,
    0x0c,0x01,0x00,0x0b,0x01,0x00,0x0d,0x02,0x02,0x12,0x07,0x03,
    0x0b,0x01,0x00,0x0c,0x00,0x00,0x0f,0x01,0x01,0x10,0x01,0x01,
    0x11,0x02,0x01,0x13,0x03,0x01,0x13,0x03,0x01,0x12,0x03,0x01,
    0x12,0x03,0x00,0x12,0x03,0x01,0x15,0x03,0x00,0x15,0x04,0x01,
    0x16,0x04,0x01,0x16,0x05,0x01,0x16,0x04,0x01,0x18,0x05,0x00,
    0x18,0x06,0x01,0x18,0x06,0x00,0x19,0x06,0x01,0x1b,0x07,0x01,
    0x1c,0x06,0x01,0x1a,0x06,0x00,0x1a,0x06,0x01,0x1c,0x06,0x01,
    0x1d,0x06,0x01,0x1e,0x08,0x01,0x1f,0x08,0x01,0x1f,0x09,0x01,
    0x1f,0x09,0x01,0x1f,0x09,0x01,0x1e,0x08,0x01,0x20,0x09,0x01,
    0x22,0x0a,0x01,0x22,0x0a,0x01,0x22,0x0b,0x01,0x24,0x0c,0x01,
    0x25,0x0b,0x02,0x26,0x0c,0x01,0x29,0x0f,0x03,0x28,0x0e,0x01,
    0x28,0x0f,0x02,0x2a,0x0f,0x02,0x2c,0x10,0x01,0x2d,0x10,0x02,
    0x2d,0x10,0x02,0x30,0x11,0x03,0x31,0x11,0x02,0x30,0x11,0x02,
    0x32,0x13,0x02,0x33,0x14,0x02,0x33,0x14,0x03,0x35,0x15,0x03,
    0x35,0x16,0x03,0x36,0x16,0x04,0x36,0x17,0x03,0x38,0x18,0x04,
    0x38,0x18,0x04,0x3a,0x1a,0x06,0x3b,0x1b,0x06,0x3c,0x1c,0x04,
    0x3d,0x1d,0x05,0x3e,0x1e,0x06,0x40,0x1f,0x06,0x3f,0x20,0x05,
    0x00,0x00,0x00,0x00,0x00,0x00,0x00,0x00,0x00,0x00,0x00,0x00,
    0x00,0x00,0x00,0x00,0x00,0x00,0x00,0x00,0x00,0x00,0x00,0x00,
    0x00,0x00,0x00,0x00,0x00,0x00,0x00,0x00,0x00,0x00,0x00,0x00,
    0x00,0x00,0x00,0x01,0x01,0x01,0x01,0x00,0x01,0x01,0x00,0x00,
    0x01,0x00,0x00,0x00,0x00,0x00,0x00,0x00,0x00,0x02,0x00,0x01,
    0x02,0x00,0x01,0x02,0x00,0x01,0x02,0x00,0x01,0x02,0x00,0x01,
    0x00,0x00,0x00,0x00,0x00,0x00,0x00,0x00,0x00,0x00,0x00,0x00,
    0x01,0x01,0x01,0x00,0x00,0x00,0x00,0x00,0x00,0x01,0x00,0x01,
    0x02,0x01,0x00,0x03,0x01,0x00,0x02,0x01,0x00,0x02,0x01,0x00,
    0x05,0x01,0x00,0x05,0x01,0x00,0x05,0x00,0x00,0x06,0x00,0x00,
    0x07,0x00,0x00,0x06,0x00,0x00,0x06,0x00,0x00,0x06,0x00,0x00,
    0x06,0x00,0x00,0x06,0x00,0x00,0x06,0x00,0x00,0x07,0x00,0x00,
    0x07,0x00,0x00,0x08,0x00,0x00,0x08,0x00,0x00,0x08,0x00,0x00,
    0x0a,0x00,0x00,0x0a,0x01,0x00,0x0a,0x01,0x00,0x0a,0x00,0x00,
    0x0a,0x01,0x00,0x0a,0x00,0x00,0x0a,0x01,0x00,0x0b,0x01,0x00,
    0x0b,0x01,0x00,0x0a,0x01,0x01,0x19,0x0b,0x05,0x32,0x1c,0x0d,
    0x25,0x13,0x09,0x0f,0x02,0x01,0x10,0x01,0x01,0x10,0x02,0x01,
    0x12,0x01,0x01,0x12,0x01,0x02,0x12,0x03,0x01,0x13,0x03,0x00,
    0x12,0x03,0x00,0x12,0x04,0x00,0x14,0x04,0x00,0x13,0x03,0x01,
    0x15,0x03,0x02,0x15,0x04,0x01,0x15,0x04,0x01,0x15,0x04,0x01,
    0x16,0x05,0x00,0x19,0x06,0x00,0x19,0x06,0x01,0x19,0x06,0x01,
    0x1b,0x06,0x00,0x1b,0x05,0x00,0x1a,0x05,0x01,0x1b,0x06,0x01,
    0x1d,0x07,0x01,0x1c,0x08,0x01,0x1c,0x07,0x01,0x1d,0x08,0x01,
    0x1e,0x08,0x01,0x1f,0x08,0x01,0x1f,0x08,0x01,0x21,0x09,0x01,
    0x21,0x0a,0x01,0x22,0x09,0x01,0x23,0x0a,0x01,0x24,0x0a,0x01,
    0x24,0x0b,0x01,0x25,0x0c,0x01,0x26,0x0b,0x01,0x27,0x0d,0x02,
    0x29,0x0e,0x03,0x29,0x0e,0x02,0x2c,0x10,0x02,0x2c,0x0f,0x03,
    0x2d,0x0f,0x03,0x2e,0x10,0x03,0x30,0x10,0x02,0x31,0x12,0x03,
    0x32,0x13,0x02,0x32,0x13,0x03,0x32,0x13,0x03,0x33,0x13,0x03,
    0x34,0x14,0x02,0x34,0x15,0x03,0x34,0x16,0x04,0x38,0x18,0x04,
    0x37,0x18,0x04,0x38,0x18,0x04,0x39,0x19,0x05,0x3b,0x1b,0x05,
    0x3d,0x1d,0x04,0x3d,0x1d,0x03,0x3e,0x1e,0x04,0x3e,0x1f,0x05,
    0x00,0x00,0x00,0x00,0x00,0x00,0x00,0x00,0x00,0x00,0x00,0x00,
    0x00,0x00,0x00,0x00,0x00,0x00,0x00,0x00,0x00,0x00,0x00,0x00,
    0x00,0x00,0x00,0x00,0x00,0x00,0x00,0x00,0x00,0x00,0x00,0x00,
    0x00,0x00,0x00,0x00,0x00,0x00,0x01,0x00,0x01,0x01,0x00,0x01,
    0x01,0x00,0x01,0x01,0x01,0x01,0x00,0x00,0x00,0x01,0x00,0x01,
    0x01,0x00,0x01,0x01,0x00,0x00,0x01,0x00,0x00,0x01,0x00,0x00,
    0x00,0x00,0x00,0x00,0x00,0x00,0x00,0x00,0x00,0x01,0x01,0x01,
    0x01,0x01,0x01,0x01,0x00,0x00,0x00,0x00,0x00,0x00,0x00,0x00,
    0x03,0x01,0x00,0x03,0x00,0x00,0x02,0x01,0x00,0x02,0x01,0x00,
    0x04,0x01,0x00,0x02,0x01,0x00,0x02,0x01,0x00,0x05,0x00,0x00,
    0x05,0x00,0x00,0x06,0x00,0x00,0x06,0x00,0x00,0x07,0x00,0x00,
    0x06,0x00,0x00,0x06,0x00,0x00,0x06,0x00,0x00,0x06,0x00,0x00,
    0x06,0x00,0x00,0x06,0x00,0x00,0x08,0x00,0x00,0x08,0x00,0x00,
    0x09,0x00,0x01,0x09,0x00,0x00,0x09,0x01,0x00,0x09,0x01,0x00,
    0x09,0x00,0x00,0x0a,0x00,0x00,0x0a,0x00,0x00,0x0c,0x01,0x01,
    0x0a,0x00,0x00,0x13,0x06,0x02,0x21,0x0f,0x04,0x14,0x05,0x01,
    0x15,0x06,0x02,0x11,0x02,0x01,0x0f,0x02,0x01,0x10,0x01,0x01,
    0x11,0x01,0x01,0x10,0x01,0x01,0x12,0x02,0x01,0x14,0x02,0x01,
    0x13,0x02,0x00,0x11,0x03,0x00,0x13,0x03,0x00,0x13,0x03,0x01,
    0x12,0x04,0x01,0x14,0x04,0x01,0x14,0x03,0x01,0x13,0x04,0x01,
    0x15,0x05,0x01,0x18,0x06,0x00,0x19,0x06,0x00,0x19,0x06,0x01,
    0x1a,0x07,0x01,0x1a,0x05,0x01,0x1a,0x05,0x01,0x1b,0x06,0x01,
    0x1a,0x05,0x00,0x1d,0x06,0x01,0x1c,0x06,0x01,0x1e,0x07,0x01,
    0x1e,0x07,0x01,0x1f,0x08,0x01,0x20,0x08,0x01,0x20,0x08,0x01,
    0x20,0x08,0x01,0x21,0x0b,0x01,0x21,0x0b,0x01,0x21,0x0a,0x01,
    0x23,0x0a,0x02,0x25,0x0b,0x01,0x25,0x0b,0x01,0x27,0x0c,0x02,
    0x29,0x0e,0x02,0x29,0x0d,0x02,0x29,0x0e,0x02,0x2a,0x0d,0x02,
    0x2a,0x0f,0x02,0x2b,0x0f,0x02,0x2e,0x10,0x02,0x2f,0x10,0x02,
    0x2f,0x10,0x03,0x32,0x13,0x03,0x34,0x12,0x03,0x33,0x13,0x03,
    0x33,0x14,0x03,0x34,0x15,0x02,0x35,0x15,0x03,0x37,0x17,0x04,
    0x36,0x16,0x03,0x36,0x16,0x04,0x37,0x18,0x04,0x39,0x19,0x04,
    0x3c,0x1c,0x04,0x3d,0x1c,0x04,0x3e,0x1d,0x04,0x3e,0x1e,0x05,
    0x00,0x00,0x00,0x00,0x00,0x00,0x00,0x00,0x00,0x00,0x00,0x00,
    0x00,0x00,0x00,0x00,0x00,0x00,0x00,0x00,0x00,0x00,0x00,0x00,
    0x00,0x00,0x00,0x00,0x00,0x00,0x00,0x00,0x00,0x00,0x00,0x00,
    0x00,0x00,0x00,0x00,0x00,0x00,0x00,0x00,0x00,0x00,0x00,0x00,
    0x00,0x00,0x00,0x00,0x00,0x00,0x00,0x00,0x00,0x00,0x00,0x00,
    0x00,0x00,0x00,0x00,0x00,0x00,0x00,0x00,0x00,0x00,0x00,0x00,
    0x00,0x00,0x00,0x01,0x01,0x01,0x00,0x00,0x00,0x01,0x00,0x01,
    0x02,0x00,0x01,0x02,0x00,0x01,0x00,0x00,0x00,0x00,0x00,0x00,
    0x02,0x00,0x00,0x02,0x00,0x00,0x02,0x01,0x00,0x02,0x00,0x01,
    0x04,0x01,0x00,0x03,0x01,0x00,0x03,0x01,0x00,0x05,0x01,0x00,
    0x04,0x00,0x00,0x04,0x00,0x00,0x05,0x00,0x00,0x07,0x00,0x00,
    0x07,0x00,0x00,0x07,0x00,0x00,0x06,0x00,0x00,0x06,0x00,0x00,
    0x06,0x00,0x00,0x07,0x00,0x00,0x09,0x00,0x01,0x09,0x00,0x01,
    0x08,0x00,0x00,0x08,0x00,0x01,0x09,0x01,0x01,0x09,0x01,0x00,
    0x0a,0x01,0x00,0x0b,0x00,0x00,0x0a,0x00,0x00,0x0b,0x00,0x00,
    0x0a,0x01,0x00,0x0d,0x02,0x01,0x0f,0x03,0x00,0x0d,0x01,0x01,
    0x0f,0x00,0x00,0x10,0x01,0x01,0x12,0x01,0x01,0x11,0x01,0x01,
    0x10,0x01,0x01,0x0e,0x01,0x00,0x11,0x02,0x01,0x12,0x02,0x00,
    0x13,0x02,0x00,0x14,0x03,0x01,0x13,0x03,0x01,0x13,0x03,0x01,
    0x14,0x04,0x01,0x14,0x04,0x01,0x13,0x03,0x01,0x14,0x03,0x01,
    0x15,0x04,0x01,0x18,0x05,0x00,0x19,0x06,0x00,0x19,0x06,0x01,
    0x19,0x06,0x00,0x19,0x05,0x01,0x1a,0x06,0x01,0x1c,0x06,0x00,
    0x1b,0x06,0x01,0x1a,0x05,0x01,0x1a,0x06,0x01,0x1d,0x07,0x01,
    0x1d,0x07,0x01,0x1e,0x07,0x01,0x20,0x07,0x01,0x20,0x09,0x01,
    0x20,0x08,0x01,0x20,0x09,0x01,0x21,0x0b,0x01,0x21,0x0a,0x01,
    0x23,0x0a,0x01,0x23,0x0b,0x01,0x23,0x0b,0x02,0x26,0x0b,0x01,
    0x27,0x0c,0x01,0x28,0x0e,0x02,0x29,0x0e,0x02,0x2a,0x0e,0x02,
    0x2b,0x0f,0x01,0x2b,0x0e,0x02,0x2d,0x10,0x02,0x2d,0x10,0x02,
    0x2f,0x10,0x02,0x31,0x10,0x02,0x32,0x12,0x03,0x33,0x13,0x03,
    0x34,0x13,0x03,0x34,0x13,0x03,0x34,0x15,0x02,0x34,0x14,0x03,
    0x36,0x15,0x05,0x39,0x18,0x06,0x38,0x18,0x07,0x3b,0x1a,0x08,
    0x3a,0x19,0x05,0x3b,0x1b,0x06,0x3d,0x1c,0x06,0x3d,0x1d,0x05,
    0x00,0x00,0x00,0x00,0x00,0x00,0x00,0x00,0x00,0x00,0x00,0x00,
    0x00,0x00,0x00,0x00,0x00,0x00,0x00,0x00,0x00,0x00,0x00,0x00,
    0x00,0x00,0x00,0x00,0x00,0x00,0x00,0x00,0x00,0x00,0x00,0x00,
    0x00,0x00,0x00,0x00,0x00,0x00,0x00,0x00,0x00,0x00,0x00,0x00,
    0x00,0x00,0x00,0x00,0x00,0x00,0x00,0x00,0x00,0x00,0x00,0x00,
    0x00,0x00,0x00,0x01,0x01,0x01,0x00,0x00,0x00,0x00,0x00,0x00,
    0x00,0x00,0x00,0x00,0x00,0x00,0x00,0x00,0x00,0x01,0x00,0x01,
    0x02,0x00,0x01,0x02,0x00,0x01,0x00,0x00,0x00,0x00,0x00,0x00,
    0x00,0x00,0x00,0x01,0x00,0x00,0x02,0x01,0x00,0x02,0x00,0x01,
    0x04,0x00,0x00,0x03,0x01,0x00,0x03,0x01,0x00,0x04,0x00,0x00,
    0x05,0x00,0x00,0x06,0x00,0x00,0x06,0x00,0x00,0x05,0x00,0x00,
    0x06,0x00,0x00,0x07,0x00,0x00,0x06,0x00,0x00,0x06,0x00,0x00,
    0x07,0x00,0x00,0x09,0x01,0x01,0x08,0x01,0x00,0x08,0x01,0x01,
    0x08,0x00,0x01,0x08,0x00,0x01,0x09,0x01,0x01,0x09,0x00,0x00,
    0x09,0x00,0x00,0x0b,0x00,0x00,0x0a,0x00,0x00,0x0a,0x00,0x00,
    0x09,0x01,0x00,0x0b,0x00,0x00,0x0b,0x00,0x00,0x0f,0x01,0x01,
    0x10,0x01,0x01,0x0f,0x01,0x00,0x0f,0x01,0x00,0x0f,0x01,0x00,
    0x0f,0x01,0x00,0x10,0x01,0x01,0x10,0x01,0x01,0x11,0x02,0x01,
    0x12,0x03,0x00,0x13,0x03,0x01,0x12,0x03,0x01,0x12,0x03,0x01,
    0x13,0x03,0x01,0x13,0x03,0x01,0x16,0x03,0x01,0x15,0x04,0x01,
    0x15,0x03,0x00,0x19,0x05,0x00,0x18,0x05,0x01,0x19,0x05,0x01,
    0x18,0x05,0x01,0x19,0x06,0x01,0x1a,0x06,0x01,0x1a,0x05,0x01,
    0x1b,0x05,0x01,0x1b,0x05,0x01,0x1b,0x06,0x01,0x1b,0x07,0x01,
    0x1d,0x06,0x01,0x1c,0x07,0x01,0x1e,0x07,0x01,0x1f,0x09,0x01,
    0x1e,0x09,0x01,0x20,0x08,0x01,0x20,0x09,0x01,0x21,0x0a,0x01,
    0x23,0x0b,0x01,0x21,0x0a,0x01,0x23,0x0b,0x02,0x25,0x0b,0x01,
    0x26,0x0c,0x02,0x28,0x0c,0x02,0x28,0x0e,0x03,0x29,0x0e,0x02,
    0x29,0x0e,0x01,0x2b,0x0f,0x02,0x2c,0x0f,0x02,0x2c,0x0f,0x02,
    0x2d,0x0f,0x02,0x2f,0x10,0x02,0x31,0x12,0x03,0x32,0x13,0x03,
    0x31,0x12,0x02,0x32,0x14,0x03,0x33,0x14,0x02,0x38,0x18,0x06,
    0x3e,0x20,0x0a,0x40,0x21,0x0c,0x41,0x21,0x0b,0x44,0x24,0x0e,
    0x52,0x32,0x1d,0x3e,0x1d,0x06,0x3c,0x1b,0x07,0x3d,0x1c,0x06,
    0x00,0x00,0x00,0x00,0x00,0x00,0x00,0x00,0x00,0x00,0x00,0x00,
    0x00,0x00,0x00,0x00,0x00,0x00,0x00,0x00,0x00,0x00,0x00,0x00,
    0x00,0x00,0x00,0x00,0x00,0x00,0x00,0x00,0x00,0x00,0x00,0x00,
    0x00,0x00,0x00,0x00,0x00,0x00,0x00,0x00,0x00,0x00,0x00,0x00,
    0x00,0x00,0x00,0x00,0x00,0x00,0x00,0x00,0x00,0x00,0x00,0x00,
    0x00,0x00,0x00,0x00,0x00,0x00,0x00,0x00,0x00,0x01,0x01,0x01,
    0x01,0x01,0x01,0x00,0x00,0x00,0x00,0x00,0x00,0x00,0x00,0x00,
    0x02,0x00,0x01,0x01,0x00,0x00,0x00,0x00,0x00,0x00,0x00,0x00,
    0x00,0x00,0x00,0x01,0x00,0x00,0x04,0x00,0x01,0x02,0x00,0x00,
    0x04,0x00,0x00,0x03,0x00,0x00,0x04,0x00,0x00,0x03,0x00,0x00,
    0x05,0x01,0x00,0x05,0x00,0x00,0x04,0x01,0x00,0x06,0x00,0x00,
    0x07,0x00,0x00,0x06,0x00,0x00,0x06,0x00,0x00,0x06,0x00,0x00,
    0x04,0x00,0x00,0x01,0x00,0x00,0x02,0x00,0x00,0x03,0x00,0x00,
    0x09,0x00,0x01,0x08,0x00,0x01,0x09,0x00,0x01,0x08,0x00,0x01,
    0x09,0x00,0x00,0x09,0x01,0x00,0x0a,0x00,0x00,0x0b,0x00,0x00,
    0x09,0x01,0x00,0x0b,0x01,0x00,0x0c,0x01,0x00,0x0d,0x00,0x00,
    0x0e,0x01,0x01,0x0f,0x01,0x00,0x0e,0x01,0x00,0x0f,0x01,0x00,
    0x0f,0x01,0x00,0x0f,0x01,0x00,0x0f,0x01,0x00,0x10,0x02,0x01,
    0x11,0x02,0x01,0x12,0x02,0x01,0x13,0x02,0x00,0x12,0x03,0x01,
    0x13,0x04,0x01,0x14,0x03,0x01,0x13,0x04,0x00,0x13,0x04,0x00,
    0x13,0x04,0x01,0x16,0x04,0x01,0x15,0x04,0x00,0x17,0x05,0x00,
    0x19,0x06,0x01,0x18,0x05,0x01,0x19,0x05,0x00,0x1a,0x05,0x00,
    0x1a,0x05,0x00,0x1b,0x06,0x01,0x1b,0x05,0x01,0x1c,0x04,0x01,
    0x1d,0x06,0x01,0x1d,0x07,0x01,0x1e,0x08,0x01,0x1d,0x07,0x01,
    0x1f,0x08,0x02,0x21,0x08,0x01,0x1f,0x08,0x01,0x1f,0x0a,0x01,
    0x21,0x0a,0x01,0x22,0x0a,0x01,0x23,0x0b,0x02,0x26,0x0b,0x01,
    0x25,0x0d,0x01,0x27,0x0c,0x01,0x27,0x0e,0x02,0x27,0x0c,0x02,
    0x28,0x0e,0x02,0x29,0x0f,0x02,0x2b,0x0f,0x02,0x2a,0x0f,0x02,
    0x2b,0x0f,0x02,0x2d,0x10,0x02,0x30,0x11,0x02,0x31,0x11,0x03,
    0x32,0x12,0x02,0x32,0x13,0x01,0x36,0x16,0x04,0x3e,0x1e,0x0b,
    0x3d,0x1d,0x08,0x3c,0x1b,0x0a,0x3f,0x20,0x0b,0x3d,0x1b,0x06,
    0x6b,0x54,0x41,0x56,0x3d,0x27,0x37,0x15,0x02,0x3d,0x1d,0x07,
    0x00,0x00,0x00,0x00,0x00,0x00,0x00,0x00,0x00,0x00,0x00,0x00,
    0x00,0x00,0x00,0x00,0x00,0x00,0x00,0x00,0x00,0x00,0x00,0x00,
    0x00,0x00,0x00,0x00,0x00,0x00,0x00,0x00,0x00,0x00,0x00,0x00,
    0x00,0x00,0x00,0x00,0x00,0x00,0x00,0x00,0x00,0x00,0x00,0x00,
    0x00,0x00,0x00,0x00,0x00,0x00,0x00,0x00,0x00,0x00,0x00,0x00,
    0x00,0x00,0x00,0x00,0x00,0x00,0x00,0x00,0x00,0x00,0x00,0x00,
    0x00,0x00,0x00,0x00,0x00,0x00,0x00,0x00,0x00,0x00,0x00,0x00,
    0x01,0x00,0x00,0x01,0x00,0x00,0x00,0x00,0x00,0x00,0x00,0x00,
    0x01,0x00,0x00,0x02,0x00,0x01,0x03,0x00,0x01,0x02,0x00,0x00,
    0x04,0x00,0x01,0x04,0x00,0x00,0x04,0x00,0x00,0x04,0x00,0x00,
    0x05,0x00,0x00,0x04,0x01,0x00,0x04,0x00,0x00,0x05,0x00,0x00,
    0x06,0x00,0x00,0x06,0x00,0x00,0x05,0x00,0x00,0x07,0x02,0x02,
    0x11,0x0b,0x09,0x1c,0x13,0x0f,0x4b,0x40,0x38,0x31,0x2a,0x28,
    0x03,0x00,0x00,0x0a,0x01,0x02,0x09,0x00,0x00,0x08,0x00,0x00,
    0x09,0x00,0x00,0x09,0x00,0x01,0x0a,0x00,0x00,0x0a,0x01,0x00,
    0x0a,0x00,0x00,0x0b,0x00,0x00,0x0c,0x01,0x00,0x0d,0x01,0x00,
    0x0a,0x01,0x00,0x0c,0x01,0x00,0x0f,0x01,0x00,0x10,0x01,0x01,
    0x0f,0x00,0x00,0x10,0x01,0x00,0x10,0x01,0x00,0x10,0x01,0x00,
    0x10,0x01,0x01,0x10,0x01,0x01,0x11,0x02,0x01,0x11,0x02,0x01,
    0x12,0x03,0x01,0x13,0x03,0x01,0x13,0x03,0x01,0x13,0x03,0x01,
    0x14,0x03,0x01,0x16,0x03,0x01,0x16,0x04,0x00,0x17,0x05,0x01,
    0x16,0x05,0x01,0x18,0x06,0x01,0x18,0x06,0x00,0x18,0x05,0x00,
    0x1a,0x06,0x00,0x1b,0x06,0x01,0x1b,0x06,0x01,0x1c,0x06,0x01,
    0x1b,0x07,0x01,0x1c,0x07,0x01,0x1e,0x07,0x01,0x1e,0x07,0x01,
    0x1e,0x07,0x02,0x20,0x08,0x01,0x20,0x08,0x01,0x20,0x08,0x02,
    0x21,0x09,0x01,0x21,0x09,0x01,0x21,0x0a,0x01,0x26,0x0b,0x01,
    0x25,0x0b,0x01,0x26,0x0c,0x01,0x26,0x0d,0x02,0x27,0x0c,0x02,
    0x28,0x0d,0x02,0x28,0x0e,0x02,0x29,0x0e,0x02,0x2b,0x0f,0x02,
    0x2c,0x0f,0x04,0x2c,0x0f,0x02,0x2d,0x0f,0x02,0x2f,0x0f,0x03,
    0x30,0x10,0x02,0x31,0x11,0x02,0x39,0x18,0x07,0x3e,0x1d,0x09,
    0x3d,0x1b,0x09,0x3e,0x1e,0x0b,0x41,0x1f,0x0f,0x3e,0x1e,0x0a,
    0x5e,0x46,0x35,0x69,0x56,0x45,0x34,0x11,0x00,0x3e,0x1c,0x08,
    0x00,0x00,0x00,0x00,0x00,0x00,0x00,0x00,0x00,0x00,0x00,0x00,
    0x00,0x00,0x00,0x00,0x00,0x00,0x00,0x00,0x00,0x00,0x00,0x00,
    0x00,0x00,0x00,0x00,0x00,0x00,0x00,0x00,0x00,0x00,0x00,0x00,
    0x00,0x00,0x00,0x00,0x00,0x00,0x00,0x00,0x00,0x00,0x00,0x00,
    0x00,0x00,0x00,0x00,0x00,0x00,0x00,0x00,0x00,0x00,0x00,0x00,
    0x00,0x00,0x00,0x00,0x00,0x00,0x00,0x00,0x00,0x00,0x00,0x00,
    0x01,0x01,0x01,0x01,0x01,0x01,0x01,0x01,0x01,0x01,0x01,0x01,
    0x00,0x00,0x00,0x00,0x00,0x00,0x00,0x00,0x00,0x01,0x00,0x00,
    0x02,0x00,0x01,0x02,0x00,0x00,0x01,0x00,0x00,0x01,0x00,0x00,
    0x03,0x00,0x00,0x04,0x00,0x00,0x04,0x00,0x00,0x03,0x01,0x00,
    0x03,0x00,0x00,0x04,0x00,0x00,0x05,0x00,0x00,0x06,0x00,0x00,
    0x07,0x01,0x01,0x09,0x03,0x03,0x0f,0x07,0x06,0x12,0x09,0x08,
    0x12,0x0b,0x09,0x20,0x15,0x10,0x5b,0x4e,0x42,0x33,0x2d,0x29,
    0x00,0x00,0x00,0x0b,0x01,0x02,0x09,0x00,0x00,0x09,0x00,0x00,
    0x09,0x00,0x01,0x09,0x00,0x01,0x0a,0x00,0x00,0x0b,0x00,0x00,
    0x0a,0x00,0x00,0x0a,0x00,0x00,0x0a,0x00,0x01,0x0b,0x01,0x00,
    0x0a,0x01,0x00,0x0c,0x01,0x00,0x0c,0x01,0x01,0x0e,0x01,0x01,
    0x10,0x01,0x01,0x0f,0x01,0x00,0x0f,0x01,0x00,0x10,0x01,0x01,
    0x10,0x01,0x01,0x11,0x01,0x01,0x11,0x02,0x01,0x11,0x02,0x01,
    0x12,0x03,0x00,0x13,0x03,0x01,0x14,0x03,0x01,0x12,0x03,0x00,
    0x14,0x03,0x00,0x15,0x03,0x01,0x14,0x03,0x01,0x15,0x04,0x01,
    0x15,0x04,0x00,0x17,0x05,0x00,0x19,0x05,0x00,0x18,0x06,0x00,
    0x18,0x05,0x00,0x1b,0x06,0x01,0x1c,0x07,0x01,0x1a,0x05,0x01,
    0x1b,0x07,0x00,0x1c,0x07,0x01,0x1c,0x07,0x01,0x1e,0x07,0x01,
    0x1e,0x07,0x01,0x20,0x08,0x01,0x20,0x08,0x01,0x21,0x08,0x01,
    0x21,0x09,0x01,0x22,0x09,0x02,0x20,0x09,0x01,0x24,0x0a,0x01,
    0x24,0x0b,0x01,0x24,0x0a,0x01,0x24,0x0b,0x02,0x26,0x0c,0x02,
    0x28,0x0d,0x01,0x28,0x0e,0x02,0x28,0x0e,0x02,0x29,0x0e,0x02,
    0x2b,0x0e,0x02,0x2a,0x0f,0x02,0x2b,0x0f,0x01,0x2d,0x10,0x02,
    0x2f,0x12,0x02,0x31,0x11,0x03,0x36,0x16,0x05,0x37,0x16,0x06,
    0x3b,0x1b,0x0a,0x3d,0x1e,0x0a,0x43,0x23,0x0f,0x3f,0x21,0x0d,
    0x3d,0x1f,0x0e,0x6d,0x58,0x48,0x3f,0x20,0x0b,0x3a,0x19,0x04,
    0x00,0x00,0x00,0x00,0x00,0x00,0x00,0x00,0x00,0x00,0x00,0x00,
    0x00,0x00,0x00,0x00,0x00,0x00,0x00,0x00,0x00,0x00,0x00,0x00,
    0x00,0x00,0x00,0x00,0x00,0x00,0x00,0x00,0x00,0x00,0x00,0x00,
    0x00,0x00,0x00,0x00,0x00,0x00,0x00,0x00,0x00,0x00,0x00,0x00,
    0x00,0x00,0x00,0x00,0x00,0x00,0x00,0x00,0x00,0x00,0x00,0x00,
    0x00,0x00,0x00,0x00,0x00,0x00,0x00,0x00,0x00,0x00,0x00,0x00,
    0x00,0x00,0x00,0x00,0x00,0x00,0x00,0x00,0x00,0x00,0x00,0x00,
    0x00,0x00,0x00,0x00,0x00,0x00,0x00,0x00,0x00,0x00,0x00,0x00,
    0x01,0x01,0x01,0x01,0x01,0x01,0x01,0x01,0x01,0x01,0x01,0x01,
    0x01,0x00,0x00,0x03,0x01,0x00,0x04,0x00,0x00,0x03,0x01,0x00,
    0x04,0x01,0x00,0x05,0x00,0x00,0x05,0x00,0x00,0x06,0x00,0x00,
    0x0b,0x03,0x02,0x0b,0x03,0x02,0x09,0x02,0x02,0x08,0x01,0x00,
    0x09,0x00,0x00,0x00,0x00,0x00,0x41,0x3a,0x35,0x2a,0x26,0x24,
    0x01,0x00,0x00,0x0a,0x02,0x01,0x08,0x00,0x00,0x08,0x00,0x00,
    0x08,0x00,0x01,0x08,0x00,0x00,0x09,0x01,0x00,0x0b,0x01,0x00,
    0x0b,0x01,0x00,0x0b,0x00,0x00,0x0a,0x00,0x00,0x0a,0x01,0x00,
    0x0b,0x00,0x00,0x0b,0x01,0x00,0x0c,0x00,0x00,0x0d,0x01,0x00,
    0x0f,0x01,0x00,0x0f,0x01,0x00,0x0f,0x01,0x00,0x0f,0x01,0x00,
    0x10,0x01,0x01,0x11,0x02,0x01,0x11,0x02,0x01,0x12,0x02,0x01,
    0x12,0x02,0x01,0x12,0x03,0x00,0x13,0x02,0x00,0x13,0x03,0x00,
    0x14,0x02,0x01,0x14,0x03,0x01,0x13,0x03,0x01,0x15,0x04,0x01,
    0x14,0x04,0x01,0x16,0x05,0x01,0x17,0x05,0x00,0x17,0x05,0x00,
    0x18,0x06,0x01,0x1a,0x06,0x01,0x1c,0x06,0x01,0x19,0x05,0x01,
    0x1b,0x05,0x01,0x1c,0x05,0x01,0x1c,0x05,0x00,0x1c,0x06,0x01,
    0x1d,0x06,0x01,0x1f,0x07,0x01,0x1f,0x08,0x01,0x21,0x08,0x01,
    0x21,0x08,0x01,0x22,0x09,0x01,0x22,0x0a,0x01,0x23,0x0b,0x01,
    0x22,0x0b,0x01,0x23,0x0b,0x02,0x23,0x0b,0x01,0x26,0x0c,0x02,
    0x28,0x0c,0x01,0x28,0x0c,0x02,0x28,0x0e,0x02,0x29,0x0e,0x02,
    0x2a,0x0f,0x02,0x2b,0x10,0x03,0x2b,0x0e,0x02,0x2c,0x10,0x02,
    0x2d,0x0f,0x02,0x30,0x11,0x02,0x34,0x14,0x04,0x36,0x16,0x04,
    0x36,0x16,0x04,0x37,0x17,0x05,0x37,0x17,0x04,0x39,0x19,0x09,
    0x36,0x18,0x05,0x49,0x2f,0x1f,0x48,0x2a,0x18,0x38,0x15,0x01,
    0x00,0x00,0x00,0x00,0x00,0x00,0x00,0x00,0x00,0x00,0x00,0x00,
    0x00,0x00,0x00,0x00,0x00,0x00,0x00,0x00,0x00,0x00,0x00,0x00,
    0x00,0x00,0x00,0x00,0x00,0x00,0x00,0x00,0x00,0x00,0x00,0x00,
    0x00,0x00,0x00,0x00,0x00,0x00,0x00,0x00,0x00,0x00,0x00,0x00,
    0x00,0x00,0x00,0x00,0x00,0x00,0x00,0x00,0x00,0x00,0x00,0x00,
    0x00,0x00,0x00,0x00,0x00,0x00,0x00,0x00,0x00,0x00,0x00,0x00,
    0x00,0x00,0x00,0x00,0x00,0x00,0x01,0x01,0x01,0x00,0x00,0x00,
    0x00,0x00,0x00,0x01,0x01,0x01,0x00,0x00,0x00,0x00,0x00,0x00,
    0x00,0x00,0x00,0x00,0x00,0x00,0x00,0x00,0x00,0x01,0x00,0x00,
    0x01,0x00,0x01,0x03,0x00,0x00,0x05,0x01,0x00,0x03,0x01,0x00,
    0x04,0x00,0x00,0x05,0x00,0x00,0x06,0x00,0x00,0x05,0x00,0x00,
    0x06,0x00,0x00,0x06,0x00,0x00,0x05,0x00,0x00,0x07,0x01,0x00,
    0x0a,0x02,0x01,0x06,0x01,0x00,0x15,0x11,0x10,0x11,0x0f,0x0e,
    0x03,0x00,0x00,0x07,0x01,0x00,0x07,0x00,0x00,0x07,0x00,0x00,
    0x07,0x00,0x00,0x08,0x00,0x00,0x08,0x00,0x00,0x0b,0x00,0x00,
    0x0a,0x00,0x00,0x0b,0x00,0x00,0x0b,0x00,0x00,0x0a,0x00,0x00,
    0x0a,0x01,0x00,0x0c,0x00,0x00,0x0b,0x01,0x00,0x0e,0x01,0x00,
    0x0f,0x01,0x00,0x0f,0x01,0x00,0x0f,0x00,0x00,0x0e,0x01,0x00,
    0x0f,0x01,0x00,0x10,0x02,0x01,0x11,0x02,0x01,0x12,0x02,0x01,
    0x13,0x02,0x00,0x11,0x03,0x00,0x11,0x03,0x00,0x14,0x02,0x01,
    0x14,0x02,0x01,0x13,0x03,0x01,0x12,0x03,0x00,0x14,0x03,0x01,
    0x14,0x04,0x01,0x15,0x04,0x00,0x17,0x04,0x01,0x16,0x05,0x01,
    0x17,0x06,0x00,0x19,0x06,0x01,0x19,0x06,0x01,0x1a,0x05,0x01,
    0x1a,0x06,0x01,0x1b,0x05,0x01,0x1a,0x05,0x01,0x1c,0x06,0x00,
    0x1d,0x06,0x01,0x1e,0x07,0x01,0x1e,0x07,0x01,0x1e,0x07,0x01,
    0x20,0x07,0x02,0x20,0x08,0x02,0x21,0x09,0x01,0x23,0x0a,0x01,
    0x22,0x0a,0x01,0x22,0x0a,0x02,0x21,0x0a,0x00,0x24,0x0c,0x02,
    0x25,0x0b,0x02,0x26,0x0b,0x01,0x26,0x0d,0x02,0x28,0x0e,0x02,
    0x29,0x0f,0x02,0x2b,0x10,0x04,0x2b,0x0e,0x02,0x2b,0x0f,0x03,
    0x2c,0x0f,0x02,0x2f,0x11,0x03,0x32,0x12,0x02,0x32,0x13,0x03,
    0x34,0x15,0x03,0x34,0x15,0x04,0x32,0x14,0x04,0x33,0x14,0x03,
    0x37,0x17,0x03,0x37,0x17,0x05,0x38,0x16,0x05,0x39,0x16,0x03,
    0x00,0x00,0x00,0x00,0x00,0x00,0x00,0x00,0x00,0x00,0x00,0x00,
    0x00,0x00,0x00,0x00,0x00,0x00,0x00,0x00,0x00,0x00,0x00,0x00,
    0x00,0x00,0x00,0x00,0x00,0x00,0x00,0x00,0x00,0x00,0x00,0x00,
    0x00,0x00,0x00,0x00,0x00,0x00,0x00,0x00,0x00,0x00,0x00,0x00,
    0x00,0x00,0x00,0x00,0x00,0x00,0x00,0x00,0x00,0x00,0x00,0x00,
    0x00,0x00,0x00,0x00,0x00,0x00,0x00,0x00,0x00,0x00,0x00,0x00,
    0x00,0x00,0x00,0x00,0x00,0x00,0x00,0x00,0x00,0x00,0x00,0x00,
    0x01,0x01,0x01,0x00,0x00,0x00,0x00,0x00,0x00,0x00,0x00,0x00,
    0x00,0x00,0x00,0x00,0x00,0x00,0x00,0x00,0x00,0x01,0x00,0x00,
    0x00,0x00,0x00,0x01,0x00,0x00,0x04,0x01,0x00,0x03,0x01,0x01,
    0x03,0x00,0x01,0x03,0x00,0x00,0x03,0x00,0x00,0x03,0x00,0x00,
    0x03,0x00,0x00,0x06,0x00,0x00,0x06,0x00,0x00,0x07,0x00,0x00,
    0x08,0x00,0x00,0x09,0x00,0x00,0x04,0x00,0x00,0x04,0x00,0x00,
    0x06,0x00,0x00,0x05,0x00,0x00,0x06,0x00,0x00,0x05,0x01,0x00,
    0x08,0x00,0x00,0x08,0x00,0x00,0x08,0x00,0x00,0x0a,0x00,0x01,
    0x0a,0x00,0x00,0x0a,0x00,0x00,0x09,0x01,0x00,0x0a,0x00,0x00,
    0x0a,0x00,0x00,0x0b,0x01,0x00,0x0b,0x01,0x00,0x0d,0x01,0x00,
    0x0e,0x01,0x00,0x0f,0x01,0x01,0x0f,0x01,0x00,0x0e,0x01,0x01,
    0x0f,0x01,0x01,0x10,0x01,0x01,0x0f,0x01,0x00,0x10,0x01,0x01,
    0x10,0x02,0x01,0x10,0x02,0x00,0x12,0x02,0x01,0x13,0x03,0x01,
    0x12,0x03,0x01,0x12,0x03,0x01,0x13,0x03,0x00,0x14,0x03,0x01,
    0x15,0x04,0x00,0x14,0x04,0x00,0x14,0x04,0x01,0x17,0x05,0x01,
    0x16,0x05,0x00,0x18,0x06,0x00,0x19,0x06,0x00,0x19,0x05,0x01,
    0x1a,0x07,0x01,0x1b,0x06,0x01,0x1a,0x05,0x00,0x1b,0x05,0x01,
    0x1d,0x05,0x01,0x1e,0x07,0x01,0x1e,0x07,0x01,0x1f,0x08,0x02,
    0x1f,0x08,0x01,0x21,0x08,0x02,0x20,0x08,0x02,0x21,0x0a,0x02,
    0x24,0x0b,0x02,0x2a,0x12,0x05,0x2c,0x12,0x07,0x21,0x0a,0x01,
    0x24,0x0b,0x01,0x25,0x0b,0x01,0x26,0x0c,0x02,0x27,0x0d,0x01,
    0x27,0x0e,0x01,0x29,0x0e,0x02,0x2b,0x0f,0x02,0x2a,0x0f,0x02,
    0x2a,0x0e,0x01,0x2c,0x10,0x02,0x2c,0x0f,0x02,0x30,0x14,0x04,
    0x36,0x1a,0x07,0x3b,0x1d,0x09,0x3b,0x1e,0x09,0x3b,0x1d,0x0b,
    0x3b,0x1c,0x08,0x3c,0x1b,0x08,0x3a,0x18,0x08,0x38,0x18,0x06,
    0x00,0x00,0x00,0x00,0x00,0x00,0x00,0x00,0x00,0x00,0x00,0x00,
    0x00,0x00,0x00,0x00,0x00,0x00,0x00,0x00,0x00,0x00,0x00,0x00,
    0x00,0x00,0x00,0x00,0x00,0x00,0x00,0x00,0x00,0x00,0x00,0x00,
    0x00,0x00,0x00,0x00,0x00,0x00,0x00,0x00,0x00,0x00,0x00,0x00,
    0x00,0x00,0x00,0x00,0x00,0x00,0x00,0x00,0x00,0x00,0x00,0x00,
    0x00,0x00,0x00,0x00,0x00,0x00,0x00,0x00,0x00,0x00,0x00,0x00,
    0x00,0x00,0x00,0x00,0x00,0x00,0x00,0x00,0x00,0x00,0x00,0x00,
    0x01,0x01,0x01,0x00,0x00,0x00,0x01,0x01,0x01,0x01,0x01,0x01,
    0x00,0x00,0x00,0x00,0x00,0x00,0x00,0x00,0x00,0x00,0x00,0x00,
    0x00,0x00,0x00,0x00,0x00,0x00,0x02,0x00,0x00,0x02,0x00,0x00,
    0x00,0x00,0x00,0x03,0x02,0x02,0x0a,0x05,0x04,0x14,0x0b,0x09,
    0x13,0x0a,0x07,0x04,0x01,0x00,0x05,0x01,0x00,0x06,0x00,0x00,
    0x06,0x00,0x00,0x06,0x00,0x00,0x07,0x01,0x01,0x07,0x01,0x01,
    0x06,0x00,0x00,0x06,0x00,0x00,0x06,0x00,0x00,0x06,0x00,0x00,
    0x07,0x00,0x00,0x08,0x00,0x00,0x08,0x00,0x00,0x09,0x00,0x01,
    0x0a,0x00,0x00,0x0a,0x00,0x00,0x09,0x01,0x00,0x0a,0x00,0x00,
    0x0a,0x00,0x00,0x0b,0x00,0x00,0x0c,0x01,0x00,0x0c,0x01,0x00,
    0x0c,0x01,0x00,0x0b,0x01,0x00,0x0e,0x01,0x00,0x0f,0x02,0x01,
    0x0d,0x01,0x01,0x0e,0x00,0x00,0x12,0x04,0x02,0x0f,0x02,0x01,
    0x0f,0x01,0x01,0x12,0x02,0x01,0x12,0x02,0x01,0x13,0x03,0x01,
    0x12,0x03,0x01,0x12,0x03,0x01,0x14,0x02,0x01,0x15,0x03,0x00,
    0x15,0x04,0x00,0x13,0x04,0x00,0x13,0x04,0x01,0x13,0x04,0x00,
    0x17,0x05,0x01,0x17,0x05,0x01,0x19,0x06,0x01,0x1a,0x05,0x01,
    0x19,0x06,0x00,0x1b,0x06,0x00,0x1b,0x05,0x00,0x1a,0x05,0x00,
    0x1c,0x06,0x01,0x1d,0x06,0x01,0x1c,0x06,0x01,0x1c,0x06,0x01,
    0x20,0x09,0x02,0x20,0x08,0x02,0x21,0x0a,0x03,0x26,0x0e,0x03,
    0x26,0x0f,0x03,0x25,0x0d,0x01,0x33,0x1b,0x0d,0x37,0x1e,0x13,
    0x21,0x07,0x00,0x26,0x0c,0x02,0x25,0x0c,0x01,0x28,0x0d,0x02,
    0x28,0x0d,0x02,0x29,0x0e,0x02,0x2a,0x0f,0x02,0x2b,0x0f,0x02,
    0x2b,0x0f,0x02,0x2c,0x0f,0x01,0x33,0x16,0x08,0x41,0x25,0x12,
    0x4b,0x2f,0x1b,0x4e,0x32,0x20,0x4d,0x31,0x1e,0x47,0x2a,0x15,
    0x46,0x28,0x13,0x42,0x25,0x0e,0x43,0x25,0x11,0x47,0x29,0x14,
    0x00,0x00,0x00,0x00,0x00,0x00,0x00,0x00,0x00,0x00,0x00,0x00,
    0x00,0x00,0x00,0x00,0x00,0x00,0x00,0x00,0x00,0x00,0x00,0x00,
    0x00,0x00,0x00,0x00,0x00,0x00,0x00,0x00,0x00,0x00,0x00,0x00,
    0x00,0x00,0x00,0x00,0x00,0x00,0x00,0x00,0x00,0x00,0x00,0x00,
    0x00,0x00,0x00,0x00,0x00,0x00,0x00,0x00,0x00,0x00,0x00,0x00,
    0x00,0x00,0x00,0x00,0x00,0x00,0x00,0x00,0x00,0x00,0x00,0x00,
    0x00,0x00,0x00,0x00,0x00,0x00,0x00,0x00,0x00,0x00,0x00,0x00,
    0x00,0x00,0x00,0x00,0x00,0x00,0x01,0x00,0x00,0x02,0x00,0x01,
    0x00,0x00,0x00,0x00,0x00,0x00,0x00,0x00,0x00,0x00,0x00,0x00,
    0x00,0x00,0x00,0x00,0x00,0x00,0x01,0x00,0x00,0x08,0x05,0x04,
    0x15,0x0f,0x0c,0x16,0x0d,0x0b,0x19,0x0d,0x0a,0x13,0x08,0x04,
    0x0e,0x05,0x02,0x07,0x01,0x01,0x05,0x00,0x00,0x06,0x00,0x00,
    0x05,0x00,0x00,0x05,0x00,0x00,0x06,0x00,0x00,0x07,0x00,0x00,
    0x06,0x00,0x00,0x06,0x00,0x00,0x06,0x00,0x00,0x06,0x00,0x00,
    0x06,0x00,0x00,0x06,0x00,0x00,0x08,0x00,0x00,0x08,0x01,0x00,
    0x09,0x00,0x01,0x09,0x00,0x01,0x09,0x01,0x00,0x0a,0x00,0x00,
    0x0a,0x00,0x00,0x0b,0x01,0x00,0x0a,0x01,0x00,0x0b,0x01,0x00,
    0x0c,0x01,0x00,0x0c,0x00,0x00,0x0d,0x01,0x00,0x0e,0x02,0x01,
    0x0e,0x02,0x01,0x20,0x10,0x07,0x2b,0x1a,0x09,0x1f,0x10,0x04,
    0x13,0x06,0x02,0x0e,0x01,0x01,0x10,0x02,0x01,0x13,0x03,0x01,
    0x13,0x04,0x01,0x12,0x03,0x00,0x13,0x03,0x01,0x12,0x04,0x00,
    0x14,0x03,0x01,0x15,0x03,0x01,0x14,0x03,0x01,0x12,0x03,0x01,
    0x15,0x04,0x00,0x15,0x04,0x01,0x18,0x05,0x00,0x18,0x05,0x00,
    0x1a,0x05,0x01,0x19,0x06,0x00,0x1a,0x05,0x00,0x1a,0x05,0x01,
    0x1d,0x06,0x01,0x1a,0x05,0x01,0x1c,0x06,0x01,0x1d,0x06,0x01,
    0x1e,0x08,0x01,0x1f,0x08,0x02,0x24,0x0c,0x03,0x23,0x0c,0x02,
    0x23,0x0d,0x02,0x24,0x0a,0x01,0x29,0x11,0x05,0x2d,0x14,0x0a,
    0x22,0x09,0x01,0x25,0x0c,0x02,0x24,0x0a,0x02,0x25,0x0c,0x02,
    0x27,0x0d,0x02,0x29,0x0e,0x03,0x29,0x0e,0x02,0x28,0x0f,0x02,
    0x2a,0x0f,0x02,0x2e,0x13,0x04,0x39,0x1e,0x0b,0x3d,0x21,0x0f,
    0x41,0x26,0x14,0x48,0x2d,0x19,0x4b,0x30,0x1c,0x44,0x2a,0x17,
    0x46,0x2a,0x16,0x47,0x2a,0x16,0x44,0x27,0x14,0x44,0x28,0x15,
    0x00,0x00,0x00,0x00,0x00,0x00,0x00,0x00,0x00,0x00,0x00,0x00,
    0x00,0x00,0x00,0x00,0x00,0x00,0x00,0x00,0x00,0x00,0x00,0x00,
    0x00,0x00,0x00,0x00,0x00,0x00,0x00,0x00,0x00,0x00,0x00,0x00,
    0x00,0x00,0x00,0x00,0x00,0x00,0x00,0x00,0x00,0x00,0x00,0x00,
    0x00,0x00,0x00,0x00,0x00,0x00,0x00,0x00,0x00,0x00,0x00,0x00,
    0x00,0x00,0x00,0x00,0x00,0x00,0x00,0x00,0x00,0x00,0x00,0x00,
    0x00,0x00,0x00,0x00,0x00,0x00,0x00,0x00,0x00,0x00,0x00,0x00,
    0x00,0x00,0x00,0x00,0x00,0x00,0x01,0x00,0x00,0x02,0x00,0x01,
    0x00,0x00,0x00,0x00,0x00,0x00,0x00,0x00,0x00,0x00,0x00,0x00,
    0x00,0x00,0x00,0x00,0x00,0x00,0x02,0x01,0x00,0x10,0x06,0x04,
    0x10,0x05,0x03,0x0d,0x02,0x00,0x0b,0x01,0x00,0x06,0x00,0x00,
    0x04,0x00,0x00,0x04,0x00,0x00,0x05,0x00,0x00,0x04,0x00,0x00,
    0x04,0x00,0x00,0x05,0x00,0x00,0x05,0x00,0x00,0x06,0x00,0x00,
    0x06,0x00,0x00,0x07,0x00,0x00,0x07,0x00,0x00,0x06,0x00,0x00,
    0x06,0x00,0x00,0x06,0x00,0x00,0x08,0x00,0x00,0x08,0x00,0x00,
    0x08,0x00,0x00,0x07,0x00,0x00,0x08,0x01,0x00,0x0a,0x00,0x00,
    0x0a,0x01,0x00,0x0b,0x01,0x00,0x0a,0x00,0x00,0x0a,0x01,0x00,
    0x0c,0x01,0x01,0x0b,0x00,0x00,0x0e,0x02,0x01,0x0d,0x01,0x01,
    0x16,0x07,0x03,0x2a,0x17,0x0a,0x2a,0x18,0x0d,0x1c,0x0b,0x05,
    0x1e,0x0d,0x04,0x10,0x03,0x01,0x10,0x01,0x01,0x11,0x03,0x00,
    0x12,0x03,0x01,0x13,0x03,0x00,0x12,0x03,0x00,0x13,0x03,0x00,
    0x13,0x03,0x01,0x15,0x03,0x01,0x14,0x03,0x01,0x13,0x03,0x01,
    0x15,0x04,0x01,0x16,0x04,0x01,0x18,0x05,0x00,0x17,0x05,0x00,
    0x18,0x05,0x00,0x19,0x05,0x00,0x19,0x06,0x01,0x19,0x05,0x01,
    0x1b,0x06,0x01,0x1a,0x06,0x01,0x1b,0x06,0x01,0x1d,0x06,0x01,
    0x1c,0x06,0x01,0x1f,0x07,0x01,0x22,0x09,0x03,0x23,0x0c,0x02,
    0x23,0x0b,0x02,0x24,0x0b,0x02,0x24,0x0c,0x02,0x21,0x09,0x01,
    0x23,0x0a,0x02,0x23,0x0a,0x01,0x24,0x0a,0x01,0x24,0x0a,0x02,
    0x26,0x0b,0x02,0x27,0x0c,0x02,0x27,0x0c,0x02,0x26,0x0c,0x02,
    0x2a,0x10,0x02,0x3a,0x1f,0x0b,0x3c,0x22,0x0f,0x34,0x19,0x09,
    0x35,0x19,0x08,0x3a,0x1c,0x0a,0x3a,0x1d,0x0b,0x3d,0x1f,0x0f,
    0x41,0x24,0x10,0x40,0x22,0x10,0x43,0x25,0x12,0x46,0x2a,0x1a,
    0x00,0x00,0x00,0x00,0x00,0x00,0x00,0x00,0x00,0x00,0x00,0x00,
    0x00,0x00,0x00,0x00,0x00,0x00,0x00,0x00,0x00,0x00,0x00,0x00,
    0x00,0x00,0x00,0x00,0x00,0x00,0x00,0x00,0x00,0x00,0x00,0x00,
    0x00,0x00,0x00,0x00,0x00,0x00,0x00,0x00,0x00,0x00,0x00,0x00,
    0x00,0x00,0x00,0x00,0x00,0x00,0x00,0x00,0x00,0x00,0x00,0x00,
    0x00,0x00,0x00,0x00,0x00,0x00,0x00,0x00,0x00,0x00,0x00,0x00,
    0x00,0x00,0x00,0x00,0x00,0x00,0x00,0x00,0x00,0x00,0x00,0x00,
    0x00,0x00,0x00,0x00,0x00,0x00,0x00,0x00,0x00,0x00,0x00,0x00,
    0x00,0x00,0x00,0x00,0x00,0x00,0x00,0x00,0x00,0x00,0x00,0x00,
    0x00,0x00,0x00,0x00,0x00,0x00,0x02,0x00,0x01,0x09,0x01,0x01,
    0x08,0x00,0x00,0x0b,0x01,0x00,0x09,0x01,0x00,0x06,0x00,0x00,
    0x03,0x01,0x00,0x04,0x00,0x00,0x04,0x00,0x00,0x04,0x00,0x00,
    0x04,0x00,0x00,0x04,0x00,0x00,0x05,0x00,0x00,0x06,0x00,0x00,
    0x07,0x00,0x00,0x06,0x00,0x00,0x06,0x00,0x00,0x06,0x00,0x00,
    0x06,0x00,0x00,0x06,0x00,0x00,0x06,0x00,0x00,0x09,0x00,0x01,
    0x08,0x00,0x00,0x08,0x00,0x00,0x08,0x00,0x01,0x09,0x00,0x01,
    0x0a,0x00,0x00,0x0a,0x00,0x00,0x0a,0x00,0x00,0x0b,0x01,0x00,
    0x0c,0x01,0x00,0x0c,0x01,0x00,0x0d,0x01,0x00,0x0c,0x01,0x01,
    0x0f,0x03,0x01,0x23,0x10,0x08,0x1e,0x0e,0x06,0x20,0x10,0x08,
    0x22,0x10,0x05,0x12,0x04,0x01,0x10,0x01,0x01,0x12,0x01,0x01,
    0x13,0x02,0x01,0x12,0x03,0x00,0x13,0x03,0x00,0x13,0x03,0x01,
    0x13,0x03,0x01,0x14,0x03,0x01,0x13,0x03,0x01,0x13,0x03,0x00,
    0x14,0x04,0x01,0x15,0x05,0x01,0x16,0x05,0x01,0x17,0x05,0x01,
    0x18,0x06,0x00,0x18,0x05,0x00,0x19,0x06,0x01,0x19,0x06,0x00,
    0x1a,0x06,0x01,0x1b,0x06,0x01,0x1b,0x06,0x01,0x1c,0x05,0x01,
    0x1b,0x05,0x01,0x1d,0x07,0x01,0x1d,0x08,0x01,0x1f,0x09,0x02,
    0x1e,0x08,0x02,0x21,0x0a,0x01,0x20,0x0a,0x02,0x21,0x09,0x02,
    0x22,0x09,0x02,0x23,0x09,0x02,0x22,0x0a,0x01,0x24,0x0a,0x01,
    0x25,0x0b,0x01,0x26,0x0b,0x01,0x28,0x0d,0x02,0x29,0x0e,0x03,
    0x34,0x19,0x09,0x38,0x1e,0x0a,0x30,0x15,0x05,0x33,0x19,0x06,
    0x35,0x19,0x07,0x38,0x1b,0x0a,0x39,0x1d,0x0b,0x38,0x19,0x0a,
    0x39,0x19,0x09,0x3b,0x1e,0x0b,0x3b,0x1e,0x07,0x3a,0x1b,0x0a,
    0x00,0x00,0x00,0x00,0x00,0x00,0x00,0x00,0x00,0x00,0x00,0x00,
    0x00,0x00,0x00,0x00,0x00,0x00,0x00,0x00,0x00,0x00,0x00,0x00,
    0x00,0x00,0x00,0x00,0x00,0x00,0x00,0x00,0x00,0x00,0x00,0x00,
    0x00,0x00,0x00,0x00,0x00,0x00,0x00,0x00,0x00,0x00,0x00,0x00,
    0x00,0x00,0x00,0x00,0x00,0x00,0x00,0x00,0x00,0x00,0x00,0x00,
    0x00,0x00,0x00,0x00,0x00,0x00,0x00,0x00,0x00,0x00,0x00,0x00,
    0x00,0x00,0x00,0x00,0x00,0x00,0x00,0x00,0x00,0x00,0x00,0x00,
    0x00,0x00,0x00,0x00,0x00,0x00,0x00,0x00,0x00,0x00,0x00,0x00,
    0x00,0x00,0x00,0x00,0x00,0x00,0x00,0x00,0x00,0x00,0x00,0x00,
    0x00,0x00,0x00,0x00,0x00,0x00,0x00,0x00,0x00,0x02,0x00,0x00,
    0x03,0x01,0x00,0x02,0x00,0x01,0x02,0x00,0x00,0x03,0x00,0x00,
    0x02,0x01,0x00,0x04,0x00,0x00,0x04,0x00,0x00,0x03,0x01,0x00,
    0x04,0x01,0x00,0x04,0x00,0x00,0x05,0x01,0x00,0x06,0x00,0x00,
    0x07,0x00,0x00,0x06,0x00,0x00,0x06,0x00,0x00,0x06,0x00,0x00,
    0x06,0x00,0x00,0x06,0x00,0x00,0x06,0x00,0x00,0x09,0x00,0x01,
    0x09,0x00,0x01,0x08,0x00,0x00,0x08,0x00,0x00,0x09,0x00,0x01,
    0x0a,0x01,0x00,0x09,0x00,0x00,0x0a,0x00,0x00,0x0a,0x00,0x00,
    0x0b,0x00,0x00,0x0a,0x01,0x00,0x0c,0x01,0x00,0x0b,0x01,0x00,
    0x0c,0x01,0x01,0x18,0x0a,0x04,0x11,0x04,0x01,0x12,0x06,0x01,
    0x21,0x10,0x04,0x0f,0x01,0x00,0x0f,0x01,0x01,0x12,0x02,0x01,
    0x13,0x02,0x00,0x13,0x03,0x00,0x15,0x03,0x01,0x13,0x03,0x01,
    0x14,0x03,0x01,0x14,0x03,0x01,0x13,0x03,0x01,0x12,0x03,0x01,
    0x14,0x04,0x01,0x14,0x04,0x00,0x15,0x04,0x00,0x15,0x04,0x00,
    0x17,0x06,0x00,0x17,0x05,0x00,0x17,0x05,0x00,0x19,0x06,0x01,
    0x1a,0x07,0x01,0x1b,0x06,0x01,0x1a,0x06,0x01,0x1b,0x05,0x01,
    0x1b,0x06,0x01,0x1c,0x07,0x02,0x1e,0x06,0x02,0x1d,0x07,0x01,
    0x1e,0x08,0x02,0x1f,0x07,0x01,0x20,0x08,0x03,0x20,0x09,0x02,
    0x20,0x09,0x01,0x23,0x0a,0x01,0x22,0x08,0x01,0x22,0x08,0x01,
    0x23,0x09,0x02,0x25,0x0a,0x02,0x25,0x0a,0x02,0x2a,0x10,0x04,
    0x31,0x17,0x05,0x2d,0x12,0x03,0x2f,0x14,0x03,0x30,0x16,0x05,
    0x2c,0x11,0x03,0x2d,0x12,0x02,0x31,0x16,0x05,0x36,0x1b,0x0b,
    0x39,0x1f,0x0e,0x3a,0x1f,0x0b,0x39,0x1c,0x09,0x3b,0x1f,0x0d,
    0x00,0x00,0x00,0x00,0x00,0x00,0x00,0x00,0x00,0x00,0x00,0x00,
    0x00,0x00,0x00,0x00,0x00,0x00,0x00,0x00,0x00,0x00,0x00,0x00,
    0x00,0x00,0x00,0x00,0x00,0x00,0x00,0x00,0x00,0x00,0x00,0x00,
    0x00,0x00,0x00,0x00,0x00,0x00,0x00,0x00,0x00,0x00,0x00,0x00,
    0x00,0x00,0x00,0x00,0x00,0x00,0x00,0x00,0x00,0x00,0x00,0x00,
    0x00,0x00,0x00,0x00,0x00,0x00,0x00,0x00,0x00,0x00,0x00,0x00,
    0x00,0x00,0x00,0x00,0x00,0x00,0x00,0x00,0x00,0x00,0x00,0x00,
    0x00,0x00,0x00,0x00,0x00,0x00,0x00,0x00,0x00,0x00,0x00,0x00,
    0x00,0x00,0x00,0x01,0x00,0x00,0x02,0x00,0x01,0x01,0x00,0x00,
    0x01,0x00,0x00,0x02,0x00,0x01,0x02,0x00,0x00,0x00,0x00,0x00,
    0x00,0x00,0x00,0x00,0x00,0x00,0x00,0x00,0x00,0x02,0x00,0x01,
    0x02,0x01,0x00,0x04,0x00,0x00,0x03,0x01,0x00,0x02,0x01,0x00,
    0x04,0x00,0x00,0x04,0x00,0x00,0x04,0x00,0x00,0x05,0x00,0x00,
    0x06,0x00,0x00,0x06,0x00,0x00,0x07,0x00,0x00,0x06,0x00,0x00,
    0x06,0x00,0x00,0x06,0x00,0x00,0x06,0x00,0x00,0x06,0x00,0x00,
    0x08,0x00,0x00,0x09,0x00,0x01,0x08,0x00,0x00,0x0a,0x00,0x01,
    0x09,0x01,0x00,0x09,0x00,0x00,0x0a,0x00,0x00,0x0a,0x00,0x00,
    0x0a,0x00,0x00,0x0a,0x00,0x00,0x0b,0x01,0x00,0x0b,0x01,0x00,
    0x0c,0x02,0x01,0x0d,0x02,0x01,0x0e,0x02,0x00,0x14,0x06,0x02,
    0x11,0x03,0x01,0x12,0x03,0x02,0x13,0x04,0x02,0x10,0x02,0x00,
    0x12,0x02,0x00,0x13,0x02,0x01,0x14,0x03,0x01,0x13,0x03,0x01,
    0x14,0x03,0x01,0x12,0x03,0x01,0x13,0x03,0x01,0x13,0x03,0x01,
    0x14,0x04,0x01,0x13,0x04,0x01,0x13,0x04,0x01,0x13,0x04,0x00,
    0x15,0x05,0x00,0x18,0x05,0x00,0x18,0x06,0x01,0x18,0x06,0x01,
    0x1b,0x07,0x02,0x1a,0x06,0x01,0x1a,0x06,0x01,0x1c,0x06,0x01,
    0x1b,0x05,0x01,0x1c,0x06,0x02,0x1e,0x07,0x01,0x1b,0x06,0x01,
    0x1c,0x07,0x01,0x1e,0x08,0x01,0x1f,0x07,0x02,0x1f,0x09,0x02,
    0x20,0x09,0x02,0x20,0x08,0x01,0x21,0x09,0x01,0x22,0x09,0x02,
    0x24,0x08,0x01,0x24,0x0c,0x02,0x26,0x0b,0x02,0x2a,0x10,0x03,
    0x2c,0x12,0x03,0x2b,0x11,0x03,0x2e,0x13,0x04,0x2b,0x11,0x03,
    0x2b,0x11,0x02,0x2c,0x12,0x02,0x2e,0x12,0x04,0x2f,0x15,0x04,
    0x31,0x15,0x05,0x31,0x14,0x03,0x34,0x18,0x06,0x36,0x1c,0x08,
    0x00,0x00,0x00,0x00,0x00,0x00,0x00,0x00,0x00,0x00,0x00,0x00,
    0x00,0x00,0x00,0x00,0x00,0x00,0x00,0x00,0x00,0x00,0x00,0x00,
    0x00,0x00,0x00,0x00,0x00,0x00,0x00,0x00,0x00,0x00,0x00,0x00,
    0x00,0x00,0x00,0x00,0x00,0x00,0x00,0x00,0x00,0x00,0x00,0x00,
    0x00,0x00,0x00,0x00,0x00,0x00,0x00,0x00,0x00,0x00,0x00,0x00,
    0x00,0x00,0x00,0x00,0x00,0x00,0x00,0x00,0x00,0x00,0x00,0x00,
    0x00,0x00,0x00,0x00,0x00,0x00,0x00,0x00,0x00,0x00,0x00,0x00,
    0x00,0x00,0x00,0x00,0x00,0x00,0x00,0x00,0x00,0x00,0x00,0x00,
    0x01,0x01,0x01,0x01,0x01,0x01,0x02,0x00,0x01,0x02,0x00,0x01,
    0x02,0x00,0x01,0x02,0x00,0x01,0x02,0x00,0x01,0x01,0x00,0x00,
    0x01,0x01,0x01,0x00,0x00,0x00,0x00,0x00,0x00,0x00,0x00,0x00,
    0x03,0x00,0x00,0x05,0x00,0x00,0x03,0x01,0x00,0x02,0x01,0x00,
    0x04,0x00,0x00,0x04,0x00,0x00,0x05,0x01,0x00,0x05,0x00,0x00,
    0x07,0x00,0x00,0x06,0x00,0x00,0x06,0x00,0x00,0x06,0x00,0x00,
    0x06,0x00,0x00,0x06,0x00,0x00,0x06,0x00,0x00,0x07,0x00,0x00,
    0x07,0x00,0x00,0x08,0x00,0x00,0x08,0x00,0x01,0x08,0x00,0x01,
    0x09,0x00,0x00,0x0a,0x01,0x00,0x0a,0x00,0x00,0x0b,0x00,0x00,
    0x0a,0x00,0x00,0x0c,0x01,0x01,0x0c,0x01,0x00,0x0a,0x01,0x00,
    0x0b,0x01,0x00,0x0c,0x01,0x01,0x0d,0x01,0x01,0x10,0x02,0x01,
    0x0d,0x01,0x01,0x11,0x02,0x01,0x13,0x03,0x01,0x10,0x02,0x01,
    0x10,0x02,0x01,0x11,0x02,0x01,0x0e,0x00,0x00,0x0f,0x00,0x00,
    0x12,0x03,0x01,0x13,0x03,0x01,0x14,0x02,0x00,0x14,0x03,0x01,
    0x14,0x03,0x01,0x13,0x03,0x01,0x14,0x04,0x01,0x13,0x04,0x00,
    0x15,0x04,0x01,0x17,0x04,0x00,0x17,0x05,0x00,0x19,0x05,0x00,
    0x19,0x06,0x00,0x19,0x06,0x00,0x1b,0x07,0x01,0x1c,0x05,0x01,
    0x1b,0x05,0x00,0x1b,0x06,0x01,0x1b,0x05,0x00,0x1c,0x05,0x00,
    0x1c,0x06,0x01,0x1d,0x07,0x01,0x1f,0x06,0x01,0x20,0x08,0x02,
    0x1e,0x09,0x02,0x20,0x08,0x02,0x20,0x08,0x01,0x22,0x09,0x02,
    0x22,0x0a,0x02,0x24,0x0a,0x02,0x23,0x0b,0x02,0x27,0x0b,0x02,
    0x2e,0x13,0x04,0x2c,0x12,0x03,0x2d,0x12,0x03,0x2a,0x10,0x03,
    0x2c,0x10,0x03,0x2d,0x13,0x02,0x2d,0x11,0x03,0x2e,0x12,0x03,
    0x2f,0x13,0x04,0x2f,0x13,0x03,0x31,0x15,0x05,0x32,0x18,0x07,
    0x00,0x00,0x00,0x00,0x00,0x00,0x00,0x00,0x00,0x00,0x00,0x00,
    0x00,0x00,0x00,0x00,0x00,0x00,0x00,0x00,0x00,0x00,0x00,0x00,
    0x00,0x00,0x00,0x00,0x00,0x00,0x00,0x00,0x00,0x00,0x00,0x00,
    0x00,0x00,0x00,0x00,0x00,0x00,0x00,0x00,0x00,0x00,0x00,0x00,
    0x00,0x00,0x00,0x00,0x00,0x00,0x00,0x00,0x00,0x00,0x00,0x00,
    0x00,0x00,0x00,0x00,0x00,0x00,0x00,0x00,0x00,0x00,0x00,0x00,
    0x00,0x00,0x00,0x00,0x00,0x00,0x00,0x00,0x00,0x00,0x00,0x00,
    0x00,0x00,0x00,0x01,0x00,0x01,0x02,0x01,0x01,0x01,0x00,0x01,
    0x00,0x00,0x00,0x00,0x00,0x00,0x00,0x00,0x00,0x00,0x00,0x00,
    0x00,0x00,0x00,0x01,0x00,0x01,0x02,0x00,0x01,0x01,0x01,0x01,
    0x00,0x00,0x00,0x00,0x00,0x00,0x00,0x00,0x00,0x00,0x00,0x00,
    0x03,0x00,0x00,0x04,0x00,0x00,0x03,0x00,0x00,0x03,0x01,0x00,
    0x04,0x00,0x00,0x04,0x01,0x00,0x04,0x00,0x00,0x05,0x00,0x00,
    0x06,0x00,0x00,0x06,0x00,0x00,0x06,0x00,0x00,0x06,0x00,0x00,
    0x06,0x00,0x00,0x06,0x00,0x00,0x06,0x00,0x00,0x08,0x00,0x00,
    0x06,0x00,0x00,0x08,0x00,0x00,0x09,0x01,0x00,0x08,0x01,0x00,
    0x09,0x00,0x00,0x08,0x00,0x00,0x08,0x00,0x00,0x0a,0x00,0x00,
    0x0a,0x00,0x00,0x0a,0x01,0x00,0x09,0x01,0x00,0x0b,0x01,0x00,
    0x0c,0x01,0x01,0x0b,0x01,0x00,0x0d,0x00,0x00,0x0e,0x01,0x01,
    0x0f,0x01,0x01,0x10,0x01,0x01,0x10,0x01,0x00,0x0d,0x01,0x01,
    0x19,0x0a,0x03,0x21,0x10,0x05,0x1b,0x0b,0x05,0x18,0x0a,0x04,
    0x12,0x02,0x01,0x10,0x01,0x00,0x14,0x03,0x01,0x13,0x03,0x01,
    0x10,0x02,0x00,0x13,0x04,0x01,0x15,0x04,0x01,0x13,0x03,0x00,
    0x14,0x04,0x00,0x15,0x04,0x01,0x17,0x05,0x00,0x18,0x05,0x00,
    0x19,0x06,0x01,0x1a,0x06,0x00,0x19,0x06,0x00,0x19,0x05,0x00,
    0x1a,0x04,0x01,0x1b,0x06,0x01,0x1b,0x07,0x01,0x1c,0x06,0x01,
    0x1c,0x07,0x01,0x1d,0x06,0x01,0x1f,0x06,0x01,0x1e,0x07,0x01,
    0x1e,0x08,0x01,0x1e,0x07,0x01,0x1f,0x07,0x01,0x21,0x08,0x02,
    0x22,0x09,0x02,0x23,0x0a,0x02,0x22,0x0b,0x02,0x25,0x0a,0x02,
    0x2b,0x11,0x03,0x2a,0x10,0x03,0x2a,0x0f,0x02,0x29,0x0f,0x03,
    0x2a,0x11,0x03,0x2b,0x10,0x02,0x2c,0x12,0x02,0x2d,0x11,0x03,
    0x2e,0x13,0x04,0x2f,0x13,0x04,0x30,0x14,0x05,0x30,0x14,0x05,
    0x00,0x00,0x00,0x00,0x00,0x00,0x00,0x00,0x00,0x00,0x00,0x00,
    0x00,0x00,0x00,0x00,0x00,0x00,0x00,0x00,0x00,0x00,0x00,0x00,
    0x00,0x00,0x00,0x00,0x00,0x00,0x00,0x00,0x00,0x00,0x00,0x00,
    0x00,0x00,0x00,0x00,0x00,0x00,0x00,0x00,0x00,0x00,0x00,0x00,
    0x00,0x00,0x00,0x00,0x00,0x00,0x00,0x00,0x00,0x00,0x00,0x00,
    0x00,0x00,0x00,0x00,0x00,0x00,0x00,0x00,0x00,0x00,0x00,0x00,
    0x00,0x00,0x00,0x00,0x00,0x00,0x06,0x04,0x03,0x0c,0x07,0x06,
    0x09,0x07,0x06,0x00,0x00,0x00,0x00,0x00,0x00,0x02,0x01,0x01,
    0x01,0x01,0x01,0x00,0x00,0x00,0x00,0x00,0x00,0x00,0x00,0x00,
    0x00,0x01,0x00,0x02,0x01,0x01,0x01,0x00,0x01,0x01,0x00,0x00,
    0x01,0x01,0x01,0x00,0x00,0x00,0x00,0x00,0x00,0x00,0x00,0x00,
    0x00,0x00,0x00,0x01,0x01,0x00,0x03,0x00,0x00,0x02,0x00,0x00,
    0x02,0x00,0x00,0x03,0x00,0x00,0x05,0x00,0x00,0x05,0x00,0x00,
    0x06,0x00,0x00,0x06,0x00,0x00,0x06,0x00,0x00,0x06,0x00,0x00,
    0x06,0x00,0x00,0x06,0x00,0x00,0x06,0x00,0x00,0x06,0x00,0x00,
    0x06,0x00,0x00,0x07,0x00,0x00,0x08,0x00,0x00,0x08,0x01,0x00,
    0x08,0x01,0x00,0x09,0x02,0x01,0x08,0x02,0x01,0x0a,0x01,0x00,
    0x0a,0x00,0x00,0x0a,0x00,0x00,0x0a,0x00,0x00,0x0b,0x01,0x00,
    0x0c,0x01,0x00,0x0c,0x01,0x00,0x0e,0x01,0x01,0x0e,0x01,0x01,
    0x0f,0x01,0x01,0x10,0x01,0x01,0x0e,0x01,0x00,0x20,0x11,0x06,
    0x25,0x12,0x07,0x26,0x12,0x08,0x29,0x15,0x08,0x29,0x18,0x09,
    0x22,0x11,0x06,0x17,0x08,0x03,0x10,0x02,0x01,0x12,0x03,0x01,
    0x16,0x06,0x02,0x12,0x03,0x01,0x12,0x04,0x01,0x13,0x04,0x00,
    0x15,0x03,0x01,0x14,0x04,0x01,0x18,0x04,0x01,0x17,0x05,0x00,
    0x18,0x05,0x00,0x1a,0x06,0x01,0x19,0x06,0x00,0x1a,0x07,0x01,
    0x1a,0x05,0x01,0x1b,0x06,0x01,0x1b,0x07,0x01,0x1c,0x07,0x01,
    0x1d,0x06,0x01,0x1c,0x06,0x00,0x1e,0x06,0x01,0x1e,0x07,0x01,
    0x1e,0x07,0x01,0x1f,0x07,0x02,0x1f,0x08,0x02,0x20,0x08,0x01,
    0x21,0x08,0x02,0x23,0x0a,0x02,0x24,0x0a,0x02,0x24,0x0a,0x02,
    0x24,0x0b,0x02,0x29,0x0e,0x03,0x29,0x10,0x03,0x2a,0x12,0x04,
    0x29,0x10,0x03,0x2b,0x0f,0x03,0x29,0x0f,0x03,0x28,0x0d,0x02,
    0x2a,0x0d,0x02,0x2c,0x10,0x03,0x2c,0x10,0x03,0x2e,0x12,0x04,
    0x00,0x00,0x00,0x00,0x00,0x00,0x00,0x00,0x00,0x00,0x00,0x00,
    0x00,0x00,0x00,0x00,0x00,0x00,0x00,0x00,0x00,0x00,0x00,0x00,
    0x00,0x00,0x00,0x00,0x00,0x00,0x00,0x00,0x00,0x00,0x00,0x00,
    0x00,0x00,0x00,0x00,0x00,0x00,0x00,0x00,0x00,0x00,0x00,0x00,
    0x00,0x00,0x00,0x00,0x00,0x00,0x00,0x00,0x00,0x00,0x00,0x00,
    0x00,0x00,0x00,0x00,0x00,0x00,0x00,0x00,0x00,0x00,0x00,0x00,
    0x01,0x01,0x01,0x0d,0x09,0x06,0x17,0x0e,0x0b,0x14,0x0a,0x08,
    0x22,0x17,0x0f,0x35,0x2b,0x1f,0x11,0x0f,0x0d,0x01,0x00,0x00,
    0x03,0x00,0x01,0x01,0x00,0x01,0x00,0x00,0x00,0x00,0x00,0x00,
    0x00,0x00,0x00,0x01,0x01,0x01,0x00,0x00,0x00,0x01,0x00,0x00,
    0x02,0x00,0x01,0x02,0x00,0x01,0x02,0x00,0x01,0x00,0x00,0x00,
    0x00,0x00,0x00,0x02,0x00,0x01,0x02,0x01,0x00,0x02,0x01,0x00,
    0x01,0x00,0x00,0x03,0x01,0x00,0x06,0x00,0x00,0x04,0x00,0x00,
    0x05,0x01,0x00,0x05,0x00,0x00,0x06,0x00,0x00,0x06,0x00,0x00,
    0x06,0x00,0x00,0x06,0x00,0x00,0x07,0x00,0x00,0x06,0x00,0x00,
    0x06,0x00,0x00,0x06,0x00,0x00,0x06,0x00,0x00,0x09,0x00,0x00,
    0x07,0x00,0x01,0x16,0x0b,0x07,0x14,0x0a,0x06,0x09,0x00,0x00,
    0x0a,0x00,0x00,0x0a,0x00,0x00,0x0b,0x00,0x00,0x0a,0x00,0x00,
    0x0c,0x01,0x00,0x0c,0x01,0x00,0x0d,0x01,0x01,0x0e,0x01,0x01,
    0x0e,0x02,0x01,0x0e,0x00,0x00,0x1d,0x0d,0x07,0x29,0x17,0x09,
    0x21,0x0f,0x04,0x22,0x11,0x06,0x1e,0x0e,0x04,0x1c,0x0b,0x04,
    0x25,0x12,0x07,0x22,0x10,0x05,0x14,0x05,0x01,0x14,0x04,0x01,
    0x1c,0x0a,0x02,0x1d,0x09,0x03,0x15,0x04,0x02,0x13,0x04,0x01,
    0x15,0x03,0x01,0x14,0x03,0x01,0x15,0x03,0x01,0x16,0x05,0x00,
    0x14,0x04,0x00,0x16,0x05,0x00,0x19,0x06,0x01,0x1a,0x06,0x01,
    0x19,0x06,0x01,0x19,0x06,0x01,0x1b,0x06,0x01,0x1b,0x06,0x01,
    0x1c,0x06,0x01,0x1c,0x05,0x01,0x1d,0x06,0x01,0x1e,0x06,0x01,
    0x1e,0x07,0x02,0x1f,0x08,0x02,0x20,0x08,0x03,0x20,0x07,0x02,
    0x21,0x08,0x02,0x22,0x09,0x02,0x22,0x09,0x02,0x23,0x0a,0x02,
    0x25,0x0a,0x02,0x27,0x0d,0x03,0x2a,0x0f,0x03,0x29,0x0f,0x03,
    0x28,0x0f,0x03,0x28,0x0e,0x02,0x28,0x0d,0x02,0x2a,0x11,0x05,
    0x2c,0x12,0x07,0x2a,0x0e,0x00,0x2d,0x12,0x03,0x2d,0x12,0x04,
    0x00,0x00,0x00,0x00,0x00,0x00,0x00,0x00,0x00,0x00,0x00,0x00,
    0x00,0x00,0x00,0x00,0x00,0x00,0x00,0x00,0x00,0x00,0x00,0x00,
    0x00,0x00,0x00,0x00,0x00,0x00,0x00,0x00,0x00,0x00,0x00,0x00,
    0x00,0x00,0x00,0x00,0x00,0x00,0x00,0x00,0x00,0x00,0x00,0x00,
    0x00,0x00,0x00,0x00,0x00,0x00,0x00,0x00,0x00,0x00,0x00,0x00,
    0x00,0x00,0x00,0x00,0x00,0x00,0x00,0x00,0x00,0x01,0x00,0x00,
    0x09,0x06,0x04,0x0c,0x06,0x04,0x0b,0x06,0x04,0x05,0x01,0x00,
    0x1c,0x10,0x0e,0x20,0x15,0x10,0x3c,0x38,0x31,0x05,0x05,0x05,
    0x02,0x01,0x01,0x01,0x00,0x00,0x00,0x00,0x00,0x00,0x00,0x00,
    0x00,0x00,0x00,0x00,0x00,0x00,0x01,0x01,0x01,0x02,0x00,0x01,
    0x02,0x00,0x01,0x02,0x00,0x01,0x02,0x00,0x01,0x00,0x00,0x00,
    0x00,0x00,0x00,0x01,0x00,0x00,0x01,0x01,0x00,0x02,0x00,0x00,
    0x01,0x00,0x00,0x03,0x00,0x00,0x05,0x00,0x00,0x04,0x00,0x00,
    0x04,0x00,0x00,0x05,0x00,0x00,0x06,0x00,0x00,0x06,0x00,0x00,
    0x06,0x00,0x00,0x06,0x00,0x00,0x07,0x00,0x00,0x06,0x00,0x00,
    0x06,0x00,0x00,0x06,0x00,0x00,0x06,0x00,0x00,0x09,0x00,0x00,
    0x08,0x00,0x00,0x08,0x00,0x00,0x08,0x00,0x00,0x0b,0x01,0x00,
    0x0a,0x00,0x00,0x0a,0x00,0x00,0x0a,0x00,0x00,0x0a,0x01,0x00,
    0x0c,0x01,0x00,0x0c,0x01,0x00,0x0c,0x01,0x01,0x0c,0x01,0x00,
    0x0f,0x01,0x01,0x0f,0x01,0x00,0x14,0x05,0x03,0x1d,0x0d,0x06,
    0x18,0x08,0x03,0x1b,0x0b,0x03,0x17,0x09,0x03,0x19,0x0a,0x03,
    0x18,0x08,0x02,0x19,0x08,0x02,0x17,0x07,0x02,0x12,0x02,0x00,
    0x15,0x03,0x00,0x17,0x06,0x01,0x17,0x06,0x02,0x13,0x03,0x01,
    0x15,0x04,0x01,0x15,0x03,0x01,0x16,0x03,0x01,0x19,0x05,0x01,
    0x1d,0x08,0x01,0x18,0x06,0x00,0x17,0x06,0x00,0x19,0x06,0x00,
    0x1a,0x06,0x01,0x1a,0x07,0x01,0x1a,0x06,0x01,0x1b,0x05,0x01,
    0x1a,0x06,0x00,0x1c,0x06,0x01,0x1c,0x05,0x01,0x1e,0x07,0x01,
    0x1d,0x07,0x02,0x1e,0x07,0x01,0x1e,0x07,0x01,0x20,0x07,0x02,
    0x20,0x07,0x01,0x22,0x09,0x02,0x22,0x09,0x02,0x22,0x0a,0x02,
    0x24,0x0a,0x02,0x26,0x0b,0x02,0x29,0x0d,0x03,0x29,0x0d,0x02,
    0x27,0x0f,0x03,0x26,0x0b,0x02,0x30,0x16,0x0a,0x36,0x20,0x11,
    0x3c,0x23,0x17,0x47,0x35,0x2a,0x2c,0x10,0x00,0x2e,0x13,0x03,
    0x00,0x00,0x00,0x00,0x00,0x00,0x00,0x00,0x00,0x00,0x00,0x00,
    0x00,0x00,0x00,0x00,0x00,0x00,0x00,0x00,0x00,0x00,0x00,0x00,
    0x00,0x00,0x00,0x00,0x00,0x00,0x00,0x00,0x00,0x00,0x00,0x00,
    0x00,0x00,0x00,0x00,0x00,0x00,0x00,0x00,0x00,0x00,0x00,0x00,
    0x00,0x00,0x00,0x00,0x00,0x00,0x00,0x00,0x00,0x00,0x00,0x00,
    0x00,0x00,0x00,0x00,0x00,0x00,0x00,0x00,0x00,0x02,0x01,0x01,
    0x05,0x02,0x01,0x02,0x00,0x00,0x01,0x00,0x00,0x02,0x00,0x00,
    0x16,0x10,0x0f,0x09,0x04,0x04,0x1a,0x15,0x13,0x05,0x04,0x04,
    0x00,0x00,0x00,0x01,0x00,0x01,0x00,0x00,0x00,0x00,0x00,0x00,
    0x00,0x00,0x00,0x00,0x00,0x00,0x00,0x00,0x00,0x01,0x00,0x00,
    0x02,0x00,0x01,0x02,0x00,0x01,0x02,0x00,0x01,0x01,0x00,0x01,
    0x01,0x00,0x00,0x01,0x00,0x01,0x00,0x00,0x00,0x02,0x01,0x00,
    0x02,0x01,0x00,0x04,0x00,0x00,0x04,0x00,0x00,0x05,0x01,0x00,
    0x04,0x00,0x00,0x05,0x00,0x00,0x06,0x00,0x00,0x06,0x00,0x00,
    0x06,0x00,0x00,0x06,0x00,0x00,0x06,0x00,0x00,0x06,0x00,0x00,
    0x06,0x00,0x00,0x06,0x00,0x00,0x06,0x00,0x00,0x08,0x00,0x00,
    0x08,0x00,0x00,0x0a,0x00,0x01,0x09,0x01,0x00,0x0b,0x01,0x00,
    0x0a,0x00,0x00,0x0a,0x00,0x00,0x0b,0x00,0x00,0x0b,0x01,0x00,
    0x0c,0x01,0x01,0x0b,0x01,0x01,0x0b,0x00,0x00,0x0c,0x01,0x01,
    0x0d,0x01,0x01,0x0f,0x01,0x01,0x0f,0x01,0x01,0x13,0x04,0x01,
    0x11,0x04,0x01,0x16,0x08,0x02,0x17,0x07,0x02,0x19,0x0a,0x03,
    0x19,0x09,0x02,0x18,0x08,0x02,0x15,0x04,0x01,0x12,0x02,0x01,
    0x12,0x02,0x01,0x13,0x02,0x00,0x13,0x02,0x01,0x14,0x04,0x01,
    0x14,0x03,0x01,0x13,0x04,0x00,0x16,0x03,0x00,0x1b,0x07,0x02,
    0x20,0x0b,0x02,0x18,0x06,0x01,0x17,0x05,0x01,0x18,0x06,0x01,
    0x19,0x07,0x01,0x1a,0x06,0x01,0x1a,0x06,0x01,0x1b,0x05,0x01,
    0x1a,0x05,0x00,0x1a,0x05,0x01,0x1b,0x05,0x01,0x1d,0x06,0x02,
    0x1e,0x07,0x02,0x1d,0x07,0x01,0x1d,0x07,0x01,0x1e,0x07,0x01,
    0x1f,0x07,0x02,0x1e,0x09,0x01,0x21,0x09,0x02,0x23,0x0a,0x02,
    0x23,0x09,0x02,0x24,0x0a,0x02,0x24,0x0b,0x02,0x26,0x0d,0x02,
    0x27,0x0d,0x02,0x2d,0x13,0x07,0x32,0x1c,0x0d,0x34,0x1b,0x0d,
    0x30,0x15,0x06,0x4f,0x3c,0x30,0x47,0x33,0x25,0x28,0x0b,0x00,
    0x00,0x00,0x00,0x00,0x00,0x00,0x00,0x00,0x00,0x00,0x00,0x00,
    0x00,0x00,0x00,0x00,0x00,0x00,0x00,0x00,0x00,0x00,0x00,0x00,
    0x00,0x00,0x00,0x00,0x00,0x00,0x00,0x00,0x00,0x00,0x00,0x00,
    0x00,0x00,0x00,0x00,0x00,0x00,0x00,0x00,0x00,0x00,0x00,0x00,
    0x00,0x00,0x00,0x00,0x00,0x00,0x00,0x00,0x00,0x00,0x00,0x00,
    0x00,0x00,0x00,0x00,0x00,0x00,0x00,0x00,0x00,0x00,0x00,0x00,
    0x00,0x00,0x00,0x00,0x00,0x00,0x01,0x00,0x00,0x01,0x00,0x00,
    0x00,0x00,0x00,0x01,0x00,0x00,0x12,0x0e,0x0e,0x02,0x01,0x01,
    0x01,0x00,0x00,0x00,0x00,0x00,0x00,0x00,0x00,0x00,0x00,0x00,
    0x01,0x01,0x01,0x01,0x01,0x01,0x01,0x01,0x01,0x01,0x00,0x01,
    0x01,0x00,0x01,0x01,0x00,0x01,0x01,0x00,0x01,0x02,0x00,0x01,
    0x02,0x00,0x01,0x00,0x00,0x00,0x01,0x00,0x00,0x02,0x01,0x00,
    0x02,0x01,0x00,0x04,0x00,0x00,0x06,0x00,0x00,0x05,0x01,0x00,
    0x05,0x01,0x00,0x05,0x00,0x00,0x06,0x00,0x00,0x05,0x00,0x00,
    0x05,0x00,0x00,0x06,0x00,0x00,0x06,0x00,0x00,0x07,0x00,0x00,
    0x06,0x00,0x00,0x06,0x00,0x00,0x06,0x00,0x00,0x08,0x00,0x00,
    0x09,0x00,0x01,0x08,0x00,0x00,0x08,0x00,0x00,0x0a,0x00,0x00,
    0x0b,0x00,0x00,0x0b,0x01,0x00,0x0b,0x00,0x00,0x0b,0x01,0x00,
    0x0b,0x00,0x00,0x0b,0x01,0x00,0x0a,0x00,0x00,0x0d,0x01,0x01,
    0x0e,0x01,0x01,0x0c,0x01,0x00,0x0f,0x02,0x01,0x10,0x01,0x01,
    0x12,0x03,0x01,0x13,0x04,0x00,0x14,0x04,0x01,0x11,0x03,0x01,
    0x12,0x03,0x01,0x13,0x04,0x01,0x12,0x02,0x01,0x13,0x03,0x01,
    0x14,0x03,0x01,0x15,0x02,0x00,0x14,0x02,0x01,0x13,0x03,0x01,
    0x12,0x03,0x01,0x14,0x03,0x01,0x16,0x04,0x00,0x18,0x05,0x01,
    0x19,0x07,0x01,0x18,0x06,0x01,0x17,0x06,0x00,0x19,0x06,0x01,
    0x19,0x06,0x01,0x19,0x06,0x01,0x1a,0x06,0x01,0x1a,0x05,0x01,
    0x1a,0x06,0x01,0x1a,0x05,0x01,0x1a,0x06,0x01,0x1b,0x05,0x01,
    0x1e,0x06,0x02,0x1d,0x06,0x01,0x1e,0x07,0x01,0x1f,0x07,0x01,
    0x1e,0x07,0x02,0x1e,0x08,0x02,0x20,0x08,0x02,0x21,0x08,0x02,
    0x23,0x09,0x02,0x23,0x0a,0x01,0x23,0x0a,0x01,0x25,0x0c,0x02,
    0x28,0x0c,0x02,0x2b,0x11,0x05,0x34,0x1b,0x0b,0x33,0x1a,0x08,
    0x2f,0x14,0x04,0x36,0x1a,0x0c,0x56,0x44,0x39,0x2e,0x13,0x05,
    0x00,0x00,0x00,0x00,0x00,0x00,0x00,0x00,0x00,0x00,0x00,0x00,
    0x00,0x00,0x00,0x00,0x00,0x00,0x00,0x00,0x00,0x00,0x00,0x00,
    0x00,0x00,0x00,0x00,0x00,0x00,0x00,0x00,0x00,0x00,0x00,0x00,
    0x00,0x00,0x00,0x00,0x00,0x00,0x00,0x00,0x00,0x00,0x00,0x00,
    0x00,0x00,0x00,0x00,0x00,0x00,0x00,0x00,0x00,0x00,0x00,0x00,
    0x00,0x00,0x00,0x00,0x00,0x00,0x00,0x00,0x00,0x00,0x00,0x00,
    0x00,0x00,0x00,0x00,0x00,0x00,0x00,0x00,0x00,0x00,0x00,0x00,
    0x01,0x01,0x01,0x04,0x02,0x03,0x0e,0x0c,0x0b,0x00,0x00,0x00,
    0x00,0x00,0x00,0x00,0x00,0x00,0x00,0x00,0x00,0x00,0x00,0x00,
    0x00,0x00,0x00,0x00,0x00,0x00,0x01,0x00,0x00,0x00,0x00,0x00,
    0x00,0x00,0x00,0x00,0x00,0x00,0x00,0x00,0x00,0x01,0x00,0x00,
    0x01,0x00,0x00,0x01,0x01,0x01,0x00,0x00,0x00,0x00,0x00,0x00,
    0x02,0x01,0x00,0x04,0x00,0x00,0x05,0x01,0x00,0x04,0x01,0x00,
    0x04,0x00,0x00,0x04,0x00,0x00,0x04,0x00,0x00,0x04,0x00,0x00,
    0x04,0x00,0x00,0x06,0x00,0x00,0x06,0x00,0x00,0x07,0x00,0x00,
    0x07,0x00,0x00,0x06,0x00,0x00,0x06,0x00,0x00,0x08,0x00,0x00,
    0x09,0x00,0x01,0x08,0x00,0x00,0x08,0x00,0x00,0x09,0x00,0x00,
    0x0a,0x00,0x00,0x0b,0x00,0x00,0x0b,0x00,0x00,0x0a,0x00,0x00,
    0x0a,0x00,0x00,0x09,0x01,0x00,0x0a,0x01,0x00,0x0c,0x01,0x00,
    0x0c,0x01,0x00,0x0c,0x01,0x00,0x0f,0x01,0x01,0x10,0x01,0x01,
    0x10,0x01,0x00,0x11,0x02,0x01,0x11,0x02,0x01,0x10,0x02,0x01,
    0x11,0x02,0x01,0x11,0x01,0x01,0x12,0x02,0x02,0x13,0x03,0x01,
    0x13,0x03,0x01,0x15,0x03,0x01,0x13,0x03,0x01,0x13,0x03,0x01,
    0x13,0x04,0x01,0x13,0x03,0x01,0x14,0x04,0x01,0x17,0x05,0x01,
    0x19,0x07,0x01,0x16,0x05,0x01,0x17,0x05,0x00,0x19,0x05,0x00,
    0x18,0x05,0x01,0x19,0x06,0x01,0x19,0x06,0x00,0x19,0x05,0x01,
    0x1a,0x06,0x01,0x1b,0x06,0x01,0x1a,0x05,0x00,0x1c,0x06,0x01,
    0x1b,0x05,0x01,0x1c,0x05,0x01,0x1e,0x06,0x02,0x1f,0x07,0x02,
    0x1e,0x07,0x02,0x1f,0x08,0x02,0x20,0x08,0x02,0x20,0x08,0x02,
    0x21,0x09,0x02,0x21,0x09,0x02,0x23,0x09,0x02,0x24,0x0a,0x02,
    0x24,0x0b,0x02,0x26,0x0e,0x02,0x2e,0x15,0x06,0x31,0x17,0x06,
    0x2f,0x14,0x03,0x37,0x1e,0x0e,0x4c,0x39,0x2c,0x36,0x1c,0x0f,
    0x00,0x00,0x00,0x00,0x00,0x00,0x00,0x00,0x00,0x00,0x00,0x00,
    0x00,0x00,0x00,0x00,0x00,0x00,0x00,0x00,0x00,0x00,0x00,0x00,
    0x00,0x00,0x00,0x00,0x00,0x00,0x00,0x00,0x00,0x00,0x00,0x00,
    0x00,0x00,0x00,0x00,0x00,0x00,0x00,0x00,0x00,0x00,0x00,0x00,
    0x00,0x00,0x00,0x00,0x00,0x00,0x00,0x00,0x00,0x00,0x00,0x00,
    0x00,0x00,0x00,0x00,0x00,0x00,0x00,0x00,0x00,0x00,0x00,0x00,
    0x00,0x00,0x00,0x00,0x00,0x00,0x00,0x00,0x00,0x01,0x00,0x00,
    0x01,0x00,0x00,0x01,0x00,0x00,0x00,0x00,0x00,0x00,0x00,0x00,
    0x00,0x00,0x00,0x00,0x00,0x00,0x00,0x00,0x00,0x00,0x00,0x00,
    0x00,0x00,0x00,0x00,0x00,0x00,0x00,0x00,0x00,0x00,0x00,0x00,
    0x00,0x00,0x00,0x00,0x00,0x00,0x00,0x00,0x00,0x01,0x01,0x01,
    0x01,0x01,0x01,0x01,0x01,0x01,0x00,0x00,0x00,0x00,0x00,0x00,
    0x00,0x00,0x00,0x03,0x00,0x00,0x03,0x00,0x00,0x03,0x00,0x00,
    0x04,0x00,0x00,0x04,0x00,0x00,0x04,0x00,0x00,0x04,0x00,0x00,
    0x04,0x00,0x00,0x06,0x00,0x00,0x06,0x00,0x00,0x06,0x00,0x00,
    0x06,0x00,0x00,0x06,0x00,0x00,0x06,0x00,0x00,0x07,0x00,0x00,
    0x09,0x00,0x01,0x07,0x00,0x00,0x07,0x00,0x00,0x09,0x00,0x00,
    0x0a,0x00,0x00,0x0c,0x00,0x00,0x0b,0x00,0x00,0x0a,0x00,0x00,
    0x0b,0x00,0x00,0x09,0x00,0x00,0x09,0x01,0x00,0x0c,0x01,0x00,
    0x0c,0x00,0x00,0x0d,0x01,0x00,0x10,0x01,0x00,0x10,0x01,0x00,
    0x0f,0x01,0x00,0x0e,0x01,0x00,0x10,0x01,0x01,0x10,0x01,0x01,
    0x0f,0x01,0x01,0x12,0x02,0x01,0x12,0x02,0x01,0x12,0x03,0x01,
    0x13,0x03,0x01,0x15,0x02,0x00,0x14,0x03,0x01,0x13,0x03,0x00,
    0x13,0x03,0x00,0x14,0x03,0x01,0x13,0x03,0x01,0x16,0x03,0x01,
    0x15,0x04,0x00,0x15,0x04,0x00,0x18,0x05,0x01,0x18,0x05,0x00,
    0x19,0x05,0x01,0x18,0x06,0x01,0x18,0x06,0x01,0x1a,0x06,0x01,
    0x1a,0x06,0x01,0x1a,0x06,0x01,0x1b,0x06,0x01,0x1a,0x05,0x00,
    0x1a,0x05,0x01,0x1c,0x06,0x01,0x1c,0x06,0x01,0x1e,0x07,0x02,
    0x1e,0x07,0x01,0x1e,0x07,0x02,0x1f,0x07,0x02,0x20,0x08,0x02,
    0x20,0x09,0x02,0x20,0x09,0x01,0x20,0x08,0x02,0x23,0x09,0x02,
    0x22,0x09,0x02,0x24,0x0b,0x02,0x27,0x0d,0x02,0x2c,0x12,0x05,
    0x31,0x17,0x06,0x2f,0x15,0x07,0x34,0x1d,0x0f,0x2d,0x12,0x07,
    0x00,0x00,0x00,0x00,0x00,0x00,0x00,0x00,0x00,0x00,0x00,0x00,
    0x00,0x00,0x00,0x00,0x00,0x00,0x00,0x00,0x00,0x00,0x00,0x00,
    0x00,0x00,0x00,0x00,0x00,0x00,0x00,0x00,0x00,0x00,0x00,0x00,
    0x00,0x00,0x00,0x00,0x00,0x00,0x00,0x00,0x00,0x00,0x00,0x00,
    0x00,0x00,0x00,0x00,0x00,0x00,0x00,0x00,0x00,0x00,0x00,0x00,
    0x00,0x00,0x00,0x00,0x00,0x00,0x00,0x00,0x00,0x00,0x00,0x00,
    0x00,0x00,0x00,0x00,0x00,0x00,0x00,0x00,0x00,0x00,0x00,0x00,
    0x00,0x00,0x00,0x00,0x00,0x00,0x00,0x00,0x00,0x00,0x00,0x00,
    0x00,0x00,0x00,0x00,0x00,0x00,0x00,0x00,0x00,0x00,0x00,0x00,
    0x00,0x00,0x00,0x00,0x00,0x00,0x00,0x00,0x00,0x00,0x00,0x00,
    0x00,0x00,0x00,0x00,0x00,0x00,0x00,0x00,0x00,0x00,0x00,0x01,
    0x00,0x00,0x00,0x00,0x00,0x00,0x00,0x00,0x00,0x01,0x01,0x01,
    0x01,0x01,0x01,0x03,0x00,0x00,0x04,0x00,0x00,0x04,0x00,0x00,
    0x05,0x01,0x00,0x05,0x01,0x00,0x05,0x01,0x00,0x04,0x00,0x00,
    0x04,0x00,0x00,0x05,0x00,0x00,0x06,0x00,0x00,0x07,0x00,0x00,
    0x06,0x00,0x00,0x07,0x00,0x00,0x06,0x00,0x00,0x06,0x00,0x00,
    0x07,0x00,0x00,0x07,0x00,0x00,0x08,0x00,0x01,0x09,0x00,0x01,
    0x0a,0x00,0x00,0x0b,0x01,0x00,0x0a,0x01,0x00,0x0a,0x00,0x00,
    0x0b,0x00,0x00,0x0b,0x00,0x00,0x0a,0x00,0x00,0x0c,0x00,0x00,
    0x0d,0x01,0x01,0x0c,0x01,0x00,0x0f,0x01,0x00,0x0f,0x01,0x00,
    0x10,0x01,0x01,0x10,0x01,0x00,0x10,0x01,0x00,0x10,0x01,0x00,
    0x10,0x01,0x00,0x11,0x02,0x01,0x13,0x02,0x01,0x11,0x03,0x01,
    0x12,0x02,0x01,0x15,0x02,0x00,0x14,0x03,0x01,0x12,0x03,0x01,
    0x13,0x03,0x01,0x14,0x03,0x01,0x12,0x03,0x01,0x15,0x03,0x01,
    0x15,0x04,0x00,0x15,0x05,0x01,0x17,0x04,0x01,0x17,0x05,0x01,
    0x17,0x05,0x00,0x17,0x05,0x01,0x17,0x05,0x01,0x18,0x05,0x00,
    0x19,0x05,0x00,0x19,0x05,0x01,0x1a,0x05,0x01,0x1a,0x05,0x01,
    0x1b,0x05,0x01,0x1c,0x06,0x01,0x1d,0x06,0x01,0x1c,0x06,0x01,
    0x1d,0x06,0x01,0x1d,0x07,0x01,0x1e,0x08,0x02,0x1f,0x08,0x01,
    0x1f,0x08,0x02,0x1f,0x08,0x01,0x20,0x08,0x02,0x22,0x08,0x02,
    0x23,0x08,0x02,0x24,0x0a,0x02,0x25,0x0b,0x01,0x26,0x0a,0x01,
    0x27,0x0d,0x02,0x27,0x0c,0x02,0x26,0x0c,0x00,0x28,0x0c,0x02,
    0x00,0x00,0x00,0x00,0x00,0x00,0x00,0x00,0x00,0x00,0x00,0x00,
    0x00,0x00,0x00,0x00,0x00,0x00,0x00,0x00,0x00,0x00,0x00,0x00,
    0x00,0x00,0x00,0x00,0x00,0x00,0x00,0x00,0x00,0x00,0x00,0x00,
    0x00,0x00,0x00,0x00,0x00,0x00,0x00,0x00,0x00,0x00,0x00,0x00,
    0x00,0x00,0x00,0x00,0x00,0x00,0x00,0x00,0x00,0x00,0x00,0x00,
    0x00,0x00,0x00,0x00,0x00,0x00,0x00,0x00,0x00,0x00,0x00,0x00,
    0x00,0x00,0x00,0x00,0x00,0x00,0x00,0x00,0x00,0x00,0x00,0x00,
    0x00,0x00,0x00,0x00,0x00,0x00,0x00,0x00,0x00,0x00,0x00,0x00,
    0x00,0x00,0x00,0x00,0x00,0x00,0x00,0x00,0x00,0x00,0x00,0x00,
    0x00,0x00,0x00,0x00,0x00,0x00,0x00,0x00,0x00,0x00,0x00,0x00,
    0x00,0x00,0x00,0x01,0x00,0x01,0x01,0x00,0x00,0x00,0x00,0x00,
    0x01,0x00,0x00,0x00,0x00,0x00,0x00,0x00,0x00,0x01,0x00,0x01,
    0x01,0x00,0x00,0x01,0x01,0x00,0x04,0x00,0x00,0x04,0x00,0x00,
    0x05,0x01,0x00,0x05,0x01,0x00,0x05,0x01,0x00,0x04,0x00,0x00,
    0x04,0x00,0x00,0x05,0x00,0x00,0x05,0x00,0x00,0x07,0x00,0x00,
    0x07,0x00,0x00,0x06,0x00,0x00,0x06,0x00,0x00,0x06,0x00,0x00,
    0x07,0x00,0x00,0x07,0x00,0x00,0x08,0x00,0x00,0x09,0x00,0x00,
    0x0a,0x00,0x00,0x0a,0x01,0x00,0x09,0x01,0x00,0x0a,0x00,0x00,
    0x0a,0x00,0x00,0x0b,0x01,0x00,0x0b,0x01,0x00,0x0b,0x00,0x00,
    0x0c,0x01,0x00,0x0c,0x01,0x00,0x0d,0x01,0x00,0x0f,0x00,0x00,
    0x11,0x01,0x00,0x10,0x01,0x00,0x10,0x01,0x00,0x0f,0x01,0x00,
    0x10,0x01,0x00,0x11,0x01,0x01,0x11,0x02,0x01,0x12,0x02,0x00,
    0x12,0x02,0x00,0x13,0x02,0x00,0x14,0x02,0x01,0x13,0x03,0x01,
    0x13,0x03,0x01,0x14,0x03,0x01,0x13,0x03,0x00,0x13,0x03,0x00,
    0x16,0x04,0x00,0x16,0x05,0x00,0x16,0x04,0x00,0x16,0x04,0x01,
    0x16,0x04,0x00,0x18,0x05,0x01,0x17,0x05,0x01,0x18,0x05,0x01,
    0x19,0x06,0x01,0x19,0x05,0x00,0x1a,0x06,0x01,0x1b,0x06,0x01,
    0x1a,0x06,0x01,0x1c,0x06,0x01,0x1d,0x05,0x01,0x1d,0x06,0x01,
    0x1d,0x05,0x01,0x1d,0x06,0x01,0x1e,0x08,0x01,0x1e,0x07,0x02,
    0x1f,0x07,0x01,0x20,0x08,0x01,0x1f,0x08,0x01,0x21,0x08,0x01,
    0x21,0x09,0x02,0x22,0x09,0x01,0x23,0x0a,0x02,0x24,0x09,0x02,
    0x25,0x09,0x02,0x27,0x0c,0x02,0x27,0x0c,0x02,0x28,0x0d,0x02,
    0x00,0x00,0x00,0x00,0x00,0x00,0x00,0x00,0x00,0x00,0x00,0x00,
    0x00,0x00,0x00,0x00,0x00,0x00,0x00,0x00,0x00,0x00,0x00,0x00,
    0x00,0x00,0x00,0x00,0x00,0x00,0x00,0x00,0x00,0x00,0x00,0x00,
    0x00,0x00,0x00,0x00,0x00,0x00,0x00,0x00,0x00,0x00,0x00,0x00,
    0x00,0x00,0x00,0x00,0x00,0x00,0x00,0x00,0x00,0x00,0x00,0x00,
    0x00,0x00,0x00,0x00,0x00,0x00,0x00,0x00,0x00,0x00,0x00,0x00,
    0x00,0x00,0x00,0x00,0x00,0x00,0x00,0x00,0x00,0x00,0x00,0x00,
    0x00,0x00,0x00,0x00,0x00,0x00,0x00,0x00,0x00,0x00,0x00,0x00,
    0x00,0x00,0x00,0x00,0x00,0x00,0x00,0x00,0x00,0x00,0x00,0x00,
    0x00,0x00,0x00,0x00,0x00,0x00,0x00,0x00,0x00,0x00,0x00,0x00,
    0x00,0x00,0x00,0x01,0x00,0x00,0x02,0x00,0x01,0x02,0x00,0x01,
    0x02,0x00,0x01,0x00,0x00,0x00,0x00,0x00,0x00,0x01,0x00,0x00,
    0x01,0x00,0x00,0x01,0x01,0x01,0x02,0x01,0x00,0x03,0x01,0x00,
    0x04,0x00,0x00,0x05,0x01,0x00,0x05,0x01,0x00,0x04,0x00,0x00,
    0x04,0x00,0x00,0x05,0x00,0x00,0x05,0x00,0x00,0x08,0x00,0x00,
    0x07,0x00,0x00,0x06,0x00,0x00,0x06,0x00,0x00,0x06,0x00,0x00,
    0x06,0x00,0x00,0x06,0x00,0x00,0x09,0x00,0x00,0x09,0x00,0x00,
    0x0a,0x01,0x00,0x0a,0x01,0x00,0x0a,0x00,0x00,0x0a,0x00,0x00,
    0x0b,0x00,0x00,0x0b,0x00,0x00,0x0b,0x01,0x00,0x0a,0x01,0x00,
    0x0b,0x01,0x00,0x0c,0x00,0x00,0x0c,0x00,0x00,0x0d,0x01,0x00,
    0x0e,0x01,0x00,0x10,0x01,0x01,0x10,0x01,0x00,0x0f,0x01,0x00,
    0x0e,0x01,0x00,0x0f,0x00,0x00,0x0f,0x01,0x00,0x11,0x02,0x01,
    0x11,0x02,0x00,0x11,0x02,0x00,0x13,0x03,0x01,0x14,0x03,0x01,
    0x12,0x03,0x01,0x14,0x03,0x01,0x13,0x03,0x00,0x13,0x03,0x00,
    0x15,0x04,0x01,0x15,0x04,0x00,0x15,0x03,0x01,0x15,0x03,0x01,
    0x15,0x03,0x00,0x18,0x04,0x01,0x17,0x04,0x01,0x18,0x05,0x01,
    0x17,0x05,0x01,0x19,0x05,0x00,0x18,0x06,0x00,0x1b,0x05,0x01,
    0x1a,0x06,0x01,0x1d,0x05,0x01,0x1c,0x04,0x01,0x1c,0x05,0x00,
    0x1d,0x05,0x01,0x1d,0x06,0x01,0x1d,0x06,0x01,0x1d,0x07,0x01,
    0x1f,0x08,0x01,0x1f,0x08,0x01,0x1f,0x08,0x01,0x20,0x07,0x01,
    0x20,0x08,0x01,0x20,0x09,0x01,0x22,0x08,0x02,0x24,0x09,0x03,
    0x25,0x08,0x02,0x27,0x0c,0x02,0x27,0x0d,0x01,0x25,0x0e,0x01,
    0x00,0x00,0x00,0x00,0x00,0x00,0x00,0x00,0x00,0x00,0x00,0x00,
    0x00,0x00,0x00,0x00,0x00,0x00,0x00,0x00,0x00,0x00,0x00,0x00,
    0x00,0x00,0x00,0x00,0x00,0x00,0x00,0x00,0x00,0x00,0x00,0x00,
    0x00,0x00,0x00,0x00,0x00,0x00,0x00,0x00,0x00,0x00,0x00,0x00,
    0x00,0x00,0x00,0x00,0x00,0x00,0x00,0x00,0x00,0x00,0x00,0x00,
    0x00,0x00,0x00,0x00,0x00,0x00,0x00,0x00,0x00,0x00,0x00,0x00,
    0x00,0x00,0x00,0x00,0x00,0x00,0x00,0x00,0x00,0x00,0x00,0x00,
    0x00,0x00,0x00,0x00,0x00,0x00,0x00,0x00,0x00,0x00,0x00,0x00,
    0x00,0x00,0x00,0x00,0x00,0x00,0x00,0x00,0x00,0x00,0x00,0x00,
    0x00,0x00,0x00,0x00,0x00,0x00,0x00,0x00,0x00,0x00,0x00,0x00,
    0x01,0x00,0x00,0x01,0x01,0x01,0x01,0x00,0x00,0x01,0x00,0x01,
    0x00,0x00,0x00,0x00,0x00,0x00,0x00,0x00,0x00,0x00,0x00,0x00,
    0x01,0x00,0x00,0x00,0x00,0x00,0x02,0x00,0x00,0x03,0x00,0x00,
    0x05,0x00,0x00,0x04,0x00,0x00,0x05,0x00,0x00,0x05,0x01,0x00,
    0x04,0x00,0x00,0x05,0x00,0x00,0x06,0x00,0x00,0x06,0x00,0x00,
    0x06,0x00,0x00,0x06,0x00,0x00,0x06,0x00,0x00,0x06,0x00,0x00,
    0x06,0x00,0x00,0x07,0x00,0x00,0x09,0x00,0x01,0x06,0x00,0x00,
    0x05,0x00,0x00,0x09,0x00,0x00,0x0a,0x00,0x00,0x0a,0x00,0x00,
    0x0c,0x00,0x00,0x0b,0x00,0x00,0x0c,0x00,0x00,0x0b,0x01,0x00,
    0x0b,0x01,0x00,0x0c,0x00,0x00,0x0c,0x01,0x00,0x0b,0x01,0x00,
    0x0c,0x00,0x00,0x0f,0x01,0x01,0x0f,0x01,0x00,0x0f,0x01,0x00,
    0x0f,0x01,0x00,0x0f,0x00,0x00,0x10,0x00,0x00,0x10,0x00,0x00,
    0x11,0x02,0x01,0x11,0x02,0x00,0x12,0x02,0x00,0x12,0x03,0x00,
    0x12,0x03,0x00,0x12,0x03,0x01,0x12,0x03,0x00,0x13,0x04,0x01,
    0x14,0x04,0x00,0x13,0x04,0x00,0x14,0x03,0x00,0x15,0x04,0x01,
    0x15,0x04,0x01,0x16,0x04,0x00,0x18,0x04,0x01,0x16,0x05,0x01,
    0x17,0x05,0x01,0x19,0x05,0x01,0x1a,0x06,0x01,0x19,0x06,0x00,
    0x1b,0x05,0x00,0x1c,0x06,0x01,0x1c,0x04,0x01,0x1b,0x06,0x00,
    0x1d,0x06,0x01,0x1c,0x05,0x01,0x1c,0x06,0x01,0x1d,0x07,0x01,
    0x1d,0x06,0x01,0x1f,0x08,0x01,0x1f,0x08,0x01,0x20,0x07,0x01,
    0x20,0x09,0x01,0x20,0x09,0x01,0x21,0x09,0x01,0x23,0x08,0x02,
    0x25,0x08,0x01,0x25,0x0a,0x01,0x26,0x0d,0x01,0x26,0x0c,0x01,
    0x00,0x00,0x00,0x00,0x00,0x00,0x00,0x00,0x00,0x00,0x00,0x00,
    0x00,0x00,0x00,0x00,0x00,0x00,0x00,0x00,0x00,0x00,0x00,0x00,
    0x00,0x00,0x00,0x00,0x00,0x00,0x00,0x00,0x00,0x00,0x00,0x00,
    0x00,0x00,0x00,0x00,0x00,0x00,0x00,0x00,0x00,0x00,0x00,0x00,
    0x00,0x00,0x00,0x00,0x00,0x00,0x00,0x00,0x00,0x00,0x00,0x00,
    0x00,0x00,0x00,0x00,0x00,0x00,0x00,0x00,0x00,0x00,0x00,0x00,
    0x00,0x00,0x00,0x00,0x00,0x00,0x00,0x00,0x00,0x00,0x00,0x00,
    0x00,0x00,0x00,0x00,0x00,0x00,0x00,0x00,0x00,0x00,0x00,0x00,
    0x00,0x00,0x00,0x00,0x00,0x00,0x00,0x00,0x00,0x00,0x00,0x00,
    0x00,0x00,0x00,0x00,0x00,0x00,0x00,0x00,0x00,0x00,0x00,0x00,
    0x00,0x00,0x00,0x00,0x00,0x00,0x00,0x00,0x00,0x00,0x00,0x00,
    0x04,0x03,0x03,0x09,0x07,0x05,0x08,0x06,0x05,0x00,0x00,0x00,
    0x00,0x00,0x00,0x00,0x00,0x00,0x01,0x00,0x00,0x02,0x00,0x00,
    0x02,0x00,0x00,0x06,0x01,0x01,0x08,0x03,0x02,0x01,0x00,0x00,
    0x04,0x00,0x00,0x04,0x00,0x00,0x06,0x00,0x00,0x06,0x00,0x00,
    0x06,0x00,0x00,0x07,0x00,0x00,0x06,0x00,0x00,0x06,0x00,0x00,
    0x06,0x00,0x00,0x06,0x00,0x00,0x08,0x00,0x00,0x10,0x06,0x04,
    0x13,0x0d,0x0b,0x06,0x00,0x00,0x0a,0x00,0x00,0x0a,0x00,0x00,
    0x0c,0x00,0x00,0x0b,0x00,0x00,0x0b,0x00,0x00,0x0a,0x00,0x00,
    0x0a,0x01,0x00,0x0b,0x01,0x00,0x0c,0x01,0x00,0x0c,0x01,0x00,
    0x0d,0x01,0x01,0x0f,0x01,0x00,0x0f,0x01,0x00,0x0f,0x01,0x00,
    0x10,0x01,0x00,0x10,0x01,0x00,0x0f,0x01,0x00,0x10,0x00,0x00,
    0x11,0x01,0x01,0x10,0x02,0x01,0x11,0x03,0x00,0x11,0x02,0x00,
    0x11,0x02,0x00,0x11,0x02,0x00,0x13,0x02,0x00,0x13,0x04,0x01,
    0x13,0x03,0x01,0x13,0x03,0x01,0x13,0x03,0x01,0x15,0x04,0x01,
    0x14,0x04,0x01,0x16,0x04,0x01,0x18,0x05,0x00,0x16,0x05,0x00,
    0x17,0x05,0x00,0x18,0x06,0x00,0x19,0x06,0x01,0x1a,0x07,0x01,
    0x19,0x06,0x01,0x1b,0x06,0x01,0x1b,0x06,0x00,0x1b,0x06,0x01,
    0x1b,0x04,0x01,0x1c,0x05,0x00,0x1d,0x07,0x00,0x1d,0x07,0x01,
    0x1d,0x07,0x01,0x1c,0x08,0x01,0x1f,0x07,0x01,0x20,0x08,0x01,
    0x1f,0x09,0x01,0x21,0x07,0x02,0x22,0x08,0x02,0x24,0x09,0x01,
    0x25,0x09,0x01,0x25,0x09,0x01,0x27,0x0b,0x01,0x26,0x0b,0x01,
    0x00,0x00,0x00,0x00,0x00,0x00,0x00,0x00,0x00,0x00,0x00,0x00,
    0x00,0x00,0x00,0x00,0x00,0x00,0x00,0x00,0x00,0x00,0x00,0x00,
    0x00,0x00,0x00,0x00,0x00,0x00,0x00,0x00,0x00,0x00,0x00,0x00,
    0x00,0x00,0x00,0x00,0x00,0x00,0x00,0x00,0x00,0x00,0x00,0x00,
    0x00,0x00,0x00,0x00,0x00,0x00,0x00,0x00,0x00,0x00,0x00,0x00,
    0x00,0x00,0x00,0x00,0x00,0x00,0x00,0x00,0x00,0x00,0x00,0x00,
    0x00,0x00,0x00,0x00,0x00,0x00,0x00,0x00,0x00,0x00,0x00,0x00,
    0x00,0x00,0x00,0x00,0x00,0x00,0x00,0x00,0x00,0x00,0x00,0x00,
    0x00,0x00,0x00,0x00,0x00,0x00,0x00,0x00,0x00,0x00,0x00,0x00,
    0x00,0x00,0x00,0x00,0x00,0x00,0x00,0x00,0x00,0x00,0x00,0x00,
    0x00,0x00,0x00,0x00,0x00,0x00,0x00,0x00,0x00,0x02,0x01,0x01,
    0x13,0x0c,0x08,0x19,0x10,0x0c,0x14,0x0e,0x0a,0x05,0x03,0x03,
    0x00,0x00,0x00,0x00,0x00,0x00,0x00,0x00,0x00,0x01,0x00,0x00,
    0x01,0x00,0x01,0x05,0x01,0x01,0x11,0x09,0x09,0x1f,0x18,0x18,
    0x03,0x00,0x01,0x05,0x01,0x00,0x04,0x00,0x00,0x04,0x00,0x00,
    0x05,0x01,0x00,0x05,0x00,0x00,0x06,0x00,0x00,0x06,0x00,0x00,
    0x07,0x00,0x00,0x06,0x00,0x00,0x0b,0x02,0x01,0x10,0x06,0x03,
    0x2a,0x21,0x1c,0x12,0x0b,0x0a,0x05,0x00,0x00,0x09,0x01,0x01,
    0x0b,0x01,0x00,0x0b,0x01,0x00,0x0a,0x00,0x00,0x0a,0x00,0x00,
    0x0a,0x00,0x00,0x09,0x00,0x00,0x0b,0x01,0x00,0x0c,0x01,0x00,
    0x0c,0x01,0x00,0x0e,0x00,0x00,0x0e,0x00,0x00,0x0f,0x01,0x01,
    0x10,0x01,0x00,0x10,0x01,0x00,0x0f,0x01,0x00,0x10,0x01,0x01,
    0x11,0x01,0x01,0x11,0x02,0x00,0x12,0x02,0x01,0x11,0x01,0x01,
    0x11,0x02,0x01,0x12,0x02,0x01,0x14,0x03,0x01,0x14,0x03,0x01,
    0x14,0x03,0x01,0x14,0x04,0x01,0x15,0x03,0x01,0x14,0x04,0x01,
    0x14,0x04,0x00,0x16,0x04,0x00,0x17,0x04,0x00,0x19,0x05,0x00,
    0x16,0x05,0x00,0x18,0x05,0x01,0x19,0x06,0x01,0x1a,0x07,0x01,
    0x1a,0x06,0x01,0x19,0x05,0x00,0x19,0x05,0x00,0x1a,0x05,0x01,
    0x1c,0x05,0x01,0x1d,0x06,0x01,0x1c,0x07,0x00,0x1c,0x06,0x01,
    0x1d,0x07,0x01,0x1c,0x07,0x01,0x1e,0x07,0x01,0x1f,0x08,0x01,
    0x1e,0x08,0x01,0x20,0x08,0x00,0x23,0x07,0x02,0x24,0x07,0x01,
    0x24,0x09,0x01,0x24,0x0a,0x01,0x23,0x09,0x01,0x25,0x0a,0x01,
    0x00,0x00,0x00,0x00,0x00,0x00,0x00,0x00,0x00,0x00,0x00,0x00,
    0x00,0x00,0x00,0x00,0x00,0x00,0x00,0x00,0x00,0x00,0x00,0x00,
    0x00,0x00,0x00,0x00,0x00,0x00,0x00,0x00,0x00,0x00,0x00,0x00,
    0x00,0x00,0x00,0x00,0x00,0x00,0x00,0x00,0x00,0x00,0x00,0x00,
    0x00,0x00,0x00,0x00,0x00,0x00,0x00,0x00,0x00,0x00,0x00,0x00,
    0x00,0x00,0x00,0x00,0x00,0x00,0x00,0x00,0x00,0x00,0x00,0x00,
    0x00,0x00,0x00,0x00,0x00,0x00,0x00,0x00,0x00,0x00,0x00,0x00,
    0x00,0x00,0x00,0x00,0x00,0x00,0x00,0x00,0x00,0x00,0x00,0x00,
    0x00,0x00,0x00,0x00,0x00,0x00,0x00,0x00,0x00,0x00,0x00,0x00,
    0x00,0x00,0x00,0x00,0x00,0x00,0x00,0x00,0x00,0x00,0x00,0x00,
    0x00,0x00,0x00,0x00,0x00,0x00,0x00,0x00,0x00,0x02,0x01,0x01,
    0x0b,0x05,0x02,0x08,0x02,0x00,0x02,0x00,0x00,0x01,0x00,0x00,
    0x00,0x00,0x00,0x01,0x00,0x00,0x01,0x01,0x01,0x01,0x00,0x00,
    0x03,0x00,0x00,0x04,0x01,0x00,0x04,0x00,0x00,0x0e,0x08,0x06,
    0x04,0x00,0x00,0x04,0x00,0x00,0x05,0x00,0x00,0x05,0x00,0x00,
    0x06,0x00,0x00,0x06,0x00,0x00,0x06,0x00,0x00,0x06,0x00,0x00,
    0x08,0x00,0x00,0x05,0x00,0x00,0x0a,0x02,0x01,0x0f,0x04,0x01,
    0x1a,0x0d,0x09,0x18,0x0f,0x0d,0x04,0x00,0x00,0x0a,0x01,0x01,
    0x0c,0x00,0x00,0x0b,0x00,0x00,0x0b,0x01,0x00,0x0a,0x01,0x00,
    0x0b,0x01,0x00,0x0a,0x01,0x00,0x0b,0x01,0x00,0x0c,0x01,0x00,
    0x0c,0x00,0x00,0x0e,0x01,0x00,0x0e,0x01,0x00,0x0f,0x01,0x00,
    0x10,0x01,0x00,0x10,0x01,0x00,0x0f,0x01,0x00,0x11,0x01,0x01,
    0x10,0x01,0x01,0x11,0x02,0x00,0x12,0x02,0x01,0x11,0x01,0x02,
    0x12,0x02,0x01,0x15,0x03,0x01,0x14,0x03,0x00,0x15,0x02,0x01,
    0x14,0x03,0x01,0x13,0x03,0x01,0x14,0x03,0x01,0x14,0x04,0x01,
    0x14,0x04,0x00,0x15,0x04,0x00,0x16,0x04,0x00,0x18,0x06,0x00,
    0x18,0x06,0x00,0x18,0x06,0x00,0x19,0x05,0x00,0x19,0x06,0x00,
    0x18,0x06,0x00,0x1a,0x06,0x00,0x1a,0x05,0x00,0x1a,0x05,0x01,
    0x1d,0x05,0x01,0x1b,0x06,0x01,0x1b,0x06,0x01,0x1d,0x07,0x01,
    0x1e,0x07,0x01,0x1d,0x07,0x01,0x1c,0x07,0x01,0x1e,0x07,0x01,
    0x1e,0x07,0x01,0x1e,0x08,0x01,0x20,0x07,0x01,0x21,0x08,0x01,
    0x22,0x08,0x01,0x24,0x09,0x01,0x23,0x08,0x01,0x24,0x09,0x01,
    0x00,0x00,0x00,0x00,0x00,0x00,0x00,0x00,0x00,0x00,0x00,0x00,
    0x00,0x00,0x00,0x00,0x00,0x00,0x00,0x00,0x00,0x00,0x00,0x00,
    0x00,0x00,0x00,0x00,0x00,0x00,0x00,0x00,0x00,0x00,0x00,0x00,
    0x00,0x00,0x00,0x00,0x00,0x00,0x00,0x00,0x00,0x00,0x00,0x00,
    0x00,0x00,0x00,0x00,0x00,0x00,0x00,0x00,0x00,0x00,0x00,0x00,
    0x00,0x00,0x00,0x00,0x00,0x00,0x00,0x00,0x00,0x00,0x00,0x00,
    0x00,0x00,0x00,0x00,0x00,0x00,0x00,0x00,0x00,0x00,0x00,0x00,
    0x00,0x00,0x00,0x00,0x00,0x00,0x00,0x00,0x00,0x00,0x00,0x00,
    0x00,0x00,0x00,0x00,0x00,0x00,0x00,0x00,0x00,0x00,0x00,0x00,
    0x00,0x00,0x00,0x00,0x00,0x00,0x00,0x00,0x00,0x00,0x00,0x00,
    0x00,0x00,0x00,0x00,0x00,0x00,0x00,0x00,0x00,0x01,0x01,0x01,
    0x00,0x00,0x00,0x00,0x00,0x00,0x00,0x00,0x00,0x00,0x00,0x00,
    0x01,0x00,0x00,0x00,0x00,0x00,0x00,0x00,0x00,0x00,0x00,0x00,
    0x00,0x00,0x00,0x03,0x01,0x00,0x05,0x01,0x00,0x02,0x00,0x00,
    0x04,0x00,0x00,0x04,0x00,0x00,0x05,0x00,0x00,0x07,0x00,0x00,
    0x06,0x00,0x00,0x06,0x00,0x00,0x06,0x00,0x00,0x06,0x00,0x00,
    0x07,0x00,0x00,0x06,0x00,0x00,0x08,0x00,0x00,0x0e,0x03,0x02,
    0x0f,0x04,0x02,0x08,0x00,0x00,0x08,0x00,0x00,0x09,0x00,0x01,
    0x09,0x00,0x01,0x09,0x00,0x00,0x0a,0x00,0x00,0x0a,0x00,0x00,
    0x0a,0x00,0x00,0x0a,0x01,0x00,0x0a,0x01,0x00,0x0c,0x01,0x00,
    0x0d,0x01,0x01,0x0c,0x00,0x00,0x0c,0x01,0x01,0x0b,0x01,0x00,
    0x0c,0x02,0x00,0x0f,0x01,0x00,0x11,0x01,0x01,0x0f,0x01,0x00,
    0x0f,0x00,0x00,0x11,0x02,0x01,0x12,0x02,0x01,0x12,0x03,0x00,
    0x12,0x02,0x00,0x12,0x03,0x01,0x13,0x03,0x01,0x14,0x03,0x01,
    0x13,0x03,0x00,0x12,0x03,0x00,0x12,0x03,0x00,0x15,0x04,0x00,
    0x14,0x04,0x00,0x14,0x04,0x00,0x16,0x04,0x00,0x18,0x05,0x00,
    0x17,0x06,0x00,0x18,0x05,0x00,0x18,0x06,0x00,0x18,0x06,0x00,
    0x1a,0x06,0x01,0x19,0x06,0x00,0x19,0x06,0x01,0x1a,0x05,0x00,
    0x1b,0x05,0x01,0x1a,0x05,0x00,0x1c,0x06,0x01,0x1c,0x06,0x01,
    0x1d,0x06,0x01,0x1d,0x06,0x01,0x1d,0x06,0x01,0x1e,0x07,0x01,
    0x1e,0x07,0x01,0x1e,0x07,0x01,0x1f,0x08,0x02,0x20,0x07,0x01,
    0x21,0x08,0x01,0x22,0x07,0x00,0x23,0x08,0x01,0x23,0x08,0x01,
    0x00,0x00,0x00,0x00,0x00,0x00,0x00,0x00,0x00,0x00,0x00,0x00,
    0x00,0x00,0x00,0x00,0x00,0x00,0x00,0x00,0x00,0x00,0x00,0x00,
    0x00,0x00,0x00,0x00,0x00,0x00,0x00,0x00,0x00,0x00,0x00,0x00,
    0x00,0x00,0x00,0x00,0x00,0x00,0x00,0x00,0x00,0x00,0x00,0x00,
    0x00,0x00,0x00,0x00,0x00,0x00,0x00,0x00,0x00,0x00,0x00,0x00,
    0x00,0x00,0x00,0x00,0x00,0x00,0x00,0x00,0x00,0x00,0x00,0x00,
    0x00,0x00,0x00,0x00,0x00,0x00,0x00,0x00,0x00,0x00,0x00,0x00,
    0x00,0x00,0x00,0x00,0x00,0x00,0x00,0x00,0x00,0x00,0x00,0x00,
    0x00,0x00,0x00,0x00,0x00,0x00,0x00,0x00,0x00,0x00,0x00,0x00,
    0x00,0x00,0x00,0x00,0x00,0x00,0x00,0x00,0x00,0x00,0x00,0x00,
    0x00,0x00,0x00,0x00,0x00,0x00,0x00,0x00,0x00,0x00,0x00,0x00,
    0x00,0x00,0x00,0x00,0x00,0x00,0x00,0x00,0x00,0x00,0x00,0x00,
    0x00,0x00,0x00,0x00,0x00,0x00,0x00,0x00,0x00,0x00,0x00,0x00,
    0x01,0x01,0x01,0x02,0x01,0x00,0x04,0x00,0x00,0x05,0x00,0x00,
    0x04,0x00,0x00,0x04,0x00,0x00,0x06,0x00,0x00,0x07,0x00,0x00,
    0x06,0x00,0x00,0x07,0x00,0x00,0x06,0x00,0x00,0x07,0x00,0x00,
    0x06,0x00,0x00,0x07,0x00,0x00,0x07,0x00,0x00,0x0b,0x01,0x01,
    0x0c,0x03,0x01,0x09,0x00,0x00,0x08,0x00,0x00,0x08,0x00,0x00,
    0x08,0x00,0x01,0x08,0x00,0x00,0x09,0x01,0x00,0x0a,0x00,0x00,
    0x0b,0x01,0x00,0x0b,0x00,0x00,0x0a,0x01,0x00,0x0a,0x00,0x00,
    0x0b,0x01,0x01,0x0b,0x01,0x01,0x0b,0x01,0x00,0x0b,0x01,0x00,
    0x0b,0x01,0x00,0x0f,0x01,0x00,0x11,0x00,0x01,0x10,0x01,0x00,
    0x0f,0x01,0x01,0x11,0x02,0x01,0x11,0x02,0x00,0x12,0x03,0x00,
    0x12,0x03,0x00,0x11,0x02,0x00,0x14,0x03,0x01,0x13,0x03,0x01,
    0x13,0x03,0x01,0x12,0x03,0x01,0x14,0x03,0x00,0x16,0x04,0x00,
    0x14,0x04,0x00,0x14,0x03,0x00,0x17,0x04,0x00,0x17,0x05,0x00,
    0x17,0x06,0x00,0x19,0x05,0x00,0x16,0x05,0x00,0x18,0x05,0x00,
    0x19,0x06,0x00,0x18,0x06,0x00,0x19,0x06,0x00,0x1a,0x05,0x00,
    0x1a,0x05,0x01,0x1a,0x05,0x01,0x1c,0x06,0x00,0x1c,0x05,0x01,
    0x1d,0x06,0x01,0x1d,0x07,0x01,0x1c,0x06,0x01,0x1d,0x06,0x01,
    0x1e,0x07,0x01,0x1f,0x08,0x02,0x1e,0x07,0x01,0x21,0x07,0x01,
    0x22,0x08,0x02,0x21,0x07,0x01,0x23,0x08,0x01,0x23,0x08,0x01,
    0x00,0x00,0x00,0x00,0x00,0x00,0x00,0x00,0x00,0x00,0x00,0x00,
    0x00,0x00,0x00,0x00,0x00,0x00,0x00,0x00,0x00,0x00,0x00,0x00,
    0x00,0x00,0x00,0x00,0x00,0x00,0x00,0x00,0x00,0x00,0x00,0x00,
    0x00,0x00,0x00,0x00,0x00,0x00,0x00,0x00,0x00,0x00,0x00,0x00,
    0x00,0x00,0x00,0x00,0x00,0x00,0x00,0x00,0x00,0x00,0x00,0x00,
    0x00,0x00,0x00,0x00,0x00,0x00,0x00,0x00,0x00,0x00,0x00,0x00,
    0x00,0x00,0x00,0x00,0x00,0x00,0x00,0x00,0x00,0x00,0x00,0x00,
    0x00,0x00,0x00,0x00,0x00,0x00,0x00,0x00,0x00,0x00,0x00,0x00,
    0x00,0x00,0x00,0x00,0x00,0x00,0x00,0x00,0x00,0x00,0x00,0x00,
    0x00,0x00,0x00,0x00,0x00,0x00,0x00,0x00,0x00,0x00,0x00,0x00,
    0x00,0x00,0x00,0x00,0x00,0x00,0x00,0x00,0x00,0x00,0x00,0x00,
    0x00,0x00,0x00,0x00,0x00,0x00,0x00,0x00,0x00,0x00,0x00,0x00,
    0x00,0x00,0x00,0x02,0x00,0x01,0x02,0x00,0x01,0x00,0x00,0x00,
    0x00,0x00,0x00,0x02,0x00,0x01,0x02,0x00,0x01,0x03,0x00,0x01,
    0x03,0x01,0x00,0x04,0x01,0x00,0x05,0x00,0x00,0x06,0x00,0x00,
    0x05,0x00,0x00,0x06,0x00,0x00,0x05,0x00,0x00,0x07,0x00,0x00,
    0x07,0x00,0x00,0x06,0x00,0x00,0x06,0x00,0x00,0x07,0x00,0x00,
    0x05,0x00,0x00,0x07,0x00,0x00,0x09,0x00,0x01,0x09,0x00,0x01,
    0x09,0x00,0x01,0x08,0x00,0x01,0x09,0x00,0x01,0x09,0x00,0x00,
    0x0b,0x00,0x00,0x0b,0x01,0x00,0x0a,0x01,0x00,0x0a,0x00,0x00,
    0x0b,0x01,0x00,0x0b,0x01,0x00,0x0b,0x01,0x00,0x0c,0x01,0x01,
    0x0b,0x01,0x00,0x0f,0x01,0x00,0x0f,0x01,0x00,0x10,0x01,0x00,
    0x0f,0x01,0x00,0x11,0x01,0x01,0x13,0x02,0x00,0x11,0x02,0x00,
    0x11,0x02,0x00,0x11,0x02,0x00,0x12,0x03,0x00,0x12,0x03,0x01,
    0x12,0x02,0x01,0x12,0x03,0x00,0x12,0x03,0x00,0x13,0x03,0x00,
    0x13,0x04,0x01,0x15,0x04,0x01,0x15,0x04,0x00,0x16,0x05,0x01,
    0x17,0x05,0x01,0x18,0x06,0x00,0x17,0x05,0x00,0x18,0x05,0x00,
    0x18,0x05,0x00,0x18,0x06,0x00,0x19,0x06,0x01,0x1a,0x05,0x00,
    0x1a,0x05,0x01,0x1a,0x06,0x00,0x19,0x06,0x01,0x1a,0x05,0x00,
    0x1b,0x06,0x01,0x1b,0x06,0x01,0x1b,0x06,0x01,0x1d,0x06,0x01,
    0x1e,0x07,0x01,0x1e,0x07,0x01,0x1e,0x07,0x01,0x1f,0x07,0x00,
    0x1f,0x08,0x01,0x22,0x08,0x01,0x22,0x07,0x01,0x23,0x08,0x01,
    0x00,0x00,0x00,0x00,0x00,0x00,0x00,0x00,0x00,0x00,0x00,0x00,
    0x00,0x00,0x00,0x00,0x00,0x00,0x00,0x00,0x00,0x00,0x00,0x00,
    0x00,0x00,0x00,0x00,0x00,0x00,0x00,0x00,0x00,0x00,0x00,0x00,
    0x00,0x00,0x00,0x00,0x00,0x00,0x00,0x00,0x00,0x00,0x00,0x00,
    0x00,0x00,0x00,0x00,0x00,0x00,0x00,0x00,0x00,0x00,0x00,0x00,
    0x00,0x00,0x00,0x00,0x00,0x00,0x00,0x00,0x00,0x00,0x00,0x00,
    0x00,0x00,0x00,0x00,0x00,0x00,0x00,0x00,0x00,0x00,0x00,0x00,
    0x00,0x00,0x00,0x00,0x00,0x00,0x00,0x00,0x00,0x00,0x00,0x00,
    0x00,0x00,0x00,0x00,0x00,0x00,0x00,0x00,0x00,0x00,0x00,0x00,
    0x00,0x00,0x00,0x00,0x00,0x00,0x00,0x00,0x00,0x00,0x00,0x00,
    0x00,0x00,0x00,0x00,0x00,0x00,0x00,0x00,0x00,0x00,0x00,0x00,
    0x00,0x00,0x00,0x01,0x00,0x01,0x01,0x00,0x01,0x00,0x00,0x00,
    0x01,0x00,0x00,0x01,0x00,0x00,0x02,0x00,0x01,0x01,0x01,0x01,
    0x01,0x00,0x00,0x02,0x00,0x01,0x01,0x00,0x00,0x03,0x01,0x01,
    0x06,0x03,0x02,0x04,0x00,0x00,0x05,0x00,0x00,0x05,0x00,0x00,
    0x04,0x00,0x00,0x04,0x00,0x00,0x05,0x00,0x00,0x05,0x00,0x00,
    0x05,0x00,0x00,0x07,0x00,0x00,0x06,0x00,0x00,0x07,0x00,0x00,
    0x06,0x00,0x00,0x07,0x00,0x00,0x09,0x00,0x00,0x09,0x00,0x01,
    0x08,0x00,0x00,0x09,0x00,0x01,0x09,0x00,0x01,0x09,0x00,0x00,
    0x0b,0x01,0x00,0x0b,0x00,0x00,0x0a,0x00,0x00,0x0a,0x00,0x00,
    0x0a,0x01,0x00,0x0c,0x01,0x00,0x0b,0x01,0x00,0x0b,0x01,0x00,
    0x0b,0x01,0x00,0x0e,0x01,0x00,0x10,0x01,0x01,0x11,0x01,0x01,
    0x10,0x01,0x00,0x10,0x01,0x01,0x12,0x01,0x01,0x10,0x01,0x01,
    0x10,0x02,0x00,0x12,0x03,0x00,0x13,0x02,0x00,0x12,0x02,0x00,
    0x13,0x02,0x01,0x12,0x03,0x01,0x13,0x03,0x01,0x13,0x03,0x00,
    0x15,0x03,0x01,0x14,0x03,0x01,0x17,0x04,0x01,0x17,0x05,0x01,
    0x16,0x04,0x01,0x15,0x04,0x00,0x18,0x06,0x00,0x16,0x05,0x00,
    0x18,0x05,0x00,0x18,0x06,0x01,0x1a,0x06,0x01,0x1a,0x05,0x00,
    0x19,0x06,0x01,0x1a,0x06,0x01,0x19,0x05,0x00,0x1a,0x06,0x00,
    0x1a,0x06,0x00,0x1b,0x06,0x01,0x1b,0x05,0x01,0x1c,0x06,0x00,
    0x1d,0x07,0x01,0x1f,0x07,0x01,0x1f,0x08,0x01,0x1f,0x08,0x00,
    0x20,0x09,0x01,0x1f,0x08,0x01,0x21,0x07,0x01,0x23,0x08,0x01,
    0x00,0x00,0x00,0x00,0x00,0x00,0x00,0x00,0x00,0x00,0x00,0x00,
    0x00,0x00,0x00,0x00,0x00,0x00,0x00,0x00,0x00,0x00,0x00,0x00,
    0x00,0x00,0x00,0x00,0x00,0x00,0x00,0x00,0x00,0x00,0x00,0x00,
    0x00,0x00,0x00,0x00,0x00,0x00,0x00,0x00,0x00,0x00,0x00,0x00,
    0x00,0x00,0x00,0x00,0x00,0x00,0x00,0x00,0x00,0x00,0x00,0x00,
    0x00,0x00,0x00,0x00,0x00,0x00,0x00,0x00,0x00,0x00,0x00,0x00,
    0x00,0x00,0x00,0x00,0x00,0x00,0x00,0x00,0x00,0x01,0x01,0x01,
    0x01,0x01,0x01,0x00,0x00,0x00,0x00,0x00,0x00,0x00,0x00,0x00,
    0x00,0x00,0x00,0x00,0x00,0x00,0x00,0x00,0x00,0x00,0x00,0x00,
    0x00,0x00,0x00,0x00,0x00,0x00,0x00,0x00,0x00,0x00,0x00,0x00,
    0x00,0x00,0x00,0x00,0x00,0x00,0x00,0x00,0x00,0x00,0x00,0x00,
    0x00,0x00,0x00,0x00,0x00,0x00,0x00,0x00,0x00,0x00,0x00,0x00,
    0x01,0x01,0x01,0x01,0x01,0x01,0x00,0x01,0x01,0x00,0x00,0x00,
    0x01,0x00,0x00,0x02,0x00,0x01,0x02,0x01,0x00,0x08,0x04,0x03,
    0x03,0x01,0x01,0x03,0x00,0x00,0x04,0x00,0x00,0x04,0x00,0x00,
    0x04,0x00,0x00,0x04,0x00,0x00,0x05,0x00,0x00,0x05,0x00,0x00,
    0x06,0x00,0x00,0x06,0x00,0x00,0x06,0x00,0x00,0x06,0x00,0x00,
    0x06,0x00,0x00,0x06,0x00,0x00,0x08,0x00,0x00,0x08,0x00,0x00,
    0x09,0x00,0x01,0x09,0x00,0x01,0x07,0x00,0x00,0x09,0x00,0x00,
    0x0b,0x01,0x00,0x0b,0x01,0x00,0x0b,0x00,0x00,0x0b,0x00,0x00,
    0x0a,0x00,0x00,0x0b,0x01,0x00,0x0c,0x00,0x00,0x0c,0x01,0x00,
    0x0b,0x01,0x00,0x0e,0x00,0x00,0x0f,0x01,0x00,0x10,0x01,0x01,
    0x10,0x01,0x00,0x10,0x00,0x00,0x10,0x01,0x01,0x10,0x01,0x00,
    0x10,0x01,0x00,0x10,0x01,0x01,0x13,0x02,0x00,0x13,0x03,0x00,
    0x14,0x03,0x01,0x13,0x03,0x01,0x14,0x02,0x01,0x15,0x02,0x01,
    0x13,0x03,0x01,0x14,0x03,0x01,0x15,0x03,0x01,0x14,0x04,0x00,
    0x16,0x04,0x00,0x15,0x04,0x00,0x16,0x04,0x01,0x16,0x05,0x01,
    0x18,0x05,0x00,0x18,0x05,0x01,0x19,0x06,0x00,0x19,0x06,0x01,
    0x19,0x06,0x01,0x1a,0x06,0x01,0x1b,0x06,0x01,0x1a,0x06,0x01,
    0x1b,0x06,0x00,0x1b,0x05,0x01,0x1a,0x05,0x01,0x1c,0x06,0x01,
    0x1c,0x07,0x01,0x1e,0x07,0x01,0x1e,0x07,0x01,0x1e,0x08,0x01,
    0x1f,0x08,0x01,0x1f,0x08,0x00,0x1f,0x08,0x01,0x22,0x07,0x01,
    0x00,0x00,0x00,0x00,0x00,0x00,0x00,0x00,0x00,0x00,0x00,0x00,
    0x00,0x00,0x00,0x00,0x00,0x00,0x00,0x00,0x00,0x00,0x00,0x00,
    0x00,0x00,0x00,0x00,0x00,0x00,0x00,0x00,0x00,0x00,0x00,0x00,
    0x00,0x00,0x00,0x00,0x00,0x00,0x00,0x00,0x00,0x00,0x00,0x00,
    0x00,0x00,0x00,0x00,0x00,0x00,0x00,0x00,0x00,0x00,0x00,0x00,
    0x00,0x00,0x00,0x00,0x00,0x00,0x00,0x00,0x00,0x00,0x00,0x00,
    0x00,0x00,0x00,0x00,0x00,0x00,0x00,0x00,0x00,0x01,0x01,0x01,
    0x01,0x01,0x01,0x00,0x00,0x00,0x00,0x00,0x00,0x00,0x00,0x00,
    0x00,0x00,0x00,0x00,0x00,0x00,0x00,0x00,0x00,0x00,0x00,0x00,
    0x00,0x00,0x00,0x01,0x00,0x00,0x00,0x00,0x00,0x00,0x00,0x00,
    0x00,0x00,0x00,0x00,0x00,0x00,0x00,0x00,0x00,0x00,0x00,0x00,
    0x00,0x00,0x00,0x00,0x00,0x00,0x00,0x00,0x00,0x00,0x00,0x00,
    0x00,0x00,0x00,0x00,0x00,0x00,0x01,0x01,0x01,0x01,0x01,0x01,
    0x00,0x00,0x00,0x01,0x00,0x00,0x03,0x01,0x00,0x05,0x03,0x02,
    0x03,0x00,0x00,0x03,0x00,0x00,0x03,0x00,0x00,0x03,0x00,0x00,
    0x03,0x00,0x00,0x03,0x01,0x00,0x05,0x00,0x00,0x06,0x00,0x00,
    0x06,0x00,0x00,0x06,0x00,0x00,0x06,0x00,0x00,0x06,0x00,0x00,
    0x06,0x00,0x00,0x07,0x00,0x00,0x06,0x00,0x00,0x06,0x00,0x00,
    0x08,0x00,0x00,0x08,0x00,0x00,0x07,0x00,0x00,0x08,0x00,0x00,
    0x0b,0x00,0x00,0x0b,0x01,0x00,0x0b,0x00,0x00,0x0a,0x00,0x00,
    0x0b,0x01,0x00,0x0b,0x01,0x00,0x0b,0x01,0x00,0x0c,0x01,0x01,
    0x0c,0x01,0x00,0x0d,0x01,0x00,0x0d,0x01,0x00,0x10,0x01,0x01,
    0x10,0x00,0x00,0x10,0x01,0x00,0x10,0x01,0x00,0x0f,0x01,0x00,
    0x0f,0x01,0x00,0x0f,0x01,0x00,0x13,0x02,0x01,0x13,0x03,0x01,
    0x13,0x03,0x01,0x14,0x03,0x01,0x14,0x03,0x01,0x14,0x03,0x01,
    0x12,0x03,0x00,0x13,0x03,0x01,0x14,0x04,0x01,0x14,0x04,0x00,
    0x15,0x04,0x01,0x13,0x04,0x01,0x14,0x03,0x00,0x16,0x05,0x01,
    0x18,0x06,0x00,0x19,0x06,0x00,0x19,0x06,0x00,0x19,0x06,0x00,
    0x19,0x06,0x00,0x19,0x06,0x00,0x1a,0x06,0x01,0x1b,0x06,0x00,
    0x1b,0x06,0x01,0x1b,0x06,0x01,0x19,0x05,0x00,0x1b,0x06,0x01,
    0x1c,0x07,0x01,0x1d,0x06,0x00,0x1d,0x06,0x01,0x1d,0x07,0x01,
    0x1e,0x07,0x01,0x1f,0x08,0x01,0x1f,0x09,0x01,0x20,0x09,0x01,
    0x00,0x00,0x00,0x00,0x00,0x00,0x00,0x00,0x00,0x00,0x00,0x00,
    0x00,0x00,0x00,0x00,0x00,0x00,0x00,0x00,0x00,0x00,0x00,0x00,
    0x00,0x00,0x00,0x00,0x00,0x00,0x00,0x00,0x00,0x00,0x00,0x00,
    0x00,0x00,0x00,0x00,0x00,0x00,0x00,0x00,0x00,0x00,0x00,0x00,
    0x00,0x00,0x00,0x00,0x00,0x00,0x00,0x00,0x00,0x00,0x00,0x00,
    0x00,0x00,0x00,0x00,0x00,0x00,0x00,0x00,0x00,0x00,0x00,0x00,
    0x00,0x00,0x00,0x00,0x00,0x00,0x00,0x00,0x00,0x00,0x00,0x00,
    0x00,0x00,0x00,0x00,0x00,0x00,0x00,0x00,0x00,0x00,0x00,0x00,
    0x00,0x00,0x00,0x00,0x00,0x00,0x00,0x00,0x00,0x00,0x00,0x00,
    0x00,0x00,0x00,0x00,0x00,0x00,0x00,0x00,0x00,0x00,0x00,0x00,
    0x00,0x00,0x00,0x00,0x00,0x00,0x00,0x00,0x00,0x00,0x00,0x00,
    0x00,0x00,0x00,0x00,0x00,0x00,0x00,0x00,0x00,0x00,0x00,0x00,
    0x00,0x00,0x00,0x02,0x00,0x01,0x02,0x00,0x01,0x02,0x01,0x02,
    0x01,0x00,0x00,0x01,0x00,0x01,0x01,0x00,0x00,0x00,0x00,0x00,
    0x01,0x00,0x00,0x01,0x00,0x00,0x02,0x00,0x00,0x04,0x00,0x00,
    0x04,0x00,0x00,0x04,0x00,0x00,0x05,0x00,0x00,0x06,0x00,0x00,
    0x06,0x00,0x00,0x06,0x00,0x00,0x06,0x00,0x00,0x06,0x00,0x00,
    0x06,0x00,0x00,0x06,0x00,0x00,0x06,0x00,0x00,0x07,0x00,0x00,
    0x08,0x00,0x00,0x08,0x00,0x00,0x08,0x00,0x00,0x09,0x00,0x00,
    0x0b,0x00,0x00,0x0c,0x00,0x00,0x0c,0x00,0x00,0x0b,0x00,0x00,
    0x0a,0x00,0x00,0x0c,0x01,0x00,0x0a,0x00,0x00,0x0b,0x01,0x00,
    0x0c,0x01,0x00,0x0e,0x01,0x00,0x0d,0x01,0x00,0x0f,0x01,0x01,
    0x0f,0x01,0x00,0x0f,0x01,0x00,0x10,0x01,0x00,0x0f,0x01,0x00,
    0x0e,0x01,0x00,0x0f,0x01,0x00,0x12,0x02,0x01,0x12,0x02,0x00,
    0x14,0x03,0x01,0x13,0x03,0x01,0x12,0x04,0x01,0x12,0x04,0x01,
    0x12,0x03,0x00,0x12,0x03,0x00,0x14,0x04,0x00,0x14,0x04,0x01,
    0x15,0x04,0x02,0x13,0x03,0x01,0x13,0x04,0x00,0x16,0x05,0x00,
    0x19,0x06,0x00,0x18,0x05,0x00,0x18,0x05,0x01,0x19,0x06,0x01,
    0x18,0x05,0x00,0x19,0x06,0x00,0x19,0x06,0x00,0x1a,0x06,0x01,
    0x1b,0x05,0x01,0x1b,0x05,0x00,0x1a,0x06,0x00,0x1a,0x05,0x01,
    0x1b,0x06,0x00,0x1c,0x06,0x01,0x1d,0x06,0x01,0x1e,0x07,0x01,
    0x1e,0x07,0x01,0x1e,0x07,0x01,0x1f,0x08,0x01,0x20,0x08,0x01,
    0x00,0x00,0x00,0x00,0x00,0x00,0x00,0x00,0x00,0x00,0x00,0x00,
    0x00,0x00,0x00,0x00,0x00,0x00,0x00,0x00,0x00,0x00,0x00,0x00,
    0x00,0x00,0x00,0x00,0x00,0x00,0x00,0x00,0x00,0x00,0x00,0x00,
    0x00,0x00,0x00,0x00,0x00,0x00,0x00,0x00,0x00,0x00,0x00,0x00,
    0x00,0x00,0x00,0x00,0x00,0x00,0x00,0x00,0x00,0x00,0x00,0x00,
    0x00,0x00,0x00,0x00,0x00,0x00,0x00,0x00,0x00,0x00,0x00,0x00,
    0x00,0x00,0x00,0x00,0x00,0x00,0x00,0x00,0x00,0x00,0x00,0x00,
    0x00,0x00,0x00,0x00,0x00,0x00,0x00,0x00,0x00,0x00,0x00,0x00,
    0x00,0x00,0x00,0x00,0x00,0x00,0x00,0x00,0x00,0x01,0x01,0x01,
    0x0c,0x0a,0x08,0x0e,0x0a,0x08,0x05,0x04,0x03,0x00,0x00,0x00,
    0x00,0x00,0x00,0x00,0x00,0x00,0x00,0x00,0x00,0x00,0x00,0x00,
    0x00,0x00,0x00,0x00,0x00,0x00,0x00,0x00,0x00,0x00,0x00,0x00,
    0x00,0x00,0x00,0x01,0x00,0x01,0x01,0x00,0x01,0x06,0x03,0x03,
    0x02,0x01,0x01,0x00,0x00,0x00,0x01,0x00,0x00,0x00,0x00,0x01,
    0x01,0x00,0x00,0x01,0x00,0x00,0x01,0x00,0x00,0x04,0x00,0x00,
    0x04,0x00,0x00,0x04,0x00,0x00,0x04,0x01,0x00,0x05,0x00,0x00,
    0x05,0x00,0x00,0x06,0x00,0x00,0x06,0x00,0x00,0x06,0x00,0x00,
    0x06,0x00,0x00,0x06,0x00,0x00,0x06,0x00,0x00,0x06,0x00,0x00,
    0x08,0x00,0x01,0x08,0x00,0x01,0x08,0x00,0x00,0x09,0x00,0x00,
    0x0b,0x01,0x00,0x0b,0x00,0x00,0x0b,0x00,0x00,0x0b,0x00,0x00,
    0x0b,0x00,0x00,0x0a,0x00,0x00,0x0a,0x00,0x00,0x0a,0x01,0x00,
    0x0c,0x01,0x00,0x0d,0x01,0x00,0x10,0x01,0x00,0x0f,0x01,0x00,
    0x11,0x01,0x01,0x0f,0x01,0x00,0x10,0x01,0x00,0x0f,0x01,0x00,
    0x0f,0x01,0x00,0x10,0x01,0x00,0x14,0x02,0x01,0x14,0x02,0x00,
    0x13,0x02,0x00,0x11,0x02,0x00,0x12,0x03,0x00,0x14,0x03,0x01,
    0x14,0x03,0x01,0x13,0x03,0x01,0x13,0x03,0x00,0x12,0x04,0x01,
    0x13,0x04,0x01,0x15,0x04,0x01,0x13,0x04,0x00,0x17,0x05,0x00,
    0x19,0x06,0x01,0x19,0x06,0x00,0x18,0x05,0x01,0x18,0x06,0x00,
    0x18,0x05,0x00,0x19,0x06,0x01,0x19,0x06,0x01,0x1a,0x07,0x01,
    0x1a,0x06,0x00,0x1b,0x05,0x00,0x1b,0x06,0x01,0x1b,0x05,0x00,
    0x1c,0x06,0x01,0x1c,0x06,0x01,0x1e,0x07,0x01,0x1d,0x06,0x01,
    0x1e,0x07,0x01,0x1e,0x07,0x01,0x1e,0x07,0x01,0x1f,0x08,0x01,
    0x00,0x00,0x00,0x00,0x00,0x00,0x00,0x00,0x00,0x00,0x00,0x00,
    0x00,0x00,0x00,0x00,0x00,0x00,0x00,0x00,0x00,0x00,0x00,0x00,
    0x00,0x00,0x00,0x00,0x00,0x00,0x00,0x00,0x00,0x00,0x00,0x00,
    0x00,0x00,0x00,0x00,0x00,0x00,0x00,0x00,0x00,0x00,0x00,0x00,
    0x00,0x00,0x00,0x00,0x00,0x00,0x00,0x00,0x00,0x00,0x00,0x00,
    0x00,0x00,0x00,0x00,0x00,0x00,0x00,0x00,0x00,0x00,0x00,0x00,
    0x00,0x00,0x00,0x00,0x00,0x00,0x00,0x00,0x00,0x00,0x00,0x00,
    0x00,0x00,0x00,0x00,0x00,0x00,0x00,0x00,0x00,0x00,0x00,0x00,
    0x00,0x00,0x00,0x00,0x00,0x00,0x00,0x00,0x00,0x0c,0x09,0x07,
    0x26,0x1c,0x16,0x19,0x12,0x0e,0x0d,0x09,0x07,0x01,0x01,0x01,
    0x00,0x00,0x00,0x00,0x00,0x00,0x00,0x00,0x00,0x00,0x00,0x00,
    0x00,0x00,0x00,0x00,0x00,0x00,0x00,0x00,0x00,0x00,0x00,0x00,
    0x00,0x00,0x00,0x00,0x00,0x00,0x01,0x01,0x01,0x01,0x00,0x01,
    0x00,0x00,0x00,0x00,0x00,0x00,0x01,0x01,0x01,0x01,0x01,0x01,
    0x00,0x00,0x00,0x00,0x00,0x00,0x02,0x00,0x00,0x03,0x00,0x00,
    0x02,0x00,0x00,0x03,0x00,0x00,0x03,0x01,0x00,0x04,0x00,0x00,
    0x04,0x00,0x00,0x06,0x00,0x00,0x06,0x00,0x00,0x06,0x00,0x00,
    0x07,0x00,0x00,0x06,0x00,0x00,0x06,0x00,0x00,0x06,0x00,0x00,
    0x06,0x00,0x00,0x08,0x00,0x00,0x08,0x00,0x00,0x08,0x00,0x00,
    0x0b,0x00,0x00,0x0b,0x02,0x01,0x09,0x00,0x00,0x09,0x00,0x00,
    0x0c,0x01,0x00,0x0b,0x01,0x00,0x0b,0x00,0x00,0x0b,0x00,0x00,
    0x0d,0x02,0x00,0x0d,0x01,0x00,0x0e,0x01,0x00,0x0d,0x01,0x00,
    0x0e,0x01,0x00,0x0f,0x01,0x00,0x10,0x01,0x00,0x10,0x01,0x00,
    0x10,0x01,0x01,0x11,0x01,0x01,0x12,0x02,0x00,0x12,0x02,0x01,
    0x12,0x02,0x01,0x12,0x03,0x00,0x13,0x03,0x01,0x14,0x03,0x01,
    0x15,0x02,0x01,0x15,0x03,0x01,0x12,0x03,0x01,0x13,0x04,0x01,
    0x14,0x03,0x00,0x14,0x04,0x00,0x14,0x04,0x00,0x18,0x04,0x00,
    0x18,0x05,0x01,0x18,0x05,0x01,0x19,0x05,0x00,0x19,0x06,0x00,
    0x19,0x06,0x01,0x18,0x06,0x01,0x19,0x06,0x01,0x1a,0x07,0x01,
    0x1a,0x06,0x01,0x1a,0x06,0x01,0x1b,0x05,0x01,0x1a,0x05,0x01,
    0x1b,0x06,0x00,0x1a,0x05,0x01,0x1d,0x07,0x01,0x1b,0x05,0x00,
    0x1c,0x07,0x01,0x1e,0x06,0x01,0x1e,0x07,0x01,0x1e,0x07,0x01,
    0x00,0x00,0x00,0x00,0x00,0x00,0x00,0x00,0x00,0x00,0x00,0x00,
    0x00,0x00,0x00,0x00,0x00,0x00,0x00,0x00,0x00,0x00,0x00,0x00,
    0x00,0x00,0x00,0x00,0x00,0x00,0x00,0x00,0x00,0x00,0x00,0x00,
    0x00,0x00,0x00,0x00,0x00,0x00,0x00,0x00,0x00,0x00,0x00,0x00,
    0x00,0x00,0x00,0x00,0x00,0x00,0x00,0x00,0x00,0x00,0x00,0x00,
    0x00,0x00,0x00,0x00,0x00,0x00,0x00,0x00,0x00,0x00,0x00,0x00,
    0x00,0x00,0x00,0x00,0x00,0x00,0x00,0x00,0x00,0x00,0x00,0x00,
    0x00,0x00,0x00,0x00,0x00,0x00,0x00,0x00,0x00,0x00,0x00,0x00,
    0x00,0x00,0x00,0x00,0x00,0x00,0x00,0x00,0x00,0x01,0x01,0x01,
    0x00,0x00,0x00,0x00,0x00,0x00,0x00,0x00,0x00,0x00,0x00,0x00,
    0x00,0x00,0x00,0x00,0x00,0x00,0x00,0x00,0x00,0x00,0x00,0x00,
    0x00,0x00,0x00,0x00,0x00,0x00,0x00,0x00,0x00,0x00,0x00,0x00,
    0x00,0x00,0x00,0x00,0x00,0x00,0x01,0x00,0x00,0x01,0x00,0x01,
    0x00,0x00,0x00,0x00,0x00,0x00,0x00,0x00,0x00,0x00,0x00,0x00,
    0x00,0x00,0x00,0x00,0x00,0x00,0x00,0x00,0x00,0x01,0x00,0x00,
    0x01,0x00,0x01,0x02,0x00,0x01,0x03,0x01,0x00,0x03,0x01,0x00,
    0x04,0x00,0x00,0x06,0x00,0x00,0x06,0x00,0x00,0x06,0x00,0x00,
    0x06,0x00,0x00,0x06,0x00,0x00,0x06,0x00,0x00,0x06,0x00,0x00,
    0x06,0x00,0x00,0x06,0x00,0x00,0x06,0x00,0x00,0x08,0x00,0x00,
    0x09,0x01,0x00,0x12,0x08,0x03,0x16,0x0b,0x05,0x0b,0x03,0x02,
    0x09,0x01,0x00,0x0b,0x01,0x00,0x0b,0x01,0x00,0x0c,0x01,0x00,
    0x0d,0x02,0x00,0x0c,0x00,0x00,0x0b,0x01,0x00,0x0c,0x01,0x00,
    0x0c,0x01,0x00,0x0d,0x01,0x00,0x10,0x00,0x00,0x0f,0x01,0x00,
    0x10,0x01,0x00,0x0f,0x01,0x00,0x10,0x02,0x01,0x11,0x02,0x00,
    0x11,0x01,0x01,0x12,0x02,0x00,0x13,0x03,0x00,0x12,0x03,0x01,
    0x14,0x03,0x01,0x14,0x03,0x01,0x12,0x03,0x01,0x13,0x03,0x01,
    0x13,0x03,0x01,0x13,0x03,0x01,0x14,0x04,0x00,0x17,0x03,0x00,
    0x17,0x03,0x01,0x17,0x03,0x01,0x17,0x04,0x01,0x17,0x04,0x01,
    0x18,0x05,0x00,0x17,0x05,0x00,0x18,0x06,0x00,0x19,0x06,0x00,
    0x19,0x06,0x01,0x1b,0x06,0x01,0x1a,0x06,0x01,0x1a,0x05,0x01,
    0x1b,0x06,0x01,0x1b,0x06,0x01,0x1b,0x07,0x01,0x1b,0x06,0x01,
    0x1c,0x07,0x01,0x1c,0x07,0x00,0x1c,0x06,0x00,0x1e,0x07,0x01,
    0x00,0x00,0x00,0x00,0x00,0x00,0x00,0x00,0x00,0x00,0x00,0x00,
    0x00,0x00,0x00,0x00,0x00,0x00,0x00,0x00,0x00,0x00,0x00,0x00,
    0x00,0x00,0x00,0x00,0x00,0x00,0x00,0x00,0x00,0x00,0x00,0x00,
    0x00,0x00,0x00,0x00,0x00,0x00,0x00,0x00,0x00,0x00,0x00,0x00,
    0x00,0x00,0x00,0x00,0x00,0x00,0x00,0x00,0x00,0x00,0x00,0x00,
    0x00,0x00,0x00,0x00,0x00,0x00,0x00,0x00,0x00,0x00,0x00,0x00,
    0x00,0x00,0x00,0x00,0x00,0x00,0x00,0x00,0x00,0x00,0x00,0x00,
    0x00,0x00,0x00,0x00,0x00,0x00,0x00,0x00,0x00,0x00,0x00,0x00,
    0x00,0x00,0x00,0x00,0x00,0x00,0x00,0x00,0x00,0x00,0x00,0x00,
    0x00,0x00,0x00,0x00,0x00,0x00,0x00,0x00,0x00,0x00,0x00,0x00,
    0x00,0x00,0x00,0x00,0x00,0x00,0x00,0x00,0x00,0x00,0x00,0x00,
    0x00,0x00,0x00,0x00,0x00,0x00,0x00,0x00,0x00,0x00,0x00,0x00,
    0x00,0x00,0x00,0x00,0x00,0x00,0x00,0x00,0x00,0x00,0x00,0x00,
    0x00,0x00,0x00,0x00,0x00,0x00,0x00,0x00,0x00,0x01,0x01,0x01,
    0x00,0x00,0x00,0x00,0x00,0x00,0x00,0x00,0x00,0x01,0x00,0x00,
    0x01,0x00,0x01,0x02,0x00,0x01,0x02,0x01,0x00,0x02,0x01,0x00,
    0x05,0x01,0x00,0x06,0x00,0x00,0x06,0x00,0x00,0x06,0x00,0x00,
    0x06,0x00,0x00,0x06,0x00,0x00,0x06,0x00,0x00,0x06,0x00,0x00,
    0x06,0x00,0x00,0x06,0x00,0x00,0x07,0x00,0x00,0x09,0x00,0x00,
    0x08,0x00,0x00,0x0c,0x03,0x00,0x16,0x0b,0x04,0x13,0x09,0x05,
    0x09,0x00,0x00,0x0b,0x01,0x00,0x0b,0x01,0x00,0x0c,0x01,0x00,
    0x0c,0x01,0x00,0x0d,0x01,0x01,0x0c,0x01,0x00,0x0b,0x01,0x00,
    0x0c,0x01,0x00,0x0d,0x01,0x00,0x10,0x01,0x00,0x0f,0x01,0x00,
    0x0f,0x01,0x00,0x0f,0x01,0x00,0x10,0x01,0x01,0x11,0x02,0x01,
    0x11,0x01,0x01,0x12,0x02,0x00,0x12,0x02,0x00,0x13,0x03,0x01,
    0x12,0x03,0x00,0x13,0x03,0x01,0x13,0x03,0x01,0x13,0x03,0x01,
    0x14,0x03,0x01,0x15,0x04,0x01,0x16,0x04,0x00,0x16,0x04,0x01,
    0x18,0x03,0x01,0x18,0x03,0x01,0x17,0x04,0x00,0x17,0x04,0x01,
    0x18,0x05,0x00,0x17,0x05,0x00,0x19,0x06,0x00,0x19,0x06,0x01,
    0x19,0x07,0x01,0x1a,0x06,0x00,0x19,0x05,0x00,0x1a,0x05,0x01,
    0x1a,0x05,0x01,0x1b,0x06,0x01,0x1a,0x05,0x01,0x1d,0x06,0x01,
    0x1b,0x07,0x01,0x1a,0x07,0x01,0x1d,0x07,0x01,0x1d,0x06,0x01,
    0x00,0x00,0x00,0x00,0x00,0x00,0x00,0x00,0x00,0x00,0x00,0x00,
    0x00,0x00,0x00,0x00,0x00,0x00,0x00,0x00,0x00,0x00,0x00,0x00,
    0x00,0x00,0x00,0x00,0x00,0x00,0x00,0x00,0x00,0x00,0x00,0x00,
    0x00,0x00,0x00,0x00,0x00,0x00,0x00,0x00,0x00,0x00,0x00,0x00,
    0x00,0x00,0x00,0x00,0x00,0x00,0x00,0x00,0x00,0x00,0x00,0x00,
    0x00,0x00,0x00,0x00,0x00,0x00,0x00,0x00,0x00,0x00,0x00,0x00,
    0x00,0x00,0x00,0x00,0x00,0x00,0x00,0x00,0x00,0x00,0x00,0x00,
    0x00,0x00,0x00,0x00,0x00,0x00,0x00,0x00,0x00,0x00,0x00,0x00,
    0x00,0x00,0x00,0x00,0x00,0x00,0x00,0x00,0x00,0x00,0x00,0x00,
    0x00,0x00,0x00,0x00,0x00,0x00,0x00,0x00,0x00,0x00,0x00,0x00,
    0x00,0x00,0x00,0x01,0x01,0x01,0x00,0x00,0x00,0x00,0x00,0x00,
    0x00,0x00,0x00,0x00,0x00,0x00,0x00,0x00,0x00,0x00,0x00,0x00,
    0x00,0x00,0x00,0x00,0x00,0x00,0x00,0x00,0x00,0x00,0x00,0x00,
    0x00,0x00,0x00,0x00,0x00,0x00,0x00,0x00,0x00,0x00,0x01,0x00,
    0x00,0x00,0x00,0x00,0x00,0x00,0x00,0x00,0x00,0x00,0x00,0x00,
    0x00,0x00,0x00,0x00,0x00,0x00,0x02,0x00,0x00,0x03,0x00,0x00,
    0x05,0x00,0x00,0x06,0x00,0x00,0x06,0x00,0x00,0x06,0x00,0x00,
    0x06,0x00,0x00,0x06,0x00,0x00,0x06,0x00,0x00,0x06,0x00,0x00,
    0x06,0x00,0x00,0x06,0x00,0x00,0x08,0x00,0x00,0x08,0x00,0x00,
    0x08,0x00,0x00,0x0b,0x02,0x00,0x11,0x05,0x02,0x0f,0x05,0x02,
    0x0a,0x00,0x00,0x0b,0x01,0x00,0x0b,0x00,0x00,0x0a,0x00,0x00,
    0x0c,0x00,0x00,0x0d,0x01,0x01,0x0c,0x00,0x00,0x0c,0x00,0x00,
    0x0b,0x01,0x00,0x0c,0x01,0x00,0x0f,0x00,0x00,0x10,0x01,0x01,
    0x0f,0x01,0x00,0x0f,0x01,0x00,0x10,0x01,0x00,0x0f,0x01,0x00,
    0x10,0x01,0x01,0x11,0x01,0x01,0x13,0x02,0x00,0x14,0x03,0x01,
    0x12,0x03,0x00,0x12,0x03,0x01,0x12,0x03,0x01,0x12,0x03,0x00,
    0x12,0x03,0x01,0x14,0x03,0x01,0x16,0x04,0x00,0x15,0x04,0x01,
    0x18,0x03,0x00,0x17,0x03,0x00,0x17,0x04,0x00,0x17,0x03,0x00,
    0x18,0x04,0x00,0x17,0x05,0x00,0x19,0x06,0x00,0x19,0x06,0x01,
    0x1a,0x06,0x01,0x19,0x07,0x01,0x1a,0x05,0x00,0x1a,0x05,0x00,
    0x1a,0x05,0x00,0x1a,0x05,0x00,0x1b,0x05,0x01,0x1c,0x05,0x00,
    0x1b,0x05,0x01,0x1b,0x06,0x01,0x1d,0x06,0x01,0x1c,0x06,0x01,
    0x00,0x00,0x00,0x00,0x00,0x00,0x00,0x00,0x00,0x00,0x00,0x00,
    0x00,0x00,0x00,0x00,0x00,0x00,0x00,0x00,0x00,0x00,0x00,0x00,
    0x00,0x00,0x00,0x00,0x00,0x00,0x00,0x00,0x00,0x00,0x00,0x00,
    0x00,0x00,0x00,0x00,0x00,0x00,0x00,0x00,0x00,0x00,0x00,0x00,
    0x00,0x00,0x00,0x00,0x00,0x00,0x00,0x00,0x00,0x00,0x00,0x00,
    0x00,0x00,0x00,0x00,0x00,0x00,0x00,0x00,0x00,0x00,0x00,0x00,
    0x00,0x00,0x00,0x00,0x00,0x00,0x00,0x00,0x00,0x00,0x00,0x00,
    0x00,0x00,0x00,0x00,0x00,0x00,0x00,0x00,0x00,0x00,0x00,0x00,
    0x00,0x00,0x00,0x00,0x00,0x00,0x00,0x00,0x00,0x00,0x00,0x00,
    0x00,0x00,0x00,0x00,0x00,0x00,0x00,0x00,0x00,0x00,0x00,0x00,
    0x00,0x00,0x00,0x00,0x00,0x00,0x00,0x00,0x00,0x00,0x00,0x00,
    0x00,0x00,0x00,0x00,0x00,0x00,0x00,0x00,0x00,0x00,0x00,0x00,
    0x00,0x00,0x00,0x01,0x01,0x01,0x00,0x00,0x00,0x00,0x00,0x00,
    0x00,0x00,0x00,0x00,0x00,0x00,0x00,0x00,0x00,0x01,0x00,0x01,
    0x01,0x00,0x00,0x00,0x00,0x00,0x00,0x00,0x00,0x00,0x00,0x00,
    0x00,0x00,0x00,0x00,0x00,0x00,0x02,0x00,0x00,0x04,0x00,0x00,
    0x05,0x01,0x00,0x06,0x00,0x00,0x06,0x00,0x00,0x06,0x00,0x00,
    0x06,0x00,0x00,0x06,0x00,0x00,0x06,0x00,0x00,0x06,0x00,0x00,
    0x06,0x00,0x00,0x06,0x00,0x00,0x07,0x00,0x00,0x08,0x00,0x00,
    0x08,0x00,0x00,0x09,0x01,0x00,0x0b,0x02,0x01,0x0b,0x01,0x00,
    0x0a,0x01,0x01,0x0b,0x01,0x00,0x0b,0x00,0x00,0x0a,0x00,0x00,
    0x0c,0x01,0x00,0x0c,0x00,0x00,0x0c,0x00,0x00,0x0c,0x01,0x00,
    0x0c,0x01,0x00,0x0c,0x01,0x00,0x0e,0x00,0x00,0x10,0x01,0x01,
    0x10,0x00,0x00,0x10,0x01,0x00,0x11,0x01,0x00,0x0f,0x01,0x01,
    0x10,0x01,0x00,0x11,0x01,0x01,0x13,0x02,0x01,0x12,0x02,0x00,
    0x12,0x02,0x00,0x13,0x03,0x01,0x13,0x03,0x01,0x13,0x03,0x00,
    0x14,0x03,0x01,0x13,0x03,0x01,0x15,0x04,0x00,0x17,0x03,0x00,
    0x16,0x03,0x00,0x16,0x03,0x00,0x17,0x03,0x00,0x18,0x04,0x00,
    0x18,0x05,0x00,0x18,0x06,0x00,0x18,0x05,0x00,0x19,0x05,0x00,
    0x19,0x06,0x01,0x1a,0x06,0x00,0x1a,0x06,0x00,0x1a,0x06,0x00,
    0x1a,0x05,0x00,0x1a,0x05,0x01,0x1b,0x06,0x01,0x1a,0x05,0x00,
    0x1c,0x05,0x01,0x1d,0x06,0x00,0x1c,0x06,0x01,0x1c,0x06,0x01,
    0x00,0x00,0x00,0x00,0x00,0x00,0x00,0x00,0x00,0x00,0x00,0x00,
    0x00,0x00,0x00,0x00,0x00,0x00,0x00,0x00,0x00,0x00,0x00,0x00,
    0x00,0x00,0x00,0x00,0x00,0x00,0x00,0x00,0x00,0x00,0x00,0x00,
    0x00,0x00,0x00,0x00,0x00,0x00,0x00,0x00,0x00,0x00,0x00,0x00,
    0x00,0x00,0x00,0x00,0x00,0x00,0x00,0x00,0x00,0x00,0x00,0x00,
    0x00,0x00,0x00,0x00,0x00,0x00,0x00,0x00,0x00,0x00,0x00,0x00,
    0x00,0x00,0x00,0x00,0x00,0x00,0x00,0x00,0x00,0x00,0x00,0x00,
    0x00,0x00,0x00,0x00,0x00,0x00,0x00,0x00,0x00,0x00,0x00,0x00,
    0x00,0x00,0x00,0x00,0x00,0x00,0x00,0x00,0x00,0x00,0x00,0x00,
    0x00,0x00,0x00,0x00,0x00,0x00,0x00,0x00,0x01,0x05,0x04,0x04,
    0x0d,0x0a,0x09,0x17,0x13,0x12,0x01,0x01,0x01,0x00,0x00,0x00,
    0x00,0x00,0x00,0x00,0x00,0x00,0x00,0x00,0x00,0x00,0x00,0x00,
    0x00,0x00,0x00,0x00,0x00,0x00,0x00,0x00,0x00,0x00,0x00,0x00,
    0x00,0x00,0x00,0x00,0x00,0x00,0x00,0x00,0x00,0x00,0x00,0x00,
    0x00,0x00,0x00,0x01,0x01,0x01,0x01,0x01,0x01,0x00,0x00,0x00,
    0x00,0x00,0x00,0x00,0x00,0x00,0x01,0x00,0x00,0x04,0x01,0x00,
    0x04,0x01,0x00,0x06,0x01,0x00,0x04,0x00,0x00,0x05,0x00,0x00,
    0x05,0x01,0x00,0x06,0x00,0x00,0x06,0x00,0x00,0x06,0x00,0x00,
    0x06,0x00,0x00,0x06,0x00,0x00,0x06,0x00,0x00,0x06,0x00,0x00,
    0x08,0x00,0x00,0x09,0x00,0x00,0x09,0x00,0x00,0x09,0x00,0x00,
    0x0b,0x01,0x00,0x0c,0x02,0x01,0x0a,0x00,0x00,0x0b,0x01,0x00,
    0x0b,0x01,0x00,0x0b,0x01,0x00,0x0b,0x01,0x00,0x0b,0x01,0x00,
    0x0c,0x01,0x00,0x0c,0x00,0x00,0x0d,0x01,0x00,0x0d,0x01,0x00,
    0x0e,0x01,0x00,0x0e,0x02,0x00,0x0e,0x01,0x00,0x10,0x01,0x01,
    0x0f,0x01,0x00,0x11,0x01,0x01,0x13,0x02,0x01,0x12,0x01,0x01,
    0x12,0x02,0x00,0x14,0x02,0x01,0x14,0x03,0x01,0x13,0x03,0x00,
    0x12,0x03,0x01,0x14,0x03,0x01,0x15,0x03,0x01,0x16,0x03,0x01,
    0x15,0x03,0x01,0x16,0x03,0x01,0x16,0x04,0x00,0x15,0x04,0x00,
    0x17,0x06,0x01,0x18,0x05,0x00,0x17,0x05,0x00,0x19,0x06,0x01,
    0x19,0x06,0x01,0x19,0x06,0x01,0x19,0x06,0x01,0x1a,0x05,0x01,
    0x19,0x05,0x00,0x1a,0x05,0x01,0x19,0x05,0x01,0x1a,0x05,0x01,
    0x1c,0x05,0x01,0x1b,0x05,0x00,0x1b,0x06,0x01,0x1a,0x06,0x01,
    0x00,0x00,0x00,0x00,0x00,0x00,0x00,0x00,0x00,0x00,0x00,0x00,
    0x00,0x00,0x00,0x00,0x00,0x00,0x00,0x00,0x00,0x00,0x00,0x00,
    0x00,0x00,0x00,0x00,0x00,0x00,0x00,0x00,0x00,0x00,0x00,0x00,
    0x00,0x00,0x00,0x00,0x00,0x00,0x00,0x00,0x00,0x00,0x00,0x00,
    0x00,0x00,0x00,0x00,0x00,0x00,0x00,0x00,0x00,0x00,0x00,0x00,
    0x00,0x00,0x00,0x00,0x00,0x00,0x00,0x00,0x00,0x00,0x00,0x00,
    0x00,0x00,0x00,0x00,0x00,0x00,0x00,0x00,0x00,0x00,0x00,0x00,
    0x00,0x00,0x00,0x00,0x00,0x00,0x00,0x00,0x00,0x00,0x00,0x00,
    0x00,0x00,0x00,0x00,0x00,0x00,0x00,0x00,0x00,0x00,0x00,0x00,
    0x00,0x00,0x00,0x00,0x00,0x00,0x06,0x05,0x03,0x0e,0x0b,0x08,
    0x0d,0x09,0x07,0x3c,0x34,0x2d,0x2f,0x2c,0x29,0x00,0x00,0x00,
    0x01,0x01,0x01,0x00,0x00,0x00,0x00,0x00,0x00,0x00,0x00,0x00,
    0x00,0x00,0x00,0x00,0x00,0x00,0x00,0x00,0x00,0x00,0x00,0x00,
    0x00,0x00,0x00,0x00,0x00,0x00,0x00,0x00,0x00,0x00,0x00,0x00,
    0x00,0x00,0x00,0x00,0x00,0x00,0x01,0x01,0x01,0x00,0x00,0x00,
    0x00,0x00,0x00,0x00,0x00,0x00,0x00,0x00,0x00,0x02,0x00,0x00,
    0x03,0x00,0x00,0x04,0x01,0x00,0x04,0x01,0x00,0x04,0x01,0x00,
    0x05,0x01,0x00,0x06,0x00,0x00,0x06,0x00,0x00,0x06,0x00,0x00,
    0x06,0x00,0x00,0x06,0x00,0x00,0x06,0x00,0x00,0x06,0x00,0x00,
    0x08,0x00,0x01,0x09,0x00,0x01,0x08,0x00,0x00,0x0a,0x02,0x01,
    0x12,0x08,0x07,0x09,0x00,0x00,0x0b,0x01,0x00,0x0a,0x00,0x00,
    0x0a,0x01,0x00,0x0b,0x01,0x00,0x0b,0x01,0x00,0x0a,0x01,0x00,
    0x0b,0x01,0x00,0x0c,0x00,0x00,0x0c,0x00,0x00,0x0b,0x01,0x00,
    0x0c,0x01,0x00,0x0c,0x02,0x00,0x0e,0x01,0x00,0x0f,0x01,0x00,
    0x0f,0x01,0x00,0x10,0x01,0x00,0x12,0x01,0x01,0x12,0x02,0x01,
    0x11,0x02,0x00,0x12,0x02,0x01,0x12,0x03,0x01,0x12,0x03,0x01,
    0x13,0x04,0x01,0x13,0x03,0x01,0x13,0x03,0x01,0x14,0x04,0x01,
    0x15,0x04,0x00,0x15,0x04,0x00,0x16,0x04,0x01,0x16,0x04,0x00,
    0x18,0x05,0x01,0x19,0x05,0x00,0x17,0x05,0x00,0x18,0x05,0x00,
    0x19,0x06,0x00,0x19,0x06,0x01,0x1a,0x06,0x01,0x1a,0x06,0x00,
    0x1b,0x07,0x01,0x1b,0x06,0x01,0x1a,0x05,0x00,0x1a,0x04,0x01,
    0x1b,0x04,0x01,0x1a,0x05,0x00,0x1a,0x05,0x01,0x1b,0x06,0x01,
    0x00,0x00,0x00,0x00,0x00,0x00,0x00,0x00,0x00,0x00,0x00,0x00,
    0x00,0x00,0x00,0x00,0x00,0x00,0x00,0x00,0x00,0x00,0x00,0x00,
    0x00,0x00,0x00,0x00,0x00,0x00,0x00,0x00,0x00,0x00,0x00,0x00,
    0x00,0x00,0x00,0x00,0x00,0x00,0x00,0x00,0x00,0x00,0x00,0x00,
    0x00,0x00,0x00,0x00,0x00,0x00,0x00,0x00,0x00,0x00,0x00,0x00,
    0x00,0x00,0x00,0x00,0x00,0x00,0x00,0x00,0x00,0x00,0x00,0x00,
    0x00,0x00,0x00,0x00,0x00,0x00,0x00,0x00,0x00,0x00,0x00,0x00,
    0x00,0x00,0x00,0x00,0x00,0x00,0x00,0x00,0x00,0x00,0x00,0x00,
    0x00,0x00,0x00,0x00,0x00,0x00,0x00,0x00,0x00,0x00,0x00,0x00,
    0x00,0x00,0x00,0x07,0x04,0x02,0x0e,0x09,0x06,0x15,0x0f,0x09,
    0x0f,0x0a,0x07,0x2e,0x28,0x1f,0x31,0x2d,0x28,0x01,0x01,0x02,
    0x00,0x00,0x00,0x00,0x00,0x00,0x00,0x00,0x00,0x00,0x00,0x00,
    0x00,0x00,0x00,0x00,0x00,0x00,0x00,0x00,0x00,0x00,0x00,0x00,
    0x00,0x00,0x00,0x00,0x00,0x00,0x00,0x00,0x00,0x01,0x01,0x01,
    0x00,0x00,0x00,0x00,0x00,0x00,0x00,0x00,0x00,0x00,0x00,0x00,
    0x00,0x00,0x00,0x00,0x00,0x00,0x00,0x00,0x00,0x03,0x00,0x00,
    0x03,0x01,0x00,0x03,0x00,0x00,0x04,0x00,0x00,0x05,0x01,0x00,
    0x05,0x01,0x00,0x06,0x00,0x00,0x06,0x00,0x00,0x06,0x00,0x00,
    0x06,0x00,0x00,0x06,0x00,0x00,0x06,0x00,0x00,0x06,0x00,0x00,
    0x08,0x00,0x01,0x09,0x00,0x00,0x09,0x00,0x00,0x0a,0x01,0x01,
    0x0d,0x05,0x05,0x0a,0x00,0x00,0x0c,0x01,0x00,0x0b,0x00,0x00,
    0x0b,0x01,0x00,0x0b,0x01,0x00,0x0b,0x01,0x00,0x0b,0x01,0x00,
    0x0c,0x00,0x00,0x0c,0x00,0x00,0x0b,0x01,0x00,0x0b,0x01,0x00,
    0x0b,0x01,0x00,0x0d,0x02,0x00,0x10,0x01,0x01,0x0f,0x01,0x00,
    0x11,0x01,0x01,0x0f,0x01,0x00,0x10,0x01,0x00,0x10,0x01,0x01,
    0x10,0x02,0x01,0x12,0x02,0x00,0x13,0x03,0x01,0x13,0x03,0x01,
    0x12,0x03,0x01,0x13,0x04,0x01,0x13,0x03,0x01,0x14,0x04,0x01,
    0x13,0x04,0x00,0x13,0x04,0x00,0x15,0x04,0x00,0x17,0x04,0x01,
    0x17,0x05,0x01,0x19,0x06,0x00,0x18,0x05,0x00,0x17,0x06,0x00,
    0x18,0x06,0x00,0x18,0x05,0x00,0x19,0x07,0x01,0x1a,0x06,0x00,
    0x1b,0x07,0x01,0x1a,0x06,0x01,0x1a,0x05,0x01,0x1a,0x05,0x01,
    0x1b,0x06,0x01,0x1a,0x05,0x00,0x19,0x05,0x00,0x1a,0x05,0x00,
    0x00,0x00,0x00,0x00,0x00,0x00,0x00,0x00,0x00,0x00,0x00,0x00,
    0x00,0x00,0x00,0x00,0x00,0x00,0x00,0x00,0x00,0x00,0x00,0x00,
    0x00,0x00,0x00,0x00,0x00,0x00,0x00,0x00,0x00,0x00,0x00,0x00,
    0x00,0x00,0x00,0x00,0x00,0x00,0x00,0x00,0x00,0x00,0x00,0x00,
    0x00,0x00,0x00,0x00,0x00,0x00,0x00,0x00,0x00,0x00,0x00,0x00,
    0x00,0x00,0x00,0x00,0x00,0x00,0x00,0x00,0x00,0x00,0x00,0x00,
    0x00,0x00,0x00,0x00,0x00,0x00,0x00,0x00,0x00,0x00,0x00,0x00,
    0x00,0x00,0x00,0x00,0x00,0x00,0x00,0x00,0x00,0x00,0x00,0x00,
    0x00,0x00,0x00,0x00,0x00,0x00,0x00,0x00,0x00,0x00,0x00,0x00,
    0x01,0x01,0x00,0x08,0x05,0x03,0x0a,0x07,0x05,0x13,0x0f,0x0a,
    0x07,0x05,0x03,0x0b,0x08,0x07,0x20,0x1d,0x1a,0x01,0x01,0x01,
    0x00,0x00,0x00,0x00,0x00,0x00,0x00,0x00,0x00,0x00,0x00,0x00,
    0x00,0x00,0x00,0x00,0x00,0x00,0x00,0x00,0x00,0x00,0x00,0x00,
    0x00,0x00,0x00,0x00,0x00,0x00,0x00,0x00,0x00,0x00,0x00,0x00,
    0x00,0x00,0x00,0x00,0x00,0x00,0x00,0x00,0x00,0x00,0x00,0x00,
    0x00,0x00,0x00,0x00,0x00,0x00,0x01,0x00,0x00,0x04,0x00,0x00,
    0x03,0x01,0x00,0x03,0x01,0x00,0x04,0x00,0x00,0x05,0x01,0x00,
    0x05,0x01,0x00,0x06,0x00,0x00,0x06,0x00,0x00,0x06,0x00,0x00,
    0x06,0x00,0x00,0x06,0x00,0x00,0x06,0x00,0x00,0x06,0x00,0x00,
    0x06,0x00,0x00,0x08,0x01,0x01,0x08,0x00,0x00,0x08,0x00,0x00,
    0x07,0x00,0x00,0x0a,0x00,0x00,0x0a,0x01,0x00,0x0a,0x01,0x00,
    0x0a,0x01,0x00,0x0b,0x00,0x00,0x0b,0x00,0x00,0x0b,0x01,0x00,
    0x0c,0x00,0x00,0x0c,0x01,0x01,0x0b,0x01,0x00,0x0b,0x01,0x00,
    0x0c,0x01,0x00,0x0c,0x02,0x01,0x0f,0x01,0x00,0x10,0x01,0x01,
    0x0f,0x01,0x01,0x0f,0x01,0x00,0x0f,0x01,0x00,0x0e,0x01,0x00,
    0x10,0x01,0x01,0x11,0x02,0x00,0x12,0x03,0x01,0x13,0x03,0x01,
    0x12,0x04,0x01,0x12,0x03,0x01,0x12,0x03,0x01,0x14,0x04,0x01,
    0x15,0x04,0x00,0x14,0x04,0x00,0x15,0x04,0x00,0x18,0x04,0x01,
    0x17,0x05,0x01,0x17,0x05,0x00,0x19,0x05,0x00,0x17,0x06,0x00,
    0x18,0x05,0x00,0x18,0x05,0x00,0x18,0x06,0x00,0x19,0x06,0x00,
    0x19,0x06,0x01,0x19,0x06,0x01,0x19,0x06,0x00,0x1a,0x05,0x01,
    0x1a,0x06,0x01,0x1b,0x05,0x01,0x19,0x05,0x00,0x1a,0x05,0x00,
    0x00,0x00,0x00,0x00,0x00,0x00,0x00,0x00,0x00,0x00,0x00,0x00,
    0x00,0x00,0x00,0x00,0x00,0x00,0x00,0x00,0x00,0x00,0x00,0x00,
    0x00,0x00,0x00,0x00,0x00,0x00,0x00,0x00,0x00,0x00,0x00,0x00,
    0x00,0x00,0x00,0x00,0x00,0x00,0x00,0x00,0x00,0x00,0x00,0x00,
    0x00,0x00,0x00,0x00,0x00,0x00,0x00,0x00,0x00,0x00,0x00,0x00,
    0x00,0x00,0x00,0x00,0x00,0x00,0x00,0x00,0x00,0x00,0x00,0x00,
    0x00,0x00,0x00,0x00,0x00,0x00,0x00,0x00,0x00,0x00,0x00,0x00,
    0x00,0x00,0x00,0x00,0x00,0x00,0x00,0x00,0x00,0x00,0x00,0x00,
    0x00,0x00,0x00,0x00,0x00,0x00,0x00,0x00,0x00,0x00,0x00,0x00,
    0x00,0x00,0x00,0x02,0x01,0x01,0x05,0x01,0x01,0x02,0x01,0x01,
    0x05,0x03,0x03,0x02,0x01,0x01,0x00,0x00,0x00,0x00,0x00,0x00,
    0x00,0x00,0x00,0x00,0x00,0x00,0x00,0x00,0x00,0x00,0x00,0x00,
    0x00,0x00,0x00,0x00,0x00,0x00,0x00,0x00,0x00,0x00,0x00,0x00,
    0x00,0x00,0x00,0x00,0x00,0x00,0x00,0x00,0x00,0x00,0x00,0x00,
    0x00,0x00,0x00,0x00,0x00,0x00,0x00,0x00,0x00,0x00,0x00,0x00,
    0x00,0x00,0x00,0x00,0x00,0x00,0x00,0x00,0x00,0x01,0x00,0x00,
    0x01,0x00,0x00,0x03,0x00,0x00,0x03,0x01,0x00,0x04,0x01,0x00,
    0x05,0x01,0x00,0x05,0x01,0x00,0x06,0x00,0x00,0x06,0x00,0x00,
    0x06,0x00,0x00,0x06,0x00,0x00,0x06,0x00,0x00,0x06,0x00,0x00,
    0x06,0x00,0x00,0x06,0x00,0x00,0x06,0x00,0x00,0x08,0x00,0x00,
    0x09,0x00,0x01,0x09,0x01,0x00,0x09,0x01,0x00,0x09,0x00,0x00,
    0x09,0x01,0x00,0x0a,0x01,0x00,0x0b,0x00,0x00,0x0b,0x01,0x00,
    0x0c,0x01,0x00,0x0c,0x00,0x00,0x0b,0x00,0x00,0x0b,0x01,0x00,
    0x0c,0x01,0x00,0x0b,0x01,0x00,0x0d,0x01,0x00,0x0f,0x01,0x00,
    0x0f,0x01,0x00,0x0f,0x01,0x00,0x0f,0x01,0x00,0x10,0x01,0x01,
    0x10,0x01,0x01,0x12,0x02,0x01,0x12,0x02,0x00,0x13,0x03,0x01,
    0x12,0x03,0x01,0x12,0x03,0x00,0x12,0x03,0x01,0x13,0x04,0x01,
    0x14,0x04,0x01,0x13,0x04,0x01,0x15,0x04,0x00,0x15,0x04,0x00,
    0x15,0x04,0x00,0x14,0x05,0x00,0x17,0x05,0x00,0x18,0x05,0x01,
    0x17,0x05,0x01,0x18,0x05,0x00,0x19,0x06,0x00,0x19,0x06,0x00,
    0x19,0x07,0x00,0x1a,0x05,0x00,0x19,0x05,0x01,0x1b,0x06,0x01,
    0x1b,0x06,0x00,0x1b,0x05,0x01,0x1a,0x05,0x01,0x1b,0x06,0x01,
    0x00,0x00,0x00,0x00,0x00,0x00,0x00,0x00,0x00,0x00,0x00,0x00,
    0x00,0x00,0x00,0x00,0x00,0x00,0x00,0x00,0x00,0x00,0x00,0x00,
    0x00,0x00,0x00,0x00,0x00,0x00,0x00,0x00,0x00,0x00,0x00,0x00,
    0x00,0x00,0x00,0x00,0x00,0x00,0x00,0x00,0x00,0x00,0x00,0x00,
    0x00,0x00,0x00,0x00,0x00,0x00,0x00,0x00,0x00,0x00,0x00,0x00,
    0x00,0x00,0x00,0x00,0x00,0x00,0x00,0x00,0x00,0x00,0x00,0x00,
    0x00,0x00,0x00,0x00,0x00,0x00,0x00,0x00,0x00,0x00,0x00,0x00,
    0x00,0x00,0x00,0x00,0x00,0x00,0x00,0x00,0x00,0x00,0x00,0x00,
    0x00,0x00,0x00,0x00,0x00,0x00,0x00,0x00,0x00,0x00,0x00,0x00,
    0x00,0x00,0x00,0x00,0x00,0x00,0x01,0x00,0x00,0x03,0x02,0x02,
    0x02,0x02,0x01,0x00,0x00,0x00,0x01,0x01,0x01,0x00,0x00,0x00,
    0x00,0x00,0x00,0x00,0x00,0x00,0x00,0x00,0x00,0x00,0x00,0x00,
    0x00,0x00,0x00,0x00,0x00,0x00,0x00,0x00,0x00,0x00,0x00,0x00,
    0x01,0x01,0x01,0x00,0x00,0x00,0x00,0x00,0x00,0x00,0x00,0x00,
    0x00,0x00,0x00,0x00,0x00,0x00,0x00,0x00,0x00,0x00,0x00,0x00,
    0x00,0x00,0x00,0x00,0x00,0x00,0x00,0x00,0x00,0x00,0x00,0x00,
    0x00,0x00,0x00,0x02,0x00,0x00,0x02,0x00,0x01,0x03,0x01,0x00,
    0x05,0x01,0x00,0x05,0x01,0x00,0x05,0x01,0x00,0x05,0x01,0x00,
    0x06,0x00,0x00,0x06,0x00,0x00,0x06,0x00,0x00,0x06,0x00,0x00,
    0x06,0x00,0x00,0x07,0x00,0x00,0x06,0x00,0x00,0x08,0x00,0x00,
    0x08,0x00,0x00,0x07,0x00,0x00,0x07,0x00,0x00,0x09,0x01,0x00,
    0x09,0x01,0x00,0x0b,0x01,0x00,0x0b,0x01,0x00,0x0b,0x01,0x00,
    0x0b,0x01,0x00,0x0c,0x01,0x00,0x0c,0x01,0x00,0x0c,0x00,0x00,
    0x0c,0x00,0x00,0x0c,0x00,0x00,0x0c,0x01,0x00,0x0c,0x02,0x00,
    0x0d,0x02,0x00,0x0d,0x02,0x00,0x0e,0x02,0x01,0x10,0x01,0x01,
    0x10,0x02,0x01,0x11,0x01,0x01,0x11,0x02,0x00,0x14,0x03,0x01,
    0x13,0x03,0x01,0x13,0x03,0x01,0x13,0x03,0x01,0x13,0x03,0x01,
    0x12,0x03,0x00,0x13,0x04,0x01,0x14,0x04,0x00,0x14,0x03,0x01,
    0x15,0x04,0x00,0x15,0x04,0x01,0x17,0x05,0x01,0x18,0x05,0x01,
    0x16,0x04,0x01,0x17,0x05,0x01,0x19,0x06,0x01,0x18,0x05,0x00,
    0x19,0x06,0x01,0x19,0x06,0x00,0x19,0x05,0x00,0x1b,0x06,0x01,
    0x1b,0x07,0x01,0x1a,0x05,0x01,0x1b,0x05,0x01,0x1a,0x05,0x01,
    0x00,0x00,0x00,0x00,0x00,0x00,0x00,0x00,0x00,0x00,0x00,0x00,
    0x00,0x00,0x00,0x00,0x00,0x00,0x00,0x00,0x00,0x00,0x00,0x00,
    0x00,0x00,0x00,0x00,0x00,0x00,0x00,0x00,0x00,0x00,0x00,0x00,
    0x00,0x00,0x00,0x00,0x00,0x00,0x00,0x00,0x00,0x00,0x00,0x00,
    0x00,0x00,0x00,0x00,0x00,0x00,0x00,0x00,0x00,0x00,0x00,0x00,
    0x00,0x00,0x00,0x00,0x00,0x00,0x00,0x00,0x00,0x00,0x00,0x00,
    0x00,0x00,0x00,0x00,0x00,0x00,0x00,0x00,0x00,0x00,0x00,0x00,
    0x00,0x00,0x00,0x00,0x00,0x00,0x00,0x00,0x00,0x00,0x00,0x00,
    0x00,0x00,0x00,0x00,0x00,0x00,0x00,0x00,0x00,0x00,0x00,0x00,
    0x00,0x00,0x00,0x00,0x00,0x00,0x00,0x00,0x00,0x00,0x00,0x00,
    0x00,0x00,0x00,0x00,0x00,0x00,0x00,0x00,0x00,0x00,0x00,0x00,
    0x00,0x00,0x00,0x00,0x00,0x00,0x00,0x00,0x00,0x00,0x00,0x00,
    0x00,0x00,0x00,0x00,0x00,0x00,0x00,0x00,0x00,0x00,0x00,0x00,
    0x00,0x00,0x00,0x00,0x00,0x00,0x00,0x00,0x00,0x00,0x00,0x00,
    0x00,0x00,0x00,0x00,0x00,0x00,0x00,0x00,0x00,0x00,0x00,0x00,
    0x00,0x00,0x00,0x00,0x00,0x00,0x00,0x00,0x00,0x01,0x00,0x00,
    0x00,0x00,0x00,0x01,0x00,0x00,0x01,0x00,0x00,0x02,0x00,0x00,
    0x05,0x01,0x00,0x05,0x01,0x00,0x05,0x01,0x00,0x05,0x01,0x00,
    0x06,0x00,0x00,0x06,0x00,0x00,0x06,0x00,0x00,0x05,0x00,0x00,
    0x08,0x00,0x00,0x09,0x00,0x00,0x08,0x00,0x00,0x07,0x00,0x00,
    0x07,0x00,0x00,0x08,0x00,0x01,0x08,0x00,0x00,0x09,0x01,0x00,
    0x09,0x00,0x00,0x0b,0x01,0x00,0x0b,0x01,0x00,0x0b,0x01,0x00,
    0x0b,0x01,0x00,0x0b,0x01,0x00,0x0c,0x01,0x00,0x0c,0x00,0x00,
    0x0c,0x00,0x00,0x0c,0x00,0x00,0x0b,0x01,0x00,0x0c,0x02,0x00,
    0x0d,0x02,0x00,0x0d,0x02,0x01,0x0e,0x01,0x00,0x0f,0x01,0x00,
    0x10,0x01,0x01,0x11,0x01,0x01,0x10,0x01,0x01,0x11,0x02,0x01,
    0x11,0x02,0x00,0x12,0x03,0x01,0x12,0x03,0x00,0x12,0x03,0x00,
    0x12,0x03,0x01,0x14,0x04,0x01,0x13,0x04,0x01,0x13,0x04,0x00,
    0x13,0x04,0x01,0x13,0x03,0x01,0x16,0x05,0x00,0x17,0x06,0x00,
    0x17,0x05,0x01,0x17,0x05,0x01,0x18,0x06,0x00,0x19,0x06,0x00,
    0x1a,0x06,0x01,0x18,0x06,0x01,0x18,0x06,0x00,0x1a,0x07,0x01,
    0x1a,0x06,0x01,0x1b,0x07,0x01,0x1b,0x06,0x01,0x19,0x05,0x00,
    0x00,0x00,0x00,0x00,0x00,0x00,0x00,0x00,0x00,0x00,0x00,0x00,
    0x00,0x00,0x00,0x00,0x00,0x00,0x00,0x00,0x00,0x00,0x00,0x00,
    0x00,0x00,0x00,0x00,0x00,0x00,0x00,0x00,0x00,0x00,0x00,0x00,
    0x00,0x00,0x00,0x00,0x00,0x00,0x00,0x00,0x00,0x00,0x00,0x00,
    0x00,0x00,0x00,0x00,0x00,0x00,0x00,0x00,0x00,0x00,0x00,0x00,
    0x00,0x00,0x00,0x00,0x00,0x00,0x00,0x00,0x00,0x00,0x00,0x00,
    0x00,0x00,0x00,0x00,0x00,0x00,0x00,0x00,0x00,0x00,0x00,0x00,
    0x00,0x00,0x00,0x00,0x00,0x00,0x00,0x00,0x00,0x00,0x00,0x00,
    0x00,0x00,0x00,0x00,0x00,0x00,0x00,0x00,0x00,0x00,0x00,0x00,
    0x00,0x00,0x00,0x00,0x00,0x00,0x00,0x00,0x00,0x00,0x00,0x00,
    0x00,0x00,0x00,0x00,0x00,0x00,0x00,0x00,0x00,0x00,0x00,0x00,
    0x00,0x00,0x00,0x00,0x00,0x00,0x00,0x00,0x00,0x00,0x00,0x00,
    0x00,0x00,0x00,0x00,0x00,0x00,0x00,0x00,0x00,0x00,0x00,0x00,
    0x00,0x00,0x00,0x00,0x00,0x00,0x00,0x00,0x00,0x00,0x00,0x00,
    0x00,0x00,0x00,0x00,0x00,0x00,0x00,0x00,0x00,0x00,0x00,0x00,
    0x00,0x00,0x00,0x00,0x00,0x00,0x00,0x00,0x00,0x00,0x00,0x00,
    0x01,0x00,0x00,0x02,0x00,0x00,0x02,0x00,0x01,0x03,0x00,0x01,
    0x04,0x00,0x00,0x02,0x01,0x00,0x04,0x01,0x00,0x06,0x00,0x00,
    0x06,0x00,0x00,0x06,0x00,0x00,0x06,0x00,0x00,0x05,0x00,0x00,
    0x08,0x00,0x00,0x08,0x00,0x00,0x07,0x00,0x00,0x06,0x00,0x00,
    0x06,0x00,0x00,0x07,0x00,0x00,0x08,0x00,0x00,0x07,0x00,0x00,
    0x09,0x00,0x00,0x0a,0x00,0x00,0x09,0x00,0x00,0x09,0x01,0x00,
    0x0a,0x00,0x00,0x0b,0x01,0x00,0x0c,0x01,0x00,0x0c,0x00,0x00,
    0x0c,0x00,0x00,0x0c,0x00,0x00,0x0b,0x01,0x00,0x0c,0x01,0x00,
    0x0c,0x02,0x00,0x0d,0x02,0x01,0x0e,0x01,0x00,0x10,0x01,0x01,
    0x10,0x01,0x00,0x10,0x01,0x01,0x11,0x01,0x01,0x11,0x01,0x01,
    0x11,0x01,0x01,0x10,0x02,0x01,0x12,0x02,0x01,0x14,0x03,0x00,
    0x13,0x03,0x01,0x13,0x04,0x01,0x13,0x04,0x00,0x13,0x04,0x00,
    0x13,0x04,0x01,0x14,0x04,0x01,0x15,0x04,0x01,0x14,0x04,0x00,
    0x16,0x05,0x00,0x17,0x05,0x01,0x18,0x06,0x00,0x18,0x05,0x00,
    0x18,0x06,0x01,0x19,0x06,0x01,0x19,0x06,0x00,0x1a,0x06,0x01,
    0x1b,0x06,0x01,0x1b,0x06,0x01,0x1a,0x05,0x01,0x1a,0x05,0x00,
    0x00,0x00,0x00,0x00,0x00,0x00,0x01,0x00,0x00,0x00,0x00,0x00,
    0x00,0x00,0x00,0x00,0x00,0x00,0x00,0x00,0x00,0x00,0x00,0x00,
    0x00,0x00,0x00,0x00,0x00,0x00,0x00,0x00,0x00,0x00,0x00,0x00,
    0x00,0x00,0x00,0x00,0x00,0x00,0x00,0x00,0x00,0x00,0x00,0x00,
    0x00,0x00,0x00,0x00,0x00,0x00,0x00,0x00,0x00,0x00,0x00,0x00,
    0x00,0x00,0x00,0x00,0x00,0x00,0x00,0x00,0x00,0x00,0x00,0x00,
    0x00,0x00,0x00,0x00,0x00,0x00,0x00,0x00,0x00,0x00,0x00,0x00,
    0x00,0x00,0x00,0x00,0x00,0x00,0x00,0x00,0x00,0x00,0x00,0x00,
    0x00,0x00,0x00,0x00,0x00,0x00,0x00,0x00,0x00,0x00,0x00,0x00,
    0x00,0x00,0x00,0x00,0x00,0x00,0x00,0x00,0x00,0x00,0x00,0x00,
    0x00,0x00,0x00,0x00,0x00,0x00,0x00,0x00,0x00,0x00,0x00,0x00,
    0x00,0x00,0x00,0x00,0x00,0x00,0x00,0x00,0x00,0x00,0x00,0x00,
    0x00,0x00,0x00,0x00,0x00,0x00,0x00,0x00,0x00,0x00,0x00,0x00,
    0x00,0x00,0x00,0x00,0x00,0x00,0x00,0x00,0x00,0x00,0x00,0x00,
    0x00,0x00,0x00,0x00,0x00,0x00,0x00,0x00,0x00,0x00,0x00,0x00,
    0x00,0x00,0x00,0x00,0x00,0x00,0x00,0x00,0x00,0x00,0x00,0x00,
    0x00,0x00,0x00,0x00,0x00,0x00,0x02,0x00,0x00,0x03,0x01,0x00,
    0x02,0x01,0x00,0x02,0x01,0x00,0x04,0x01,0x00,0x06,0x01,0x00,
    0x06,0x00,0x00,0x04,0x00,0x00,0x05,0x00,0x00,0x05,0x00,0x00,
    0x07,0x00,0x00,0x09,0x00,0x01,0x07,0x00,0x00,0x07,0x00,0x00,
    0x08,0x00,0x00,0x08,0x00,0x00,0x08,0x00,0x00,0x06,0x00,0x00,
    0x08,0x00,0x00,0x0a,0x00,0x00,0x0a,0x01,0x00,0x09,0x01,0x00,
    0x0a,0x01,0x00,0x0b,0x01,0x00,0x0d,0x01,0x00,0x0d,0x01,0x00,
    0x0c,0x01,0x00,0x0b,0x01,0x00,0x0c,0x00,0x00,0x0c,0x00,0x00,
    0x0d,0x02,0x00,0x0c,0x02,0x00,0x0d,0x01,0x00,0x0f,0x01,0x00,
    0x0f,0x01,0x00,0x0f,0x01,0x00,0x11,0x01,0x00,0x10,0x01,0x00,
    0x10,0x01,0x01,0x10,0x02,0x01,0x11,0x02,0x01,0x13,0x03,0x01,
    0x12,0x03,0x01,0x13,0x04,0x01,0x12,0x03,0x00,0x12,0x03,0x01,
    0x13,0x04,0x01,0x15,0x05,0x00,0x15,0x04,0x01,0x13,0x04,0x00,
    0x15,0x04,0x00,0x17,0x05,0x01,0x18,0x05,0x01,0x16,0x05,0x01,
    0x16,0x05,0x01,0x18,0x06,0x00,0x18,0x06,0x00,0x1a,0x06,0x01,
    0x1b,0x06,0x01,0x19,0x06,0x00,0x19,0x05,0x00,0x1a,0x05,0x01,
    0x00,0x00,0x00,0x00,0x00,0x00,0x00,0x00,0x00,0x00,0x00,0x00,
    0x00,0x00,0x00,0x00,0x00,0x00,0x00,0x00,0x00,0x00,0x00,0x00,
    0x00,0x00,0x00,0x00,0x00,0x00,0x00,0x00,0x00,0x00,0x00,0x00,
    0x00,0x00,0x00,0x00,0x00,0x00,0x00,0x00,0x00,0x00,0x00,0x00,
    0x00,0x00,0x00,0x00,0x00,0x00,0x00,0x00,0x00,0x00,0x00,0x00,
    0x00,0x00,0x00,0x00,0x00,0x00,0x00,0x00,0x00,0x00,0x00,0x00,
    0x00,0x00,0x00,0x00,0x00,0x00,0x00,0x00,0x00,0x00,0x00,0x00,
    0x00,0x00,0x00,0x00,0x00,0x00,0x00,0x00,0x00,0x00,0x00,0x00,
    0x00,0x00,0x00,0x00,0x00,0x00,0x00,0x00,0x00,0x00,0x00,0x00,
    0x00,0x00,0x00,0x00,0x00,0x00,0x00,0x00,0x00,0x00,0x00,0x00,
    0x00,0x00,0x00,0x00,0x00,0x00,0x00,0x00,0x00,0x00,0x00,0x00,
    0x00,0x00,0x00,0x00,0x00,0x00,0x00,0x00,0x00,0x00,0x00,0x00,
    0x00,0x00,0x00,0x00,0x00,0x00,0x00,0x00,0x00,0x00,0x00,0x00,
    0x00,0x00,0x00,0x00,0x00,0x00,0x00,0x00,0x00,0x00,0x00,0x00,
    0x00,0x00,0x00,0x00,0x00,0x00,0x00,0x00,0x00,0x00,0x00,0x00,
    0x00,0x00,0x00,0x00,0x00,0x00,0x00,0x00,0x00,0x00,0x00,0x00,
    0x00,0x00,0x00,0x00,0x00,0x00,0x00,0x00,0x00,0x02,0x00,0x00,
    0x04,0x00,0x00,0x03,0x00,0x00,0x04,0x01,0x00,0x03,0x00,0x00,
    0x09,0x04,0x03,0x12,0x08,0x06,0x08,0x01,0x00,0x06,0x00,0x00,
    0x06,0x00,0x00,0x06,0x00,0x00,0x06,0x00,0x00,0x09,0x00,0x01,
    0x08,0x00,0x00,0x08,0x00,0x00,0x08,0x00,0x00,0x06,0x00,0x00,
    0x08,0x00,0x00,0x09,0x00,0x00,0x0a,0x00,0x00,0x09,0x00,0x00,
    0x0a,0x00,0x00,0x0a,0x01,0x00,0x0b,0x01,0x00,0x0c,0x01,0x00,
    0x0b,0x01,0x00,0x0c,0x01,0x00,0x0c,0x00,0x00,0x0c,0x01,0x00,
    0x0d,0x01,0x01,0x0c,0x02,0x00,0x0c,0x02,0x00,0x0e,0x01,0x00,
    0x0e,0x02,0x00,0x0d,0x02,0x00,0x0f,0x01,0x01,0x0e,0x02,0x01,
    0x10,0x01,0x01,0x11,0x02,0x00,0x12,0x03,0x00,0x12,0x04,0x01,
    0x12,0x04,0x01,0x13,0x04,0x01,0x13,0x03,0x01,0x13,0x03,0x00,
    0x12,0x04,0x01,0x13,0x04,0x00,0x15,0x04,0x00,0x14,0x04,0x00,
    0x15,0x05,0x01,0x17,0x05,0x01,0x16,0x04,0x01,0x16,0x05,0x01,
    0x18,0x05,0x01,0x18,0x06,0x00,0x18,0x06,0x00,0x19,0x06,0x01,
    0x1b,0x06,0x01,0x19,0x06,0x01,0x19,0x05,0x00,0x1a,0x05,0x00,
    0x00,0x00,0x00,0x02,0x02,0x01,0x09,0x08,0x06,0x00,0x00,0x00,
    0x00,0x00,0x00,0x00,0x00,0x00,0x00,0x00,0x00,0x00,0x00,0x00,
    0x00,0x00,0x00,0x00,0x00,0x00,0x00,0x00,0x00,0x00,0x00,0x00,
    0x00,0x00,0x00,0x00,0x00,0x00,0x00,0x00,0x00,0x00,0x00,0x00,
    0x00,0x00,0x00,0x00,0x00,0x00,0x00,0x00,0x00,0x00,0x00,0x00,
    0x00,0x00,0x00,0x00,0x00,0x00,0x00,0x00,0x00,0x00,0x00,0x00,
    0x00,0x00,0x00,0x00,0x00,0x00,0x00,0x00,0x00,0x00,0x00,0x00,
    0x00,0x00,0x00,0x00,0x00,0x00,0x00,0x00,0x00,0x00,0x00,0x00,
    0x00,0x00,0x00,0x00,0x00,0x00,0x00,0x00,0x00,0x00,0x00,0x00,
    0x00,0x00,0x00,0x00,0x00,0x00,0x00,0x00,0x00,0x00,0x00,0x00,
    0x00,0x00,0x00,0x00,0x00,0x00,0x00,0x00,0x00,0x00,0x00,0x00,
    0x00,0x00,0x00,0x00,0x00,0x00,0x00,0x00,0x00,0x00,0x00,0x00,
    0x00,0x00,0x00,0x00,0x00,0x00,0x00,0x00,0x00,0x00,0x00,0x00,
    0x00,0x00,0x00,0x00,0x00,0x00,0x00,0x00,0x00,0x00,0x00,0x00,
    0x00,0x00,0x00,0x00,0x00,0x00,0x00,0x00,0x00,0x00,0x00,0x00,
    0x00,0x00,0x00,0x00,0x00,0x00,0x00,0x00,0x00,0x00,0x00,0x00,
    0x00,0x00,0x00,0x00,0x00,0x00,0x00,0x00,0x00,0x01,0x00,0x00,
    0x04,0x00,0x00,0x04,0x00,0x00,0x04,0x00,0x00,0x06,0x01,0x00,
    0x12,0x07,0x05,0x17,0x0b,0x08,0x08,0x01,0x01,0x07,0x00,0x00,
    0x08,0x00,0x01,0x07,0x00,0x00,0x08,0x00,0x00,0x08,0x00,0x00,
    0x08,0x00,0x00,0x09,0x00,0x01,0x08,0x00,0x00,0x07,0x00,0x00,
    0x08,0x00,0x00,0x08,0x00,0x00,0x09,0x00,0x01,0x09,0x01,0x00,
    0x09,0x00,0x00,0x09,0x01,0x00,0x0b,0x01,0x00,0x0b,0x01,0x00,
    0x0b,0x01,0x00,0x0b,0x01,0x00,0x0b,0x01,0x00,0x0b,0x01,0x00,
    0x0c,0x01,0x00,0x0a,0x01,0x00,0x0b,0x01,0x00,0x0c,0x01,0x00,
    0x0d,0x02,0x00,0x0d,0x02,0x01,0x0d,0x02,0x01,0x0e,0x01,0x00,
    0x10,0x01,0x01,0x11,0x02,0x00,0x11,0x02,0x00,0x12,0x03,0x01,
    0x12,0x03,0x01,0x12,0x04,0x01,0x13,0x04,0x01,0x12,0x03,0x01,
    0x14,0x04,0x01,0x14,0x04,0x00,0x13,0x04,0x00,0x13,0x04,0x00,
    0x14,0x05,0x00,0x14,0x05,0x00,0x16,0x05,0x00,0x15,0x04,0x00,
    0x15,0x05,0x01,0x18,0x06,0x00,0x18,0x06,0x01,0x19,0x06,0x00,
    0x1a,0x05,0x00,0x19,0x05,0x00,0x1a,0x05,0x00,0x19,0x06,0x00,
    0x02,0x01,0x01,0x27,0x23,0x1c,0x3f,0x3a,0x32,0x0c,0x0b,0x0a,
    0x00,0x00,0x00,0x01,0x01,0x00,0x00,0x00,0x00,0x00,0x00,0x00,
    0x00,0x00,0x00,0x00,0x00,0x00,0x00,0x00,0x00,0x00,0x00,0x00,
    0x00,0x00,0x00,0x00,0x00,0x00,0x00,0x00,0x00,0x00,0x00,0x00,
    0x00,0x00,0x00,0x00,0x00,0x00,0x00,0x00,0x00,0x00,0x00,0x00,
    0x00,0x00,0x00,0x00,0x00,0x00,0x00,0x00,0x00,0x00,0x00,0x00,
    0x00,0x00,0x00,0x00,0x00,0x00,0x00,0x00,0x00,0x00,0x00,0x00,
    0x00,0x00,0x00,0x00,0x00,0x00,0x00,0x00,0x00,0x00,0x00,0x00,
    0x00,0x00,0x00,0x00,0x00,0x00,0x00,0x00,0x00,0x00,0x00,0x00,
    0x00,0x00,0x00,0x00,0x00,0x00,0x00,0x00,0x00,0x00,0x00,0x00,
    0x00,0x00,0x00,0x00,0x00,0x00,0x00,0x00,0x00,0x00,0x00,0x00,
    0x00,0x00,0x00,0x00,0x00,0x00,0x00,0x00,0x00,0x00,0x00,0x00,
    0x00,0x00,0x00,0x00,0x00,0x00,0x00,0x00,0x00,0x00,0x00,0x00,
    0x00,0x00,0x00,0x00,0x00,0x00,0x00,0x00,0x00,0x00,0x00,0x00,
    0x00,0x00,0x00,0x00,0x00,0x00,0x00,0x00,0x00,0x00,0x00,0x00,
    0x00,0x00,0x00,0x00,0x00,0x00,0x00,0x00,0x00,0x00,0x00,0x00,
    0x00,0x00,0x00,0x00,0x00,0x00,0x00,0x00,0x00,0x02,0x00,0x00,
    0x04,0x00,0x00,0x03,0x00,0x00,0x03,0x00,0x00,0x06,0x01,0x00,
    0x0c,0x03,0x01,0x13,0x09,0x04,0x0f,0x06,0x03,0x08,0x01,0x01,
    0x08,0x00,0x01,0x08,0x00,0x01,0x07,0x00,0x00,0x08,0x00,0x01,
    0x08,0x00,0x00,0x08,0x00,0x00,0x08,0x00,0x00,0x07,0x00,0x00,
    0x08,0x00,0x00,0x07,0x00,0x00,0x08,0x00,0x00,0x09,0x01,0x00,
    0x09,0x01,0x00,0x09,0x01,0x00,0x0a,0x01,0x00,0x0b,0x01,0x00,
    0x0b,0x01,0x00,0x0b,0x00,0x00,0x0b,0x01,0x00,0x0b,0x01,0x00,
    0x0c,0x01,0x00,0x0b,0x01,0x00,0x0b,0x01,0x00,0x0c,0x01,0x00,
    0x0c,0x02,0x00,0x0d,0x02,0x00,0x0e,0x02,0x01,0x0e,0x01,0x00,
    0x0f,0x01,0x01,0x11,0x01,0x01,0x11,0x02,0x00,0x12,0x03,0x00,
    0x12,0x04,0x01,0x12,0x04,0x01,0x12,0x05,0x01,0x14,0x04,0x01,
    0x15,0x04,0x01,0x14,0x04,0x01,0x15,0x04,0x00,0x14,0x04,0x00,
    0x13,0x04,0x00,0x14,0x04,0x00,0x15,0x04,0x01,0x15,0x05,0x00,
    0x15,0x05,0x00,0x18,0x06,0x00,0x19,0x06,0x01,0x18,0x05,0x00,
    0x19,0x06,0x01,0x19,0x06,0x01,0x1a,0x05,0x00,0x1a,0x06,0x01,
    0x0e,0x0c,0x0a,0x34,0x2d,0x25,0x2d,0x29,0x24,0x16,0x16,0x15,
    0x00,0x00,0x00,0x01,0x01,0x01,0x00,0x00,0x00,0x00,0x00,0x00,
    0x00,0x00,0x00,0x00,0x00,0x00,0x00,0x00,0x00,0x00,0x00,0x00,
    0x00,0x00,0x00,0x00,0x00,0x00,0x00,0x00,0x00,0x00,0x00,0x00,
    0x00,0x00,0x00,0x00,0x00,0x00,0x00,0x00,0x00,0x00,0x00,0x00,
    0x00,0x00,0x00,0x00,0x00,0x00,0x00,0x00,0x00,0x00,0x00,0x00,
    0x00,0x00,0x00,0x00,0x00,0x00,0x00,0x00,0x00,0x00,0x00,0x00,
    0x00,0x00,0x00,0x00,0x00,0x00,0x00,0x00,0x00,0x00,0x00,0x00,
    0x00,0x00,0x00,0x00,0x00,0x00,0x00,0x00,0x00,0x00,0x00,0x00,
    0x00,0x00,0x00,0x00,0x00,0x00,0x00,0x00,0x00,0x00,0x00,0x00,
    0x00,0x00,0x00,0x00,0x00,0x00,0x00,0x00,0x00,0x00,0x00,0x00,
    0x00,0x00,0x00,0x00,0x00,0x00,0x00,0x00,0x00,0x00,0x00,0x00,
    0x00,0x00,0x00,0x00,0x00,0x00,0x00,0x00,0x00,0x00,0x00,0x00,
    0x00,0x00,0x00,0x00,0x00,0x00,0x00,0x00,0x00,0x00,0x00,0x00,
    0x00,0x00,0x00,0x00,0x00,0x00,0x00,0x00,0x00,0x00,0x00,0x00,
    0x00,0x00,0x00,0x00,0x00,0x00,0x00,0x00,0x00,0x00,0x00,0x00,
    0x00,0x00,0x00,0x00,0x00,0x00,0x00,0x00,0x00,0x03,0x00,0x00,
    0x04,0x00,0x00,0x03,0x00,0x00,0x03,0x00,0x00,0x03,0x00,0x00,
    0x08,0x01,0x00,0x0b,0x03,0x01,0x0e,0x05,0x03,0x0a,0x03,0x02,
    0x07,0x00,0x00,0x07,0x00,0x00,0x06,0x00,0x00,0x08,0x00,0x01,
    0x07,0x00,0x00,0x08,0x00,0x00,0x08,0x00,0x00,0x08,0x00,0x00,
    0x08,0x00,0x00,0x06,0x00,0x00,0x06,0x00,0x00,0x08,0x00,0x00,
    0x0a,0x01,0x00,0x0a,0x01,0x00,0x0a,0x01,0x00,0x09,0x00,0x00,
    0x0b,0x01,0x00,0x0b,0x01,0x00,0x0b,0x01,0x00,0x0b,0x01,0x00,
    0x0c,0x01,0x00,0x0c,0x00,0x00,0x0b,0x01,0x00,0x0b,0x01,0x00,
    0x0d,0x02,0x00,0x0d,0x02,0x00,0x0d,0x02,0x01,0x0e,0x01,0x00,
    0x10,0x01,0x00,0x11,0x01,0x01,0x10,0x01,0x01,0x10,0x03,0x01,
    0x13,0x04,0x01,0x12,0x04,0x01,0x13,0x04,0x01,0x12,0x03,0x01,
    0x15,0x04,0x00,0x15,0x04,0x00,0x16,0x04,0x01,0x15,0x04,0x00,
    0x13,0x04,0x00,0x13,0x04,0x01,0x16,0x04,0x00,0x16,0x04,0x00,
    0x16,0x04,0x01,0x17,0x06,0x00,0x18,0x05,0x00,0x19,0x06,0x00,
    0x19,0x05,0x00,0x19,0x06,0x01,0x1a,0x06,0x01,0x1b,0x06,0x00,
    0x06,0x05,0x03,0x0e,0x09,0x06,0x0a,0x07,0x06,0x05,0x05,0x05,
    0x00,0x00,0x00,0x00,0x00,0x00,0x00,0x00,0x00,0x00,0x00,0x00,
    0x00,0x00,0x00,0x00,0x00,0x00,0x00,0x00,0x00,0x00,0x00,0x00,
    0x00,0x00,0x00,0x00,0x00,0x00,0x00,0x00,0x00,0x00,0x00,0x00,
    0x00,0x00,0x00,0x00,0x00,0x00,0x00,0x00,0x00,0x00,0x00,0x00,
    0x00,0x00,0x00,0x00,0x00,0x00,0x00,0x00,0x00,0x00,0x00,0x00,
    0x00,0x00,0x00,0x00,0x00,0x00,0x00,0x00,0x00,0x00,0x00,0x00,
    0x00,0x00,0x00,0x00,0x00,0x00,0x00,0x00,0x00,0x00,0x00,0x00,
    0x00,0x00,0x00,0x00,0x00,0x00,0x00,0x00,0x00,0x00,0x00,0x00,
    0x00,0x00,0x00,0x00,0x00,0x00,0x00,0x00,0x00,0x00,0x00,0x00,
    0x00,0x00,0x00,0x00,0x00,0x00,0x00,0x00,0x00,0x00,0x00,0x00,
    0x00,0x00,0x00,0x00,0x00,0x00,0x00,0x00,0x00,0x00,0x00,0x00,
    0x00,0x00,0x00,0x00,0x00,0x00,0x00,0x00,0x00,0x00,0x00,0x00,
    0x00,0x00,0x00,0x00,0x00,0x00,0x00,0x00,0x00,0x00,0x00,0x00,
    0x00,0x00,0x00,0x00,0x00,0x00,0x00,0x00,0x00,0x00,0x00,0x00,
    0x00,0x00,0x00,0x00,0x00,0x00,0x00,0x00,0x00,0x00,0x00,0x00,
    0x00,0x00,0x00,0x00,0x00,0x00,0x00,0x00,0x00,0x03,0x01,0x00,
    0x03,0x00,0x00,0x03,0x00,0x00,0x04,0x00,0x00,0x04,0x00,0x00,
    0x06,0x00,0x00,0x05,0x00,0x00,0x06,0x01,0x01,0x05,0x00,0x00,
    0x06,0x00,0x00,0x07,0x01,0x01,0x07,0x01,0x01,0x06,0x00,0x00,
    0x08,0x00,0x00,0x07,0x00,0x00,0x07,0x00,0x00,0x07,0x00,0x00,
    0x07,0x00,0x00,0x06,0x00,0x00,0x06,0x00,0x00,0x08,0x00,0x00,
    0x09,0x00,0x00,0x0a,0x01,0x00,0x09,0x01,0x00,0x0a,0x01,0x00,
    0x0b,0x01,0x00,0x0b,0x01,0x00,0x0b,0x01,0x00,0x0c,0x01,0x00,
    0x0c,0x01,0x00,0x0c,0x01,0x00,0x0c,0x01,0x00,0x0c,0x01,0x00,
    0x0c,0x02,0x00,0x0d,0x02,0x00,0x0d,0x02,0x01,0x0d,0x01,0x00,
    0x0f,0x01,0x00,0x0e,0x01,0x00,0x0d,0x01,0x00,0x0e,0x02,0x01,
    0x11,0x03,0x01,0x12,0x03,0x01,0x12,0x04,0x00,0x11,0x03,0x01,
    0x13,0x04,0x00,0x14,0x04,0x01,0x15,0x04,0x00,0x13,0x04,0x01,
    0x13,0x04,0x01,0x14,0x04,0x00,0x14,0x04,0x00,0x15,0x04,0x00,
    0x16,0x04,0x01,0x17,0x05,0x01,0x18,0x05,0x00,0x18,0x05,0x00,
    0x18,0x06,0x00,0x19,0x06,0x01,0x19,0x06,0x01,0x19,0x06,0x00,
    0x0c,0x09,0x06,0x19,0x15,0x10,0x05,0x04,0x04,0x00,0x00,0x00,
    0x00,0x00,0x00,0x00,0x00,0x00,0x00,0x00,0x00,0x00,0x00,0x00,
    0x00,0x00,0x00,0x00,0x00,0x00,0x00,0x00,0x00,0x00,0x00,0x00,
    0x00,0x00,0x00,0x00,0x00,0x00,0x00,0x00,0x00,0x00,0x00,0x00,
    0x00,0x00,0x00,0x00,0x00,0x00,0x00,0x00,0x00,0x00,0x00,0x00,
    0x00,0x00,0x00,0x00,0x00,0x00,0x00,0x00,0x00,0x00,0x00,0x00,
    0x00,0x00,0x00,0x00,0x00,0x00,0x00,0x00,0x00,0x00,0x00,0x00,
    0x00,0x00,0x00,0x00,0x00,0x00,0x00,0x00,0x00,0x00,0x00,0x00,
    0x00,0x00,0x00,0x00,0x00,0x00,0x00,0x00,0x00,0x00,0x00,0x00,
    0x00,0x00,0x00,0x00,0x00,0x00,0x00,0x00,0x00,0x00,0x00,0x00,
    0x00,0x00,0x00,0x00,0x00,0x00,0x00,0x00,0x00,0x00,0x00,0x00,
    0x00,0x00,0x00,0x00,0x00,0x00,0x00,0x00,0x00,0x00,0x00,0x00,
    0x00,0x00,0x00,0x00,0x00,0x00,0x00,0x00,0x00,0x00,0x00,0x00,
    0x00,0x00,0x00,0x00,0x00,0x00,0x01,0x01,0x01,0x00,0x00,0x00,
    0x00,0x00,0x00,0x00,0x00,0x00,0x00,0x00,0x00,0x00,0x00,0x00,
    0x00,0x00,0x00,0x00,0x00,0x00,0x00,0x00,0x00,0x00,0x00,0x00,
    0x00,0x00,0x00,0x00,0x00,0x00,0x01,0x00,0x00,0x02,0x01,0x00,
    0x02,0x01,0x00,0x02,0x01,0x00,0x02,0x00,0x00,0x03,0x00,0x00,
    0x05,0x01,0x00,0x05,0x01,0x00,0x07,0x02,0x01,0x06,0x02,0x01,
    0x05,0x00,0x00,0x06,0x00,0x00,0x06,0x01,0x00,0x06,0x00,0x00,
    0x06,0x00,0x00,0x06,0x01,0x01,0x06,0x00,0x00,0x06,0x00,0x00,
    0x06,0x00,0x00,0x06,0x00,0x00,0x07,0x00,0x00,0x07,0x00,0x00,
    0x08,0x00,0x00,0x09,0x00,0x01,0x09,0x00,0x00,0x0a,0x01,0x00,
    0x0b,0x01,0x00,0x0b,0x01,0x00,0x0b,0x01,0x00,0x0b,0x01,0x00,
    0x0b,0x01,0x00,0x0b,0x01,0x00,0x0a,0x00,0x00,0x0c,0x02,0x00,
    0x0d,0x02,0x00,0x0c,0x02,0x00,0x0c,0x02,0x00,0x0c,0x02,0x00,
    0x0e,0x03,0x01,0x0d,0x02,0x00,0x0c,0x02,0x00,0x0e,0x02,0x00,
    0x0f,0x02,0x00,0x12,0x02,0x01,0x12,0x02,0x00,0x11,0x03,0x00,
    0x13,0x04,0x01,0x12,0x03,0x00,0x14,0x04,0x00,0x14,0x04,0x00,
    0x13,0x04,0x00,0x13,0x04,0x00,0x13,0x04,0x00,0x15,0x04,0x00,
    0x17,0x06,0x00,0x18,0x06,0x01,0x17,0x05,0x00,0x18,0x05,0x00,
    0x18,0x05,0x00,0x19,0x06,0x00,0x1a,0x07,0x01,0x19,0x06,0x01,
    0x08,0x06,0x05,0x08,0x07,0x06,0x00,0x00,0x00,0x00,0x00,0x00,
    0x00,0x00,0x00,0x00,0x00,0x00,0x00,0x00,0x00,0x00,0x00,0x00,
    0x00,0x00,0x00,0x00,0x00,0x00,0x00,0x00,0x00,0x00,0x00,0x00,
    0x00,0x00,0x00,0x00,0x00,0x00,0x00,0x00,0x00,0x00,0x00,0x00,
    0x00,0x00,0x00,0x00,0x00,0x00,0x00,0x00,0x00,0x00,0x00,0x00,
    0x00,0x00,0x00,0x00,0x00,0x00,0x00,0x00,0x00,0x00,0x00,0x00,
    0x00,0x00,0x00,0x00,0x00,0x00,0x00,0x00,0x00,0x00,0x00,0x00,
    0x00,0x00,0x00,0x00,0x00,0x00,0x00,0x00,0x00,0x00,0x00,0x00,
    0x00,0x00,0x00,0x00,0x00,0x00,0x00,0x00,0x00,0x00,0x00,0x00,
    0x00,0x00,0x00,0x00,0x00,0x00,0x00,0x00,0x00,0x00,0x00,0x00,
    0x00,0x00,0x00,0x00,0x00,0x00,0x00,0x00,0x00,0x00,0x00,0x00,
    0x00,0x00,0x00,0x00,0x00,0x00,0x00,0x00,0x00,0x00,0x00,0x00,
    0x00,0x00,0x00,0x00,0x00,0x00,0x00,0x00,0x00,0x00,0x00,0x00,
    0x00,0x00,0x00,0x00,0x00,0x00,0x00,0x00,0x00,0x00,0x00,0x00,
    0x00,0x00,0x00,0x00,0x00,0x00,0x00,0x00,0x00,0x00,0x00,0x00,
    0x00,0x00,0x00,0x00,0x00,0x00,0x00,0x00,0x00,0x00,0x00,0x00,
    0x00,0x00,0x00,0x00,0x00,0x00,0x00,0x01,0x00,0x02,0x01,0x00,
    0x02,0x01,0x00,0x02,0x01,0x00,0x02,0x00,0x01,0x03,0x00,0x01,
    0x03,0x01,0x00,0x03,0x01,0x00,0x05,0x01,0x00,0x05,0x01,0x00,
    0x06,0x00,0x00,0x06,0x00,0x00,0x06,0x00,0x00,0x07,0x01,0x00,
    0x06,0x00,0x00,0x07,0x00,0x00,0x06,0x00,0x00,0x06,0x00,0x00,
    0x06,0x00,0x00,0x07,0x00,0x00,0x07,0x00,0x00,0x08,0x00,0x00,
    0x08,0x00,0x01,0x07,0x00,0x00,0x08,0x00,0x00,0x09,0x01,0x00,
    0x0b,0x01,0x00,0x0b,0x01,0x00,0x0b,0x01,0x00,0x0b,0x01,0x00,
    0x0a,0x01,0x00,0x0a,0x01,0x00,0x0a,0x01,0x00,0x0b,0x01,0x00,
    0x0c,0x02,0x00,0x0c,0x01,0x00,0x0c,0x02,0x00,0x0d,0x02,0x00,
    0x0d,0x02,0x00,0x0d,0x02,0x00,0x0c,0x01,0x00,0x0d,0x01,0x00,
    0x10,0x01,0x01,0x11,0x02,0x01,0x10,0x02,0x01,0x11,0x02,0x00,
    0x12,0x03,0x00,0x12,0x04,0x01,0x14,0x04,0x01,0x15,0x04,0x00,
    0x15,0x03,0x00,0x15,0x05,0x00,0x15,0x04,0x00,0x14,0x03,0x00,
    0x16,0x05,0x01,0x18,0x05,0x00,0x18,0x05,0x00,0x18,0x05,0x00,
    0x18,0x06,0x00,0x19,0x06,0x00,0x1a,0x06,0x00,0x19,0x06,0x00,
    0x00,0x00,0x00,0x00,0x00,0x00,0x00,0x00,0x00,0x00,0x00,0x00,
    0x00,0x00,0x00,0x00,0x00,0x00,0x00,0x00,0x00,0x00,0x00,0x00,
    0x00,0x00,0x00,0x00,0x00,0x00,0x00,0x00,0x00,0x00,0x00,0x00,
    0x00,0x00,0x00,0x00,0x00,0x00,0x00,0x00,0x00,0x00,0x00,0x00,
    0x00,0x00,0x00,0x00,0x00,0x00,0x00,0x00,0x00,0x00,0x00,0x00,
    0x00,0x00,0x00,0x00,0x00,0x00,0x00,0x00,0x00,0x00,0x00,0x00,
    0x00,0x00,0x00,0x00,0x00,0x00,0x00,0x00,0x00,0x00,0x00,0x00,
    0x00,0x00,0x00,0x00,0x00,0x00,0x00,0x00,0x00,0x00,0x00,0x00,
    0x00,0x00,0x00,0x00,0x00,0x00,0x00,0x00,0x00,0x00,0x00,0x00,
    0x00,0x00,0x00,0x00,0x00,0x00,0x00,0x00,0x00,0x00,0x00,0x00,
    0x00,0x00,0x00,0x00,0x00,0x00,0x00,0x00,0x00,0x00,0x00,0x00,
    0x00,0x00,0x00,0x00,0x00,0x00,0x00,0x00,0x00,0x00,0x00,0x00,
    0x00,0x00,0x00,0x00,0x00,0x00,0x00,0x00,0x00,0x00,0x00,0x00,
    0x00,0x00,0x00,0x00,0x00,0x00,0x00,0x00,0x00,0x00,0x00,0x00,
    0x00,0x00,0x00,0x00,0x00,0x00,0x00,0x00,0x00,0x00,0x00,0x00,
    0x00,0x00,0x00,0x00,0x00,0x00,0x00,0x00,0x00,0x00,0x00,0x00,
    0x00,0x00,0x00,0x00,0x00,0x00,0x00,0x00,0x00,0x01,0x00,0x00,
    0x02,0x01,0x00,0x02,0x01,0x00,0x02,0x00,0x01,0x02,0x00,0x01,
    0x03,0x01,0x00,0x04,0x00,0x00,0x05,0x01,0x00,0x05,0x01,0x00,
    0x06,0x00,0x00,0x06,0x00,0x00,0x06,0x00,0x00,0x04,0x00,0x00,
    0x05,0x00,0x00,0x06,0x00,0x00,0x08,0x00,0x01,0x06,0x00,0x00,
    0x06,0x00,0x00,0x07,0x00,0x00,0x06,0x00,0x00,0x07,0x00,0x00,
    0x06,0x00,0x00,0x05,0x00,0x00,0x08,0x00,0x01,0x0a,0x01,0x00,
    0x0a,0x00,0x00,0x0b,0x01,0x00,0x0b,0x01,0x00,0x0b,0x01,0x00,
    0x0b,0x01,0x00,0x0b,0x01,0x00,0x0b,0x01,0x00,0x0b,0x01,0x00,
    0x0a,0x00,0x00,0x0b,0x01,0x00,0x0c,0x02,0x00,0x0d,0x02,0x00,
    0x0d,0x02,0x00,0x0d,0x02,0x00,0x0d,0x02,0x00,0x0e,0x02,0x00,
    0x10,0x01,0x01,0x10,0x02,0x01,0x10,0x01,0x01,0x12,0x02,0x01,
    0x12,0x03,0x00,0x12,0x03,0x01,0x13,0x04,0x00,0x14,0x04,0x00,
    0x15,0x04,0x00,0x15,0x04,0x00,0x16,0x04,0x00,0x16,0x03,0x00,
    0x16,0x04,0x00,0x18,0x06,0x00,0x18,0x06,0x00,0x17,0x06,0x00,
    0x17,0x05,0x00,0x18,0x05,0x00,0x18,0x05,0x00,0x19,0x05,0x01,
    0x01,0x01,0x00,0x00,0x00,0x00,0x00,0x00,0x00,0x00,0x00,0x00,
    0x00,0x00,0x00,0x00,0x00,0x00,0x00,0x00,0x00,0x00,0x00,0x00,
    0x00,0x00,0x00,0x00,0x00,0x00,0x00,0x00,0x00,0x00,0x00,0x00,
    0x00,0x00,0x00,0x00,0x00,0x00,0x00,0x00,0x00,0x00,0x00,0x00,
    0x00,0x00,0x00,0x00,0x00,0x00,0x00,0x00,0x00,0x00,0x00,0x00,
    0x00,0x00,0x00,0x00,0x00,0x00,0x00,0x00,0x00,0x00,0x00,0x00,
    0x00,0x00,0x00,0x00,0x00,0x00,0x00,0x00,0x00,0x00,0x00,0x00,
    0x00,0x00,0x00,0x00,0x00,0x00,0x00,0x00,0x00,0x00,0x00,0x00,
    0x00,0x00,0x00,0x00,0x00,0x00,0x00,0x00,0x00,0x00,0x00,0x00,
    0x00,0x00,0x00,0x00,0x00,0x00,0x00,0x00,0x00,0x00,0x00,0x00,
    0x00,0x00,0x00,0x00,0x00,0x00,0x00,0x00,0x00,0x00,0x00,0x00,
    0x00,0x00,0x00,0x00,0x00,0x00,0x00,0x00,0x00,0x00,0x00,0x00,
    0x00,0x00,0x00,0x00,0x00,0x00,0x00,0x00,0x00,0x00,0x00,0x00,
    0x00,0x00,0x00,0x00,0x00,0x00,0x00,0x00,0x00,0x00,0x00,0x00,
    0x00,0x00,0x00,0x00,0x00,0x00,0x00,0x00,0x00,0x00,0x00,0x00,
    0x00,0x00,0x00,0x00,0x00,0x00,0x00,0x00,0x00,0x00,0x00,0x00,
    0x00,0x00,0x00,0x00,0x00,0x00,0x00,0x00,0x00,0x01,0x00,0x00,
    0x02,0x01,0x00,0x02,0x01,0x00,0x02,0x00,0x01,0x02,0x01,0x00,
    0x03,0x01,0x00,0x04,0x00,0x00,0x05,0x01,0x00,0x05,0x01,0x00,
    0x05,0x00,0x00,0x05,0x00,0x00,0x05,0x00,0x00,0x11,0x08,0x05,
    0x16,0x0c,0x07,0x0b,0x05,0x03,0x05,0x00,0x00,0x07,0x00,0x00,
    0x08,0x01,0x00,0x07,0x00,0x00,0x07,0x00,0x00,0x07,0x00,0x00,
    0x06,0x00,0x00,0x06,0x00,0x00,0x08,0x00,0x00,0x09,0x01,0x00,
    0x0b,0x01,0x00,0x0a,0x01,0x00,0x0a,0x01,0x00,0x0b,0x01,0x00,
    0x0b,0x01,0x00,0x0b,0x01,0x00,0x0b,0x01,0x00,0x0b,0x01,0x00,
    0x0b,0x01,0x00,0x0c,0x01,0x00,0x0c,0x02,0x00,0x0d,0x02,0x00,
    0x0d,0x02,0x00,0x0d,0x02,0x00,0x0c,0x01,0x01,0x0d,0x02,0x00,
    0x11,0x02,0x01,0x10,0x01,0x01,0x10,0x01,0x01,0x10,0x02,0x01,
    0x12,0x03,0x01,0x12,0x03,0x00,0x13,0x03,0x00,0x14,0x04,0x00,
    0x14,0x04,0x00,0x15,0x04,0x00,0x15,0x03,0x00,0x14,0x03,0x00,
    0x15,0x04,0x00,0x17,0x06,0x01,0x18,0x06,0x00,0x17,0x05,0x00,
    0x17,0x05,0x00,0x18,0x05,0x00,0x18,0x06,0x01,0x19,0x06,0x01,
    0x00,0x00,0x00,0x00,0x00,0x00,0x00,0x00,0x00,0x00,0x00,0x00,
    0x00,0x00,0x00,0x00,0x00,0x00,0x00,0x00,0x00,0x00,0x00,0x00,
    0x00,0x00,0x00,0x00,0x00,0x00,0x00,0x00,0x00,0x00,0x00,0x00,
    0x00,0x00,0x00,0x00,0x00,0x00,0x01,0x01,0x00,0x00,0x00,0x00,
    0x00,0x00,0x00,0x00,0x00,0x00,0x00,0x00,0x00,0x00,0x00,0x00,
    0x00,0x00,0x00,0x00,0x00,0x00,0x00,0x00,0x00,0x00,0x00,0x00,
    0x00,0x00,0x00,0x00,0x00,0x00,0x00,0x00,0x00,0x00,0x00,0x00,
    0x00,0x00,0x00,0x00,0x00,0x00,0x00,0x00,0x00,0x00,0x00,0x00,
    0x00,0x00,0x00,0x00,0x00,0x00,0x00,0x00,0x00,0x00,0x00,0x00,
    0x00,0x00,0x00,0x00,0x00,0x00,0x00,0x00,0x00,0x00,0x00,0x00,
    0x00,0x00,0x00,0x00,0x00,0x00,0x00,0x00,0x00,0x00,0x00,0x00,
    0x00,0x00,0x00,0x00,0x00,0x00,0x00,0x00,0x00,0x00,0x00,0x00,
    0x00,0x00,0x00,0x00,0x00,0x00,0x00,0x00,0x00,0x00,0x00,0x00,
    0x00,0x00,0x00,0x00,0x00,0x00,0x00,0x00,0x00,0x00,0x00,0x00,
    0x00,0x00,0x00,0x00,0x00,0x00,0x00,0x00,0x00,0x00,0x00,0x00,
    0x00,0x00,0x00,0x00,0x00,0x00,0x00,0x00,0x00,0x00,0x00,0x00,
    0x00,0x00,0x00,0x01,0x00,0x00,0x01,0x01,0x00,0x03,0x00,0x00,
    0x03,0x01,0x00,0x02,0x01,0x00,0x02,0x01,0x00,0x03,0x00,0x00,
    0x04,0x00,0x00,0x05,0x01,0x00,0x05,0x01,0x00,0x04,0x01,0x00,
    0x04,0x00,0x00,0x05,0x00,0x00,0x0a,0x03,0x01,0x16,0x0d,0x05,
    0x19,0x0f,0x06,0x21,0x15,0x0b,0x17,0x0c,0x08,0x06,0x00,0x00,
    0x08,0x01,0x00,0x08,0x00,0x00,0x08,0x00,0x00,0x06,0x00,0x00,
    0x06,0x00,0x00,0x08,0x00,0x00,0x09,0x01,0x00,0x09,0x00,0x00,
    0x09,0x01,0x00,0x09,0x01,0x00,0x0a,0x01,0x00,0x09,0x01,0x00,
    0x0a,0x00,0x00,0x0a,0x00,0x00,0x0a,0x01,0x00,0x0b,0x00,0x00,
    0x0c,0x01,0x01,0x0b,0x01,0x00,0x0c,0x01,0x00,0x0d,0x02,0x00,
    0x0d,0x02,0x00,0x0d,0x02,0x00,0x0c,0x01,0x01,0x0c,0x01,0x01,
    0x0e,0x02,0x00,0x0f,0x01,0x01,0x0f,0x02,0x01,0x0e,0x02,0x01,
    0x10,0x03,0x01,0x12,0x05,0x01,0x13,0x04,0x00,0x13,0x04,0x00,
    0x13,0x05,0x00,0x14,0x06,0x01,0x13,0x05,0x01,0x12,0x03,0x01,
    0x13,0x04,0x00,0x14,0x05,0x00,0x14,0x05,0x00,0x14,0x05,0x00,
    0x17,0x05,0x00,0x18,0x06,0x00,0x18,0x05,0x00,0x19,0x06,0x00,
    0x0a,0x0a,0x0a,0x01,0x01,0x01,0x00,0x00,0x00,0x00,0x00,0x00,
    0x00,0x00,0x00,0x00,0x00,0x01,0x06,0x06,0x05,0x00,0x00,0x00,
    0x00,0x00,0x00,0x00,0x00,0x00,0x00,0x00,0x00,0x00,0x00,0x00,
    0x00,0x00,0x00,0x00,0x00,0x00,0x00,0x00,0x00,0x00,0x00,0x00,
    0x00,0x00,0x00,0x00,0x00,0x00,0x00,0x00,0x00,0x00,0x00,0x00,
    0x00,0x00,0x00,0x00,0x00,0x00,0x00,0x00,0x00,0x00,0x00,0x00,
    0x00,0x00,0x00,0x00,0x00,0x00,0x00,0x00,0x00,0x00,0x00,0x00,
    0x00,0x00,0x00,0x00,0x00,0x00,0x00,0x00,0x00,0x00,0x00,0x00,
    0x00,0x00,0x00,0x00,0x00,0x00,0x00,0x00,0x00,0x00,0x00,0x00,
    0x00,0x00,0x00,0x00,0x00,0x00,0x00,0x00,0x00,0x00,0x00,0x00,
    0x00,0x00,0x00,0x00,0x00,0x00,0x00,0x00,0x00,0x00,0x00,0x00,
    0x00,0x00,0x00,0x00,0x00,0x00,0x00,0x00,0x00,0x02,0x01,0x01,
    0x00,0x00,0x00,0x00,0x00,0x00,0x00,0x00,0x00,0x00,0x00,0x00,
    0x00,0x00,0x00,0x00,0x00,0x00,0x00,0x00,0x00,0x00,0x00,0x00,
    0x00,0x00,0x00,0x00,0x00,0x00,0x00,0x00,0x00,0x00,0x00,0x00,
    0x00,0x00,0x00,0x00,0x00,0x00,0x00,0x00,0x00,0x00,0x00,0x00,
    0x00,0x00,0x00,0x02,0x01,0x00,0x02,0x01,0x00,0x03,0x01,0x00,
    0x02,0x01,0x00,0x02,0x01,0x00,0x02,0x01,0x00,0x03,0x01,0x00,
    0x04,0x00,0x00,0x04,0x00,0x00,0x04,0x00,0x00,0x03,0x00,0x00,
    0x04,0x01,0x00,0x04,0x01,0x00,0x09,0x03,0x01,0x11,0x09,0x03,
    0x11,0x08,0x01,0x12,0x08,0x02,0x21,0x14,0x0b,0x0d,0x06,0x03,
    0x05,0x00,0x00,0x07,0x00,0x00,0x07,0x01,0x00,0x08,0x01,0x00,
    0x0a,0x01,0x00,0x09,0x01,0x00,0x0a,0x01,0x00,0x09,0x01,0x00,
    0x08,0x00,0x01,0x09,0x00,0x01,0x09,0x00,0x01,0x09,0x00,0x01,
    0x0a,0x00,0x00,0x0a,0x01,0x00,0x0a,0x01,0x00,0x0b,0x00,0x00,
    0x0c,0x01,0x01,0x0b,0x01,0x00,0x0c,0x01,0x01,0x0c,0x01,0x01,
    0x0d,0x02,0x00,0x0c,0x02,0x00,0x0b,0x01,0x00,0x0d,0x02,0x00,
    0x0b,0x02,0x00,0x0c,0x02,0x00,0x0e,0x03,0x01,0x0d,0x02,0x01,
    0x0f,0x03,0x01,0x12,0x04,0x01,0x12,0x04,0x00,0x11,0x04,0x00,
    0x12,0x05,0x00,0x14,0x05,0x00,0x13,0x04,0x00,0x13,0x04,0x01,
    0x13,0x04,0x01,0x15,0x04,0x00,0x15,0x04,0x00,0x14,0x04,0x00,
    0x16,0x05,0x00,0x18,0x05,0x00,0x18,0x05,0x00,0x18,0x05,0x00,
    0x0d,0x0d,0x0d,0x02,0x02,0x02,0x00,0x00,0x00,0x00,0x00,0x00,
    0x01,0x01,0x01,0x06,0x04,0x04,0x25,0x23,0x1f,0x09,0x08,0x08,
    0x00,0x00,0x00,0x00,0x00,0x00,0x00,0x00,0x00,0x00,0x00,0x00,
    0x00,0x00,0x00,0x03,0x03,0x03,0x0d,0x0d,0x0c,0x05,0x05,0x05,
    0x00,0x00,0x00,0x00,0x00,0x00,0x00,0x00,0x00,0x00,0x00,0x00,
    0x01,0x01,0x00,0x00,0x00,0x00,0x00,0x00,0x00,0x00,0x00,0x00,
    0x00,0x00,0x00,0x00,0x00,0x00,0x00,0x00,0x00,0x00,0x00,0x00,
    0x00,0x00,0x00,0x00,0x00,0x00,0x00,0x00,0x00,0x00,0x00,0x00,
    0x00,0x00,0x00,0x00,0x00,0x00,0x00,0x00,0x00,0x00,0x00,0x00,
    0x00,0x00,0x00,0x00,0x00,0x00,0x00,0x00,0x00,0x00,0x00,0x00,
    0x00,0x00,0x00,0x00,0x00,0x00,0x00,0x00,0x00,0x00,0x00,0x00,
    0x00,0x00,0x00,0x03,0x02,0x02,0x11,0x0c,0x0a,0x00,0x00,0x00,
    0x00,0x00,0x00,0x00,0x00,0x00,0x00,0x00,0x00,0x00,0x00,0x00,
    0x00,0x00,0x00,0x00,0x00,0x00,0x00,0x00,0x00,0x00,0x00,0x00,
    0x00,0x00,0x00,0x00,0x00,0x00,0x00,0x00,0x00,0x00,0x00,0x00,
    0x00,0x00,0x00,0x00,0x00,0x00,0x00,0x00,0x00,0x00,0x00,0x00,
    0x00,0x00,0x00,0x02,0x01,0x00,0x02,0x01,0x00,0x03,0x01,0x00,
    0x02,0x01,0x00,0x02,0x01,0x00,0x02,0x01,0x00,0x03,0x01,0x00,
    0x05,0x01,0x00,0x05,0x01,0x00,0x04,0x00,0x00,0x04,0x00,0x00,
    0x04,0x01,0x00,0x05,0x01,0x00,0x05,0x01,0x00,0x09,0x02,0x01,
    0x0c,0x03,0x01,0x0e,0x04,0x01,0x11,0x07,0x02,0x0d,0x03,0x01,
    0x05,0x00,0x00,0x07,0x01,0x00,0x07,0x01,0x00,0x08,0x01,0x00,
    0x09,0x01,0x00,0x09,0x01,0x00,0x09,0x01,0x00,0x09,0x01,0x00,
    0x0a,0x00,0x01,0x09,0x00,0x01,0x09,0x00,0x01,0x09,0x00,0x01,
    0x0a,0x01,0x00,0x0b,0x01,0x00,0x0a,0x01,0x00,0x0a,0x01,0x00,
    0x0a,0x01,0x00,0x0b,0x01,0x00,0x0b,0x02,0x00,0x0c,0x02,0x01,
    0x0d,0x02,0x00,0x0d,0x02,0x00,0x0d,0x02,0x01,0x0c,0x02,0x00,
    0x0c,0x01,0x00,0x0d,0x02,0x01,0x0d,0x02,0x00,0x0d,0x02,0x01,
    0x10,0x03,0x01,0x12,0x03,0x01,0x11,0x03,0x01,0x12,0x04,0x01,
    0x12,0x05,0x00,0x13,0x04,0x00,0x13,0x04,0x00,0x13,0x04,0x01,
    0x13,0x04,0x01,0x14,0x04,0x00,0x15,0x04,0x00,0x13,0x04,0x00,
    0x16,0x04,0x00,0x17,0x05,0x00,0x18,0x05,0x00,0x18,0x05,0x01,
    0x00,0x00,0x00,0x00,0x00,0x00,0x00,0x00,0x00,0x00,0x00,0x00,
    0x00,0x00,0x00,0x03,0x02,0x02,0x25,0x22,0x1f,0x05,0x05,0x05,
    0x00,0x00,0x00,0x00,0x00,0x00,0x00,0x00,0x00,0x00,0x00,0x00,
    0x00,0x00,0x00,0x03,0x03,0x02,0x0a,0x0a,0x09,0x05,0x05,0x05,
    0x00,0x00,0x00,0x00,0x00,0x00,0x00,0x00,0x00,0x00,0x00,0x00,
    0x00,0x00,0x00,0x00,0x00,0x00,0x00,0x00,0x00,0x00,0x00,0x00,
    0x00,0x00,0x00,0x00,0x00,0x00,0x00,0x00,0x00,0x00,0x00,0x00,
    0x00,0x00,0x00,0x00,0x00,0x00,0x00,0x00,0x00,0x00,0x00,0x00,
    0x00,0x00,0x00,0x00,0x00,0x00,0x00,0x00,0x00,0x00,0x00,0x00,
    0x00,0x00,0x00,0x00,0x00,0x00,0x00,0x00,0x00,0x00,0x00,0x00,
    0x00,0x00,0x00,0x00,0x00,0x00,0x00,0x00,0x00,0x00,0x00,0x00,
    0x00,0x00,0x00,0x00,0x00,0x00,0x03,0x02,0x02,0x00,0x00,0x00,
    0x00,0x00,0x00,0x00,0x00,0x00,0x00,0x00,0x00,0x00,0x00,0x00,
    0x00,0x00,0x00,0x00,0x00,0x00,0x00,0x00,0x00,0x00,0x00,0x00,
    0x00,0x00,0x00,0x00,0x00,0x00,0x00,0x00,0x00,0x00,0x00,0x00,
    0x00,0x00,0x00,0x00,0x00,0x00,0x00,0x00,0x00,0x00,0x00,0x00,
    0x00,0x00,0x00,0x02,0x01,0x00,0x02,0x01,0x00,0x02,0x01,0x00,
    0x02,0x01,0x00,0x02,0x01,0x00,0x02,0x01,0x00,0x04,0x01,0x00,
    0x05,0x01,0x00,0x04,0x01,0x00,0x04,0x00,0x00,0x05,0x01,0x00,
    0x03,0x01,0x00,0x04,0x01,0x00,0x06,0x01,0x00,0x06,0x00,0x00,
    0x0a,0x01,0x00,0x0a,0x01,0x00,0x08,0x00,0x00,0x0c,0x02,0x01,
    0x06,0x00,0x00,0x06,0x00,0x00,0x06,0x00,0x00,0x08,0x00,0x00,
    0x09,0x01,0x00,0x09,0x01,0x00,0x09,0x00,0x00,0x09,0x00,0x01,
    0x0a,0x00,0x00,0x0a,0x00,0x00,0x0a,0x00,0x00,0x0a,0x00,0x00,
    0x0b,0x01,0x00,0x0a,0x01,0x00,0x0a,0x01,0x00,0x0a,0x01,0x00,
    0x0a,0x01,0x00,0x0b,0x00,0x00,0x0b,0x01,0x00,0x0c,0x02,0x01,
    0x0d,0x02,0x00,0x0d,0x02,0x00,0x0d,0x02,0x01,0x0c,0x01,0x00,
    0x0b,0x02,0x00,0x0e,0x03,0x01,0x0d,0x02,0x01,0x0d,0x02,0x01,
    0x0f,0x03,0x00,0x11,0x03,0x00,0x11,0x03,0x00,0x11,0x04,0x01,
    0x11,0x05,0x00,0x13,0x04,0x00,0x14,0x05,0x00,0x14,0x04,0x00,
    0x14,0x04,0x00,0x14,0x03,0x01,0x13,0x04,0x01,0x13,0x04,0x00,
    0x15,0x05,0x00,0x16,0x05,0x00,0x17,0x05,0x00,0x18,0x06,0x00,
    0x00,0x00,0x00,0x00,0x00,0x00,0x00,0x00,0x00,0x00,0x00,0x00,
    0x00,0x00,0x00,0x03,0x02,0x02,0x13,0x11,0x10,0x00,0x00,0x00,
    0x00,0x00,0x00,0x00,0x00,0x00,0x00,0x00,0x00,0x00,0x00,0x00,
    0x00,0x00,0x00,0x00,0x00,0x00,0x00,0x00,0x00,0x05,0x05,0x05,
    0x0b,0x0b,0x0b,0x00,0x00,0x00,0x01,0x01,0x01,0x13,0x13,0x11,
    0x0e,0x0e,0x0d,0x00,0x00,0x00,0x00,0x00,0x00,0x00,0x00,0x00,
    0x00,0x00,0x00,0x00,0x00,0x00,0x00,0x00,0x00,0x00,0x00,0x00,
    0x00,0x00,0x00,0x00,0x00,0x00,0x00,0x00,0x00,0x00,0x00,0x00,
    0x00,0x00,0x00,0x00,0x00,0x00,0x00,0x00,0x00,0x00,0x00,0x00,
    0x00,0x00,0x00,0x00,0x00,0x00,0x00,0x00,0x00,0x00,0x00,0x00,
    0x00,0x00,0x00,0x00,0x00,0x00,0x00,0x00,0x00,0x00,0x00,0x00,
    0x00,0x00,0x00,0x00,0x00,0x00,0x00,0x00,0x00,0x00,0x00,0x00,
    0x00,0x00,0x00,0x00,0x00,0x00,0x00,0x00,0x00,0x00,0x00,0x00,
    0x00,0x00,0x00,0x00,0x00,0x00,0x00,0x00,0x00,0x00,0x00,0x00,
    0x00,0x00,0x00,0x00,0x00,0x00,0x00,0x00,0x00,0x00,0x00,0x00,
    0x00,0x00,0x00,0x00,0x00,0x00,0x00,0x00,0x00,0x01,0x00,0x00,
    0x01,0x01,0x01,0x03,0x00,0x00,0x02,0x01,0x00,0x02,0x01,0x00,
    0x02,0x01,0x00,0x02,0x01,0x00,0x02,0x00,0x01,0x03,0x00,0x01,
    0x05,0x01,0x00,0x04,0x01,0x00,0x04,0x00,0x00,0x04,0x00,0x00,
    0x04,0x01,0x00,0x05,0x01,0x00,0x05,0x01,0x00,0x05,0x00,0x00,
    0x08,0x00,0x00,0x08,0x01,0x00,0x08,0x01,0x00,0x07,0x00,0x00,
    0x06,0x00,0x00,0x06,0x00,0x00,0x06,0x00,0x00,0x08,0x01,0x00,
    0x09,0x01,0x00,0x09,0x01,0x00,0x09,0x00,0x01,0x09,0x00,0x01,
    0x09,0x01,0x00,0x09,0x01,0x00,0x0a,0x00,0x00,0x0a,0x00,0x00,
    0x0a,0x00,0x00,0x0a,0x01,0x00,0x0a,0x01,0x00,0x09,0x01,0x00,
    0x09,0x01,0x00,0x0b,0x01,0x00,0x0b,0x01,0x00,0x0c,0x02,0x00,
    0x0c,0x02,0x00,0x0c,0x02,0x00,0x0c,0x02,0x00,0x0c,0x01,0x00,
    0x0b,0x02,0x00,0x0d,0x02,0x01,0x0e,0x02,0x01,0x0e,0x03,0x00,
    0x0e,0x03,0x01,0x0f,0x03,0x01,0x0f,0x03,0x01,0x0e,0x03,0x00,
    0x10,0x04,0x01,0x12,0x04,0x01,0x13,0x05,0x00,0x14,0x04,0x00,
    0x14,0x04,0x00,0x13,0x04,0x01,0x13,0x04,0x01,0x13,0x04,0x01,
    0x13,0x04,0x01,0x14,0x04,0x01,0x16,0x05,0x00,0x17,0x06,0x00,
    0x25,0x24,0x22,0x0e,0x0d,0x0d,0x00,0x00,0x00,0x01,0x01,0x01,
    0x00,0x00,0x00,0x00,0x00,0x00,0x00,0x00,0x00,0x00,0x00,0x00,
    0x00,0x00,0x00,0x00,0x00,0x00,0x00,0x00,0x00,0x00,0x00,0x00,
    0x00,0x00,0x00,0x00,0x00,0x00,0x00,0x00,0x00,0x00,0x00,0x00,
    0x02,0x02,0x02,0x00,0x00,0x00,0x00,0x00,0x00,0x0a,0x0a,0x09,
    0x2c,0x2b,0x27,0x02,0x01,0x01,0x01,0x01,0x01,0x00,0x00,0x00,
    0x00,0x00,0x00,0x01,0x01,0x01,0x00,0x00,0x00,0x00,0x00,0x00,
    0x00,0x00,0x00,0x00,0x00,0x00,0x00,0x00,0x00,0x00,0x00,0x00,
    0x00,0x00,0x00,0x00,0x00,0x00,0x00,0x00,0x00,0x00,0x00,0x00,
    0x00,0x00,0x00,0x00,0x00,0x00,0x00,0x00,0x00,0x00,0x00,0x00,
    0x00,0x00,0x00,0x00,0x00,0x00,0x00,0x00,0x00,0x00,0x00,0x00,
    0x00,0x00,0x00,0x00,0x00,0x00,0x00,0x00,0x00,0x00,0x00,0x00,
    0x00,0x00,0x00,0x00,0x00,0x00,0x00,0x00,0x00,0x00,0x00,0x00,
    0x00,0x00,0x00,0x00,0x00,0x00,0x00,0x00,0x00,0x00,0x00,0x00,
    0x00,0x00,0x00,0x00,0x00,0x00,0x00,0x00,0x00,0x00,0x00,0x00,
    0x00,0x00,0x00,0x00,0x00,0x00,0x02,0x00,0x00,0x02,0x00,0x01,
    0x02,0x00,0x01,0x02,0x00,0x01,0x02,0x00,0x01,0x02,0x00,0x01,
    0x02,0x00,0x01,0x02,0x00,0x01,0x02,0x00,0x01,0x02,0x00,0x01,
    0x02,0x01,0x00,0x04,0x01,0x00,0x04,0x00,0x00,0x04,0x00,0x00,
    0x05,0x01,0x00,0x05,0x01,0x00,0x05,0x01,0x00,0x05,0x01,0x00,
    0x06,0x01,0x00,0x06,0x00,0x00,0x06,0x00,0x00,0x06,0x00,0x00,
    0x06,0x00,0x00,0x06,0x00,0x00,0x06,0x00,0x00,0x08,0x01,0x00,
    0x09,0x01,0x00,0x09,0x01,0x00,0x09,0x01,0x00,0x09,0x01,0x00,
    0x09,0x01,0x00,0x09,0x00,0x01,0x09,0x00,0x01,0x09,0x00,0x01,
    0x0a,0x01,0x00,0x09,0x01,0x00,0x0a,0x01,0x00,0x0b,0x02,0x00,
    0x0b,0x02,0x00,0x0c,0x02,0x00,0x0c,0x02,0x00,0x0c,0x03,0x01,
    0x0c,0x02,0x00,0x0c,0x02,0x00,0x0c,0x02,0x00,0x0c,0x01,0x01,
    0x0c,0x01,0x00,0x0c,0x01,0x00,0x0d,0x02,0x00,0x0d,0x02,0x00,
    0x0d,0x03,0x01,0x0d,0x03,0x01,0x0d,0x03,0x01,0x0d,0x02,0x00,
    0x0f,0x03,0x00,0x12,0x04,0x01,0x12,0x04,0x00,0x14,0x05,0x00,
    0x12,0x06,0x00,0x13,0x05,0x00,0x13,0x05,0x00,0x14,0x03,0x00,
    0x13,0x04,0x01,0x13,0x04,0x01,0x15,0x05,0x00,0x17,0x05,0x01,
    0x3e,0x3c,0x37,0x0d,0x0d,0x0c,0x00,0x00,0x00,0x01,0x01,0x00,
    0x00,0x00,0x00,0x00,0x00,0x00,0x01,0x01,0x01,0x00,0x00,0x00,
    0x00,0x00,0x00,0x00,0x00,0x00,0x00,0x00,0x00,0x00,0x00,0x00,
    0x00,0x00,0x00,0x00,0x00,0x00,0x00,0x00,0x00,0x00,0x00,0x00,
    0x00,0x00,0x00,0x00,0x00,0x00,0x00,0x01,0x01,0x00,0x00,0x00,
    0x0e,0x0d,0x0c,0x03,0x03,0x03,0x00,0x00,0x00,0x00,0x00,0x00,
    0x00,0x00,0x00,0x00,0x00,0x00,0x00,0x00,0x00,0x00,0x00,0x00,
    0x00,0x00,0x00,0x00,0x00,0x00,0x00,0x00,0x00,0x00,0x00,0x00,
    0x00,0x00,0x00,0x00,0x00,0x00,0x00,0x00,0x00,0x00,0x00,0x00,
    0x00,0x00,0x00,0x00,0x00,0x00,0x00,0x00,0x00,0x00,0x00,0x00,
    0x00,0x00,0x00,0x00,0x00,0x00,0x00,0x00,0x00,0x00,0x00,0x00,
    0x00,0x00,0x00,0x00,0x00,0x00,0x00,0x00,0x00,0x00,0x00,0x00,
    0x00,0x00,0x00,0x00,0x00,0x00,0x00,0x00,0x00,0x00,0x00,0x00,
    0x00,0x00,0x00,0x00,0x00,0x00,0x00,0x00,0x00,0x00,0x00,0x00,
    0x00,0x00,0x00,0x00,0x00,0x00,0x00,0x00,0x00,0x00,0x00,0x00,
    0x00,0x00,0x00,0x00,0x00,0x00,0x01,0x00,0x00,0x03,0x00,0x01,
    0x03,0x01,0x01,0x02,0x01,0x01,0x02,0x00,0x01,0x02,0x00,0x01,
    0x02,0x00,0x01,0x02,0x00,0x01,0x02,0x00,0x01,0x02,0x00,0x01,
    0x02,0x01,0x00,0x04,0x00,0x00,0x04,0x00,0x00,0x04,0x00,0x00,
    0x05,0x01,0x00,0x05,0x01,0x00,0x05,0x01,0x00,0x05,0x01,0x00,
    0x06,0x00,0x00,0x06,0x00,0x00,0x06,0x00,0x00,0x06,0x00,0x00,
    0x06,0x00,0x00,0x06,0x00,0x00,0x06,0x01,0x00,0x09,0x01,0x00,
    0x09,0x01,0x00,0x09,0x01,0x00,0x08,0x00,0x00,0x09,0x01,0x00,
    0x08,0x00,0x00,0x08,0x00,0x00,0x08,0x00,0x00,0x09,0x00,0x00,
    0x09,0x01,0x00,0x09,0x01,0x00,0x0a,0x01,0x00,0x0a,0x02,0x00,
    0x0c,0x02,0x00,0x0b,0x01,0x00,0x0c,0x03,0x00,0x0b,0x02,0x00,
    0x0c,0x02,0x00,0x0c,0x02,0x00,0x0c,0x02,0x00,0x0c,0x01,0x01,
    0x0c,0x01,0x01,0x0c,0x02,0x01,0x0d,0x03,0x01,0x0d,0x02,0x00,
    0x0d,0x02,0x01,0x0e,0x03,0x00,0x0e,0x02,0x00,0x0d,0x02,0x00,
    0x0e,0x03,0x01,0x11,0x03,0x00,0x11,0x03,0x00,0x12,0x04,0x00,
    0x13,0x05,0x00,0x14,0x05,0x00,0x13,0x05,0x00,0x14,0x03,0x00,
    0x13,0x04,0x01,0x13,0x04,0x00,0x17,0x05,0x01,0x18,0x05,0x00,
    0x0c,0x0c,0x0a,0x00,0x00,0x00,0x00,0x00,0x00,0x00,0x00,0x00,
    0x00,0x00,0x00,0x00,0x00,0x00,0x00,0x00,0x00,0x00,0x00,0x00,
    0x00,0x00,0x00,0x00,0x00,0x00,0x00,0x00,0x00,0x00,0x00,0x00,
    0x00,0x00,0x00,0x00,0x00,0x00,0x00,0x00,0x00,0x00,0x00,0x00,
    0x00,0x00,0x00,0x00,0x00,0x00,0x00,0x00,0x00,0x00,0x00,0x00,
    0x00,0x00,0x00,0x08,0x07,0x06,0x15,0x13,0x0d,0x1b,0x14,0x0d,
    0x39,0x30,0x27,0x18,0x16,0x13,0x07,0x08,0x07,0x05,0x05,0x05,
    0x00,0x00,0x00,0x00,0x00,0x00,0x00,0x00,0x00,0x00,0x00,0x00,
    0x00,0x00,0x00,0x00,0x00,0x00,0x00,0x00,0x00,0x00,0x00,0x00,
    0x00,0x00,0x00,0x00,0x00,0x00,0x00,0x00,0x00,0x00,0x00,0x00,
    0x00,0x00,0x00,0x00,0x00,0x00,0x00,0x00,0x00,0x00,0x00,0x00,
    0x00,0x00,0x00,0x00,0x00,0x00,0x00,0x00,0x00,0x00,0x00,0x00,
    0x00,0x00,0x00,0x00,0x00,0x00,0x00,0x00,0x00,0x00,0x00,0x00,
    0x00,0x00,0x00,0x00,0x00,0x00,0x00,0x00,0x00,0x00,0x00,0x00,
    0x00,0x00,0x00,0x00,0x00,0x00,0x00,0x00,0x00,0x00,0x00,0x00,
    0x00,0x00,0x00,0x00,0x01,0x01,0x00,0x00,0x00,0x00,0x00,0x00,
    0x00,0x00,0x00,0x00,0x00,0x00,0x01,0x00,0x00,0x01,0x01,0x01,
    0x02,0x00,0x01,0x02,0x00,0x01,0x02,0x00,0x01,0x02,0x00,0x01,
    0x02,0x01,0x00,0x03,0x00,0x00,0x04,0x00,0x00,0x04,0x00,0x00,
    0x05,0x01,0x00,0x07,0x01,0x01,0x06,0x00,0x00,0x06,0x01,0x00,
    0x06,0x00,0x00,0x06,0x00,0x00,0x06,0x00,0x00,0x06,0x00,0x00,
    0x06,0x00,0x00,0x07,0x01,0x00,0x09,0x01,0x00,0x09,0x01,0x00,
    0x09,0x01,0x00,0x09,0x00,0x00,0x09,0x00,0x01,0x06,0x00,0x00,
    0x09,0x02,0x01,0x08,0x01,0x01,0x07,0x00,0x00,0x0b,0x00,0x00,
    0x09,0x01,0x00,0x09,0x00,0x00,0x0a,0x01,0x00,0x0a,0x02,0x00,
    0x0b,0x01,0x00,0x0c,0x02,0x01,0x0c,0x02,0x01,0x0c,0x02,0x00,
    0x0c,0x02,0x00,0x0c,0x02,0x00,0x0c,0x02,0x00,0x0c,0x01,0x00,
    0x0c,0x01,0x01,0x0b,0x02,0x01,0x0d,0x03,0x01,0x0e,0x02,0x01,
    0x0e,0x03,0x01,0x0e,0x03,0x00,0x0d,0x02,0x00,0x0d,0x02,0x00,
    0x0e,0x03,0x01,0x10,0x03,0x00,0x11,0x03,0x00,0x11,0x03,0x00,
    0x13,0x04,0x00,0x13,0x05,0x00,0x13,0x04,0x00,0x13,0x04,0x01,
    0x15,0x03,0x01,0x14,0x04,0x01,0x15,0x04,0x01,0x16,0x04,0x00,
    0x00,0x00,0x00,0x00,0x00,0x00,0x00,0x00,0x00,0x00,0x00,0x00,
    0x00,0x00,0x00,0x00,0x00,0x00,0x00,0x00,0x00,0x00,0x00,0x00,
    0x00,0x00,0x00,0x00,0x00,0x00,0x00,0x00,0x00,0x00,0x00,0x00,
    0x00,0x00,0x00,0x00,0x00,0x00,0x00,0x00,0x00,0x00,0x00,0x00,
    0x00,0x00,0x00,0x00,0x00,0x00,0x01,0x01,0x00,0x00,0x00,0x00,
    0x01,0x01,0x01,0x04,0x03,0x02,0x0f,0x0b,0x05,0x0f,0x08,0x02,
    0x2e,0x23,0x1c,0x58,0x51,0x45,0x1a,0x1a,0x18,0x19,0x18,0x15,
    0x08,0x08,0x07,0x00,0x00,0x00,0x00,0x00,0x00,0x00,0x00,0x00,
    0x00,0x00,0x00,0x00,0x00,0x00,0x00,0x00,0x00,0x02,0x02,0x02,
    0x01,0x00,0x00,0x00,0x00,0x00,0x00,0x00,0x00,0x00,0x00,0x00,
    0x00,0x00,0x00,0x00,0x00,0x00,0x00,0x00,0x00,0x01,0x00,0x01,
    0x00,0x00,0x00,0x00,0x00,0x00,0x00,0x00,0x00,0x00,0x00,0x00,
    0x00,0x00,0x00,0x00,0x00,0x00,0x00,0x00,0x00,0x00,0x00,0x00,
    0x00,0x00,0x00,0x00,0x00,0x00,0x00,0x00,0x00,0x00,0x00,0x00,
    0x00,0x00,0x00,0x00,0x00,0x00,0x00,0x00,0x00,0x00,0x00,0x00,
    0x00,0x00,0x00,0x04,0x02,0x01,0x15,0x0e,0x0a,0x18,0x14,0x10,
    0x15,0x10,0x0e,0x0d,0x09,0x09,0x00,0x00,0x01,0x01,0x01,0x01,
    0x02,0x00,0x01,0x02,0x00,0x01,0x02,0x00,0x01,0x03,0x00,0x01,
    0x03,0x00,0x00,0x04,0x00,0x00,0x04,0x00,0x00,0x03,0x01,0x00,
    0x03,0x01,0x00,0x06,0x01,0x01,0x06,0x00,0x00,0x05,0x01,0x00,
    0x07,0x00,0x00,0x06,0x00,0x00,0x06,0x00,0x00,0x06,0x00,0x00,
    0x05,0x00,0x00,0x08,0x01,0x00,0x09,0x01,0x00,0x09,0x01,0x00,
    0x09,0x01,0x00,0x08,0x00,0x01,0x08,0x00,0x01,0x0b,0x02,0x01,
    0x12,0x08,0x03,0x12,0x08,0x03,0x0c,0x03,0x01,0x07,0x00,0x00,
    0x09,0x01,0x00,0x0a,0x01,0x00,0x0a,0x01,0x00,0x0a,0x02,0x00,
    0x0b,0x01,0x00,0x0c,0x02,0x01,0x0b,0x02,0x00,0x0c,0x02,0x00,
    0x0c,0x02,0x00,0x0b,0x01,0x00,0x0c,0x02,0x00,0x0b,0x02,0x00,
    0x0b,0x02,0x00,0x0b,0x02,0x00,0x0e,0x03,0x01,0x0d,0x02,0x00,
    0x0c,0x02,0x00,0x0d,0x02,0x01,0x0c,0x02,0x00,0x0d,0x02,0x00,
    0x0e,0x03,0x01,0x11,0x03,0x00,0x11,0x03,0x00,0x11,0x03,0x00,
    0x12,0x04,0x00,0x14,0x05,0x00,0x14,0x05,0x01,0x13,0x04,0x01,
    0x14,0x04,0x01,0x13,0x04,0x01,0x13,0x04,0x01,0x13,0x04,0x01,
    0x00,0x00,0x00,0x00,0x00,0x00,0x00,0x00,0x00,0x00,0x00,0x00,
    0x00,0x00,0x00,0x00,0x00,0x00,0x00,0x00,0x00,0x00,0x00,0x00,
    0x00,0x00,0x00,0x00,0x00,0x00,0x00,0x00,0x00,0x00,0x00,0x00,
    0x00,0x00,0x00,0x00,0x00,0x00,0x00,0x00,0x00,0x00,0x00,0x00,
    0x00,0x00,0x00,0x01,0x01,0x01,0x00,0x00,0x00,0x00,0x00,0x00,
    0x00,0x00,0x00,0x00,0x00,0x00,0x01,0x00,0x00,0x00,0x00,0x00,
    0x09,0x05,0x03,0x38,0x30,0x27,0x21,0x1f,0x1b,0x08,0x07,0x05,
    0x1c,0x18,0x13,0x06,0x04,0x03,0x0d,0x0b,0x08,0x12,0x0e,0x0a,
    0x00,0x00,0x01,0x01,0x00,0x01,0x00,0x00,0x00,0x09,0x09,0x08,
    0x02,0x02,0x01,0x00,0x00,0x00,0x01,0x00,0x00,0x03,0x02,0x02,
    0x01,0x01,0x01,0x00,0x00,0x00,0x00,0x00,0x00,0x00,0x00,0x00,
    0x00,0x00,0x01,0x00,0x00,0x00,0x00,0x00,0x00,0x00,0x00,0x00,
    0x00,0x00,0x00,0x00,0x00,0x00,0x00,0x00,0x00,0x00,0x00,0x00,
    0x00,0x00,0x00,0x00,0x00,0x00,0x00,0x00,0x00,0x00,0x00,0x00,
    0x00,0x00,0x00,0x00,0x00,0x00,0x00,0x00,0x00,0x00,0x00,0x00,
    0x00,0x00,0x00,0x09,0x06,0x03,0x12,0x0b,0x05,0x13,0x0c,0x06,
    0x18,0x12,0x0b,0x23,0x1a,0x13,0x1a,0x13,0x0f,0x01,0x00,0x00,
    0x03,0x00,0x01,0x02,0x00,0x01,0x02,0x01,0x01,0x03,0x00,0x00,
    0x02,0x00,0x01,0x02,0x00,0x01,0x03,0x01,0x00,0x01,0x00,0x01,
    0x03,0x01,0x00,0x05,0x01,0x00,0x05,0x01,0x00,0x05,0x01,0x00,
    0x05,0x01,0x00,0x06,0x00,0x00,0x06,0x00,0x00,0x06,0x00,0x00,
    0x08,0x01,0x00,0x09,0x01,0x00,0x09,0x01,0x00,0x09,0x01,0x00,
    0x09,0x00,0x00,0x08,0x00,0x01,0x06,0x00,0x00,0x0d,0x04,0x01,
    0x12,0x06,0x01,0x10,0x05,0x01,0x17,0x0a,0x03,0x0d,0x03,0x02,
    0x08,0x00,0x00,0x0a,0x00,0x00,0x0b,0x02,0x00,0x0c,0x02,0x00,
    0x0b,0x02,0x00,0x0c,0x02,0x01,0x0b,0x02,0x01,0x0c,0x02,0x00,
    0x0c,0x02,0x00,0x0b,0x01,0x00,0x0b,0x01,0x00,0x0b,0x02,0x00,
    0x0c,0x02,0x00,0x0c,0x02,0x01,0x0d,0x03,0x01,0x0b,0x02,0x00,
    0x0c,0x02,0x00,0x0e,0x03,0x01,0x0c,0x02,0x00,0x0c,0x02,0x00,
    0x0d,0x02,0x00,0x10,0x02,0x00,0x10,0x02,0x00,0x0e,0x02,0x00,
    0x11,0x02,0x01,0x11,0x04,0x01,0x12,0x05,0x00,0x13,0x06,0x00,
    0x14,0x04,0x00,0x14,0x05,0x00,0x13,0x04,0x01,0x13,0x04,0x00,
    0x00,0x00,0x00,0x00,0x00,0x00,0x00,0x00,0x00,0x00,0x00,0x00,
    0x00,0x00,0x00,0x00,0x00,0x00,0x00,0x00,0x00,0x00,0x00,0x00,
    0x00,0x00,0x00,0x00,0x00,0x00,0x00,0x00,0x00,0x00,0x00,0x00,
    0x00,0x00,0x00,0x04,0x04,0x03,0x04,0x03,0x01,0x00,0x00,0x00,
    0x02,0x01,0x01,0x1e,0x19,0x17,0x19,0x16,0x15,0x02,0x02,0x02,
    0x03,0x03,0x02,0x01,0x01,0x01,0x00,0x00,0x00,0x00,0x00,0x00,
    0x00,0x00,0x00,0x00,0x00,0x00,0x03,0x03,0x02,0x00,0x00,0x00,
    0x0f,0x0b,0x07,0x11,0x0c,0x09,0x08,0x06,0x04,0x21,0x1b,0x13,
    0x02,0x02,0x02,0x00,0x00,0x00,0x00,0x00,0x00,0x00,0x00,0x00,
    0x00,0x00,0x00,0x00,0x00,0x00,0x02,0x02,0x02,0x10,0x0d,0x09,
    0x11,0x0d,0x08,0x0d,0x0b,0x06,0x0d,0x0b,0x08,0x15,0x11,0x0f,
    0x00,0x00,0x01,0x00,0x00,0x00,0x00,0x00,0x00,0x00,0x00,0x00,
    0x00,0x00,0x00,0x00,0x00,0x00,0x00,0x00,0x00,0x00,0x00,0x00,
    0x00,0x00,0x00,0x00,0x00,0x00,0x00,0x00,0x00,0x00,0x00,0x00,
    0x00,0x00,0x00,0x00,0x00,0x00,0x00,0x00,0x00,0x00,0x00,0x00,
    0x00,0x00,0x00,0x02,0x01,0x00,0x03,0x00,0x00,0x08,0x02,0x00,
    0x08,0x04,0x01,0x06,0x02,0x00,0x06,0x02,0x02,0x02,0x00,0x01,
    0x02,0x00,0x01,0x02,0x00,0x01,0x02,0x01,0x01,0x03,0x00,0x00,
    0x02,0x00,0x01,0x02,0x00,0x00,0x12,0x09,0x04,0x10,0x08,0x03,
    0x02,0x00,0x00,0x04,0x01,0x00,0x05,0x01,0x00,0x06,0x01,0x00,
    0x06,0x01,0x00,0x06,0x00,0x00,0x06,0x00,0x00,0x06,0x00,0x00,
    0x09,0x01,0x00,0x09,0x01,0x00,0x08,0x01,0x00,0x08,0x00,0x00,
    0x09,0x01,0x00,0x07,0x00,0x01,0x03,0x00,0x00,0x06,0x00,0x00,
    0x0d,0x03,0x00,0x0f,0x04,0x01,0x0f,0x04,0x01,0x0f,0x03,0x02,
    0x08,0x01,0x00,0x0a,0x01,0x00,0x09,0x01,0x00,0x0b,0x02,0x00,
    0x0c,0x02,0x00,0x0b,0x02,0x00,0x0b,0x02,0x00,0x0c,0x02,0x00,
    0x0c,0x02,0x00,0x0c,0x02,0x00,0x0c,0x02,0x00,0x0c,0x02,0x00,
    0x0c,0x02,0x00,0x0c,0x03,0x01,0x0b,0x02,0x00,0x0b,0x03,0x00,
    0x0c,0x02,0x00,0x0d,0x02,0x00,0x0d,0x02,0x00,0x0d,0x02,0x00,
    0x0d,0x02,0x00,0x0f,0x01,0x01,0x0d,0x02,0x00,0x0f,0x02,0x01,
    0x0f,0x02,0x01,0x11,0x04,0x01,0x12,0x05,0x00,0x13,0x05,0x00,
    0x14,0x04,0x00,0x13,0x05,0x00,0x13,0x05,0x01,0x13,0x04,0x00,
    0x00,0x00,0x00,0x00,0x00,0x00,0x00,0x00,0x00,0x00,0x00,0x00,
    0x00,0x00,0x00,0x00,0x00,0x00,0x00,0x00,0x00,0x00,0x00,0x00,
    0x00,0x00,0x00,0x00,0x00,0x00,0x00,0x00,0x00,0x00,0x00,0x00,
    0x01,0x01,0x01,0x17,0x15,0x0e,0x1b,0x17,0x0e,0x1a,0x16,0x15,
    0x03,0x02,0x02,0x01,0x01,0x00,0x08,0x07,0x07,0x02,0x02,0x02,
    0x11,0x10,0x0f,0x05,0x05,0x05,0x00,0x00,0x00,0x00,0x00,0x00,
    0x00,0x00,0x00,0x00,0x01,0x01,0x00,0x00,0x00,0x01,0x01,0x00,
    0x07,0x06,0x05,0x00,0x00,0x00,0x00,0x00,0x00,0x01,0x01,0x01,
    0x00,0x00,0x00,0x00,0x00,0x00,0x00,0x00,0x00,0x00,0x00,0x00,
    0x00,0x00,0x00,0x00,0x00,0x00,0x00,0x00,0x00,0x02,0x01,0x00,
    0x06,0x05,0x01,0x0a,0x06,0x02,0x0b,0x06,0x03,0x20,0x1a,0x13,
    0x04,0x03,0x02,0x00,0x00,0x00,0x00,0x00,0x00,0x00,0x00,0x00,
    0x00,0x00,0x00,0x00,0x00,0x00,0x00,0x00,0x00,0x00,0x00,0x00,
    0x00,0x00,0x00,0x00,0x00,0x00,0x00,0x00,0x00,0x00,0x00,0x00,
    0x00,0x00,0x00,0x00,0x00,0x00,0x00,0x00,0x00,0x00,0x00,0x00,
    0x00,0x00,0x00,0x00,0x00,0x00,0x01,0x00,0x01,0x02,0x00,0x00,
    0x02,0x01,0x00,0x03,0x01,0x01,0x01,0x00,0x01,0x02,0x00,0x01,
    0x03,0x00,0x00,0x03,0x01,0x00,0x02,0x02,0x00,0x02,0x01,0x00,
    0x02,0x00,0x01,0x0a,0x04,0x01,0x0d,0x04,0x01,0x0b,0x03,0x01,
    0x03,0x01,0x00,0x04,0x01,0x00,0x06,0x01,0x00,0x07,0x01,0x01,
    0x06,0x01,0x00,0x06,0x00,0x00,0x06,0x00,0x00,0x09,0x01,0x00,
    0x09,0x01,0x00,0x09,0x01,0x00,0x09,0x01,0x00,0x09,0x01,0x00,
    0x07,0x00,0x00,0x0c,0x04,0x03,0x19,0x0d,0x05,0x0f,0x05,0x02,
    0x08,0x01,0x00,0x09,0x01,0x00,0x0a,0x01,0x00,0x09,0x01,0x00,
    0x09,0x01,0x00,0x09,0x01,0x00,0x0a,0x01,0x00,0x0a,0x01,0x00,
    0x0c,0x02,0x00,0x0b,0x02,0x00,0x0c,0x02,0x00,0x0c,0x02,0x00,
    0x0c,0x02,0x00,0x0c,0x02,0x00,0x0a,0x02,0x00,0x0b,0x02,0x00,
    0x0c,0x02,0x00,0x0c,0x02,0x01,0x0b,0x01,0x01,0x0c,0x02,0x00,
    0x0d,0x02,0x00,0x0d,0x02,0x00,0x0d,0x02,0x00,0x0d,0x03,0x01,
    0x0d,0x02,0x00,0x0e,0x02,0x01,0x0d,0x03,0x01,0x0f,0x02,0x01,
    0x0f,0x02,0x01,0x11,0x03,0x00,0x12,0x04,0x01,0x13,0x04,0x00,
    0x13,0x05,0x00,0x12,0x04,0x01,0x13,0x04,0x00,0x13,0x04,0x01,
    0x00,0x00,0x00,0x00,0x00,0x00,0x00,0x00,0x00,0x00,0x00,0x00,
    0x00,0x00,0x00,0x00,0x00,0x00,0x00,0x00,0x00,0x00,0x00,0x00,
    0x00,0x00,0x00,0x00,0x00,0x00,0x00,0x00,0x00,0x00,0x00,0x00,
    0x00,0x00,0x00,0x02,0x01,0x01,0x09,0x07,0x06,0x11,0x0f,0x0e,
    0x01,0x01,0x00,0x00,0x00,0x00,0x00,0x00,0x00,0x00,0x00,0x00,
    0x00,0x00,0x00,0x00,0x00,0x01,0x01,0x01,0x02,0x00,0x00,0x00,
    0x00,0x00,0x00,0x00,0x00,0x00,0x00,0x00,0x00,0x00,0x00,0x00,
    0x00,0x00,0x00,0x00,0x00,0x00,0x00,0x00,0x00,0x00,0x00,0x00,
    0x00,0x00,0x00,0x00,0x00,0x00,0x00,0x00,0x00,0x00,0x00,0x00,
    0x00,0x00,0x00,0x00,0x00,0x00,0x00,0x00,0x00,0x00,0x00,0x00,
    0x00,0x00,0x00,0x02,0x01,0x00,0x03,0x02,0x00,0x02,0x01,0x01,
    0x02,0x02,0x01,0x00,0x00,0x00,0x00,0x00,0x00,0x00,0x00,0x00,
    0x00,0x00,0x00,0x00,0x00,0x00,0x00,0x00,0x00,0x00,0x00,0x00,
    0x00,0x00,0x00,0x00,0x00,0x00,0x00,0x00,0x00,0x00,0x00,0x00,
    0x00,0x00,0x00,0x00,0x00,0x00,0x00,0x00,0x00,0x00,0x00,0x00,
    0x00,0x00,0x00,0x00,0x00,0x00,0x01,0x00,0x00,0x01,0x00,0x00,
    0x01,0x00,0x01,0x02,0x00,0x01,0x02,0x00,0x00,0x02,0x00,0x01,
    0x03,0x01,0x00,0x03,0x01,0x00,0x03,0x01,0x00,0x02,0x00,0x01,
    0x03,0x01,0x00,0x0b,0x05,0x01,0x0b,0x02,0x01,0x07,0x01,0x00,
    0x03,0x01,0x00,0x03,0x01,0x00,0x05,0x01,0x00,0x05,0x01,0x00,
    0x05,0x01,0x00,0x06,0x00,0x00,0x06,0x00,0x00,0x07,0x01,0x00,
    0x09,0x01,0x00,0x09,0x01,0x00,0x08,0x01,0x00,0x0a,0x01,0x00,
    0x08,0x01,0x00,0x0f,0x06,0x02,0x1e,0x0f,0x05,0x19,0x0c,0x03,
    0x08,0x00,0x00,0x09,0x01,0x00,0x09,0x00,0x00,0x09,0x01,0x00,
    0x09,0x01,0x00,0x0a,0x01,0x00,0x0a,0x01,0x00,0x0b,0x01,0x00,
    0x0c,0x02,0x00,0x0c,0x02,0x00,0x0c,0x02,0x00,0x0c,0x02,0x00,
    0x0b,0x01,0x00,0x0b,0x01,0x00,0x0a,0x02,0x00,0x0b,0x02,0x00,
    0x0c,0x02,0x00,0x0b,0x02,0x00,0x0c,0x02,0x01,0x0c,0x01,0x00,
    0x0c,0x02,0x01,0x0d,0x02,0x00,0x0e,0x02,0x01,0x0e,0x02,0x00,
    0x0d,0x02,0x00,0x0d,0x02,0x00,0x0e,0x02,0x01,0x0d,0x02,0x01,
    0x0f,0x02,0x01,0x10,0x03,0x00,0x11,0x04,0x01,0x11,0x03,0x01,
    0x12,0x04,0x01,0x12,0x04,0x01,0x12,0x04,0x01,0x12,0x04,0x01,
    0x00,0x00,0x00,0x00,0x00,0x00,0x00,0x00,0x00,0x00,0x00,0x00,
    0x00,0x00,0x00,0x00,0x00,0x00,0x00,0x00,0x00,0x00,0x00,0x00,
    0x00,0x00,0x00,0x00,0x00,0x00,0x00,0x00,0x00,0x00,0x00,0x00,
    0x00,0x00,0x00,0x00,0x00,0x00,0x00,0x00,0x00,0x00,0x00,0x00,
    0x00,0x00,0x00,0x00,0x00,0x00,0x00,0x00,0x00,0x00,0x00,0x00,
    0x00,0x00,0x00,0x02,0x02,0x02,0x05,0x05,0x05,0x00,0x00,0x00,
    0x00,0x00,0x00,0x00,0x00,0x00,0x0b,0x0a,0x09,0x08,0x07,0x06,
    0x00,0x00,0x00,0x00,0x00,0x00,0x00,0x00,0x00,0x00,0x00,0x00,
    0x00,0x00,0x00,0x00,0x00,0x00,0x00,0x00,0x00,0x00,0x00,0x00,
    0x00,0x00,0x00,0x01,0x01,0x01,0x00,0x00,0x00,0x00,0x00,0x00,
    0x00,0x00,0x00,0x00,0x00,0x00,0x00,0x00,0x00,0x00,0x00,0x00,
    0x08,0x06,0x05,0x06,0x05,0x03,0x00,0x00,0x00,0x00,0x00,0x00,
    0x00,0x00,0x00,0x00,0x00,0x00,0x00,0x00,0x00,0x00,0x00,0x00,
    0x00,0x00,0x00,0x00,0x00,0x00,0x00,0x00,0x00,0x00,0x00,0x00,
    0x00,0x00,0x00,0x00,0x00,0x00,0x00,0x00,0x00,0x00,0x00,0x00,
    0x01,0x00,0x00,0x01,0x00,0x00,0x02,0x00,0x01,0x02,0x00,0x01,
    0x02,0x00,0x01,0x02,0x00,0x01,0x02,0x00,0x01,0x00,0x00,0x00,
    0x00,0x00,0x00,0x02,0x01,0x00,0x02,0x00,0x01,0x01,0x00,0x00,
    0x02,0x01,0x00,0x05,0x02,0x01,0x06,0x01,0x00,0x05,0x01,0x00,
    0x03,0x01,0x00,0x04,0x01,0x00,0x05,0x01,0x00,0x05,0x01,0x00,
    0x05,0x01,0x00,0x06,0x01,0x00,0x06,0x00,0x00,0x06,0x01,0x00,
    0x08,0x01,0x00,0x0a,0x01,0x00,0x09,0x01,0x00,0x09,0x01,0x00,
    0x09,0x01,0x00,0x0d,0x04,0x01,0x10,0x06,0x02,0x10,0x06,0x01,
    0x0a,0x01,0x00,0x09,0x01,0x00,0x09,0x00,0x00,0x0a,0x00,0x00,
    0x09,0x01,0x00,0x0a,0x00,0x00,0x0b,0x01,0x00,0x0a,0x01,0x00,
    0x0b,0x01,0x00,0x0c,0x02,0x00,0x0c,0x02,0x00,0x0c,0x02,0x00,
    0x0c,0x02,0x00,0x0c,0x02,0x01,0x0b,0x02,0x01,0x0c,0x03,0x01,
    0x0c,0x02,0x01,0x0d,0x03,0x01,0x0c,0x02,0x00,0x0c,0x02,0x00,
    0x0d,0x03,0x01,0x0e,0x03,0x01,0x0e,0x03,0x01,0x0d,0x02,0x00,
    0x0d,0x02,0x00,0x0d,0x02,0x00,0x0d,0x02,0x01,0x0d,0x02,0x00,
    0x0e,0x03,0x00,0x0e,0x03,0x01,0x11,0x03,0x00,0x10,0x03,0x00,
    0x11,0x04,0x01,0x12,0x04,0x00,0x13,0x04,0x01,0x13,0x03,0x01,
    0x00,0x00,0x00,0x00,0x00,0x00,0x00,0x00,0x00,0x00,0x00,0x00,
    0x00,0x00,0x00,0x00,0x00,0x00,0x00,0x00,0x00,0x00,0x00,0x00,
    0x00,0x00,0x00,0x00,0x00,0x00,0x00,0x00,0x00,0x00,0x00,0x00,
    0x00,0x00,0x00,0x00,0x00,0x00,0x00,0x00,0x00,0x01,0x01,0x00,
    0x00,0x00,0x00,0x00,0x00,0x00,0x00,0x00,0x00,0x00,0x00,0x00,
    0x00,0x00,0x00,0x00,0x00,0x00,0x00,0x00,0x00,0x00,0x00,0x00,
    0x00,0x00,0x00,0x09,0x07,0x05,0x22,0x1d,0x15,0x14,0x12,0x0e,
    0x01,0x01,0x01,0x00,0x00,0x00,0x00,0x00,0x00,0x00,0x00,0x00,
    0x00,0x00,0x00,0x00,0x00,0x00,0x00,0x00,0x00,0x00,0x00,0x00,
    0x00,0x00,0x00,0x00,0x00,0x00,0x00,0x00,0x00,0x00,0x00,0x00,
    0x00,0x00,0x00,0x00,0x00,0x00,0x00,0x00,0x00,0x00,0x00,0x00,
    0x00,0x00,0x00,0x01,0x00,0x00,0x00,0x00,0x00,0x00,0x00,0x00,
    0x00,0x00,0x00,0x00,0x00,0x00,0x00,0x00,0x00,0x00,0x00,0x00,
    0x00,0x00,0x00,0x00,0x00,0x00,0x00,0x00,0x00,0x00,0x00,0x00,
    0x00,0x00,0x00,0x00,0x00,0x00,0x00,0x00,0x00,0x00,0x00,0x00,
    0x01,0x00,0x00,0x01,0x00,0x00,0x02,0x00,0x01,0x02,0x00,0x01,
    0x02,0x00,0x01,0x02,0x00,0x01,0x02,0x01,0x01,0x0d,0x0a,0x06,
    0x09,0x07,0x05,0x00,0x00,0x01,0x00,0x00,0x01,0x08,0x06,0x06,
    0x04,0x02,0x01,0x00,0x00,0x00,0x06,0x02,0x01,0x05,0x01,0x00,
    0x04,0x01,0x00,0x04,0x01,0x00,0x05,0x01,0x00,0x05,0x01,0x00,
    0x05,0x01,0x00,0x05,0x01,0x00,0x06,0x01,0x00,0x07,0x01,0x00,
    0x0c,0x03,0x01,0x0c,0x02,0x01,0x09,0x01,0x00,0x09,0x02,0x00,
    0x09,0x01,0x00,0x09,0x01,0x00,0x0a,0x02,0x01,0x0a,0x02,0x00,
    0x0a,0x01,0x00,0x0a,0x00,0x00,0x0a,0x00,0x00,0x0a,0x00,0x00,
    0x0a,0x01,0x00,0x0a,0x01,0x00,0x0b,0x01,0x00,0x0a,0x01,0x00,
    0x0b,0x01,0x00,0x0c,0x02,0x01,0x0b,0x01,0x00,0x0c,0x02,0x00,
    0x0c,0x02,0x01,0x0c,0x02,0x00,0x0b,0x02,0x00,0x0c,0x03,0x01,
    0x0c,0x03,0x00,0x0c,0x03,0x01,0x0b,0x02,0x00,0x0b,0x02,0x00,
    0x0d,0x03,0x01,0x0e,0x03,0x01,0x0d,0x02,0x00,0x0d,0x02,0x00,
    0x0d,0x02,0x00,0x0d,0x02,0x00,0x0d,0x02,0x00,0x0d,0x02,0x00,
    0x0d,0x02,0x01,0x0e,0x03,0x00,0x10,0x03,0x00,0x0f,0x03,0x00,
    0x10,0x03,0x00,0x0f,0x03,0x00,0x11,0x04,0x01,0x14,0x04,0x01,
    0x00,0x00,0x00,0x00,0x00,0x00,0x00,0x00,0x00,0x00,0x00,0x00,
    0x00,0x00,0x00,0x01,0x01,0x01,0x00,0x00,0x00,0x00,0x00,0x00,
    0x00,0x00,0x00,0x00,0x00,0x00,0x00,0x00,0x00,0x00,0x00,0x00,
    0x00,0x00,0x00,0x00,0x00,0x00,0x00,0x00,0x00,0x00,0x00,0x00,
    0x00,0x00,0x00,0x00,0x00,0x00,0x00,0x00,0x00,0x00,0x00,0x00,
    0x00,0x00,0x00,0x00,0x00,0x00,0x00,0x00,0x00,0x00,0x00,0x00,
    0x00,0x00,0x00,0x03,0x02,0x01,0x0f,0x0c,0x09,0x02,0x01,0x01,
    0x00,0x00,0x00,0x00,0x00,0x00,0x00,0x00,0x00,0x00,0x00,0x00,
    0x00,0x00,0x00,0x00,0x00,0x00,0x01,0x01,0x00,0x08,0x06,0x03,
    0x1a,0x18,0x0e,0x22,0x21,0x17,0x00,0x00,0x01,0x00,0x00,0x00,
    0x00,0x00,0x00,0x00,0x00,0x00,0x01,0x01,0x01,0x00,0x00,0x00,
    0x00,0x00,0x00,0x00,0x00,0x00,0x00,0x00,0x00,0x00,0x00,0x00,
    0x00,0x00,0x00,0x00,0x00,0x00,0x00,0x00,0x00,0x00,0x00,0x00,
    0x00,0x00,0x00,0x01,0x01,0x00,0x00,0x00,0x00,0x00,0x00,0x00,
    0x00,0x00,0x00,0x00,0x00,0x00,0x00,0x00,0x00,0x00,0x00,0x00,
    0x01,0x00,0x00,0x01,0x00,0x00,0x02,0x00,0x01,0x02,0x00,0x01,
    0x02,0x00,0x01,0x01,0x00,0x01,0x0f,0x0b,0x07,0x27,0x1f,0x11,
    0x1f,0x17,0x0d,0x08,0x07,0x05,0x07,0x03,0x00,0x37,0x32,0x26,
    0x59,0x5a,0x53,0x15,0x13,0x0f,0x02,0x00,0x00,0x06,0x02,0x01,
    0x05,0x01,0x00,0x05,0x01,0x00,0x05,0x01,0x00,0x05,0x01,0x00,
    0x05,0x01,0x00,0x05,0x01,0x00,0x06,0x01,0x01,0x07,0x01,0x00,
    0x16,0x0b,0x05,0x0f,0x06,0x02,0x07,0x01,0x00,0x0a,0x02,0x00,
    0x09,0x01,0x00,0x07,0x01,0x01,0x06,0x01,0x00,0x07,0x01,0x00,
    0x0a,0x02,0x00,0x0a,0x01,0x00,0x0a,0x00,0x00,0x0a,0x00,0x00,
    0x0b,0x00,0x00,0x0a,0x00,0x00,0x0a,0x01,0x00,0x0a,0x02,0x00,
    0x0b,0x02,0x00,0x0a,0x02,0x00,0x0b,0x01,0x00,0x0c,0x02,0x00,
    0x0b,0x02,0x00,0x0b,0x02,0x00,0x0b,0x02,0x00,0x0b,0x02,0x00,
    0x0b,0x02,0x00,0x0b,0x02,0x00,0x0b,0x01,0x00,0x0b,0x02,0x00,
    0x0d,0x02,0x01,0x0d,0x02,0x00,0x0d,0x02,0x00,0x0d,0x02,0x00,
    0x0d,0x02,0x00,0x0d,0x02,0x00,0x0d,0x02,0x00,0x0d,0x02,0x00,
    0x0d,0x02,0x01,0x0d,0x03,0x01,0x0d,0x03,0x01,0x0f,0x03,0x00,
    0x12,0x03,0x01,0x11,0x03,0x01,0x12,0x04,0x01,0x12,0x03,0x01,
    0x00,0x00,0x00,0x00,0x00,0x00,0x00,0x00,0x00,0x00,0x00,0x00,
    0x00,0x00,0x00,0x01,0x01,0x01,0x01,0x01,0x01,0x00,0x00,0x00,
    0x00,0x00,0x00,0x00,0x00,0x00,0x00,0x00,0x00,0x00,0x00,0x00,
    0x00,0x00,0x00,0x00,0x00,0x00,0x00,0x00,0x00,0x00,0x00,0x00,
    0x00,0x00,0x00,0x00,0x00,0x00,0x00,0x00,0x00,0x00,0x00,0x00,
    0x00,0x00,0x00,0x00,0x00,0x00,0x00,0x00,0x00,0x00,0x00,0x00,
    0x00,0x00,0x00,0x00,0x00,0x00,0x00,0x00,0x00,0x00,0x00,0x00,
    0x00,0x00,0x00,0x01,0x01,0x01,0x01,0x01,0x00,0x00,0x00,0x00,
    0x00,0x00,0x00,0x00,0x00,0x00,0x00,0x00,0x00,0x05,0x04,0x02,
    0x05,0x05,0x02,0x20,0x1d,0x18,0x1a,0x18,0x16,0x00,0x00,0x00,
    0x01,0x01,0x01,0x00,0x00,0x00,0x00,0x00,0x00,0x00,0x00,0x00,
    0x00,0x00,0x00,0x00,0x00,0x00,0x00,0x00,0x00,0x00,0x00,0x00,
    0x00,0x00,0x00,0x00,0x00,0x00,0x01,0x01,0x01,0x01,0x01,0x00,
    0x00,0x00,0x00,0x00,0x00,0x00,0x00,0x00,0x00,0x00,0x00,0x00,
    0x00,0x00,0x00,0x00,0x00,0x00,0x00,0x00,0x00,0x00,0x00,0x00,
    0x02,0x00,0x01,0x02,0x00,0x01,0x02,0x00,0x01,0x02,0x00,0x01,
    0x03,0x00,0x01,0x02,0x00,0x01,0x06,0x03,0x01,0x0b,0x05,0x01,
    0x12,0x0a,0x05,0x07,0x05,0x03,0x16,0x0d,0x02,0x1f,0x18,0x0a,
    0x64,0x5f,0x54,0x5f,0x5a,0x51,0x07,0x05,0x04,0x04,0x02,0x01,
    0x05,0x01,0x00,0x05,0x01,0x00,0x05,0x01,0x00,0x05,0x01,0x00,
    0x05,0x01,0x00,0x05,0x01,0x00,0x05,0x01,0x00,0x07,0x02,0x00,
    0x08,0x00,0x00,0x07,0x01,0x00,0x08,0x02,0x00,0x07,0x01,0x00,
    0x09,0x01,0x00,0x08,0x02,0x00,0x13,0x08,0x04,0x0e,0x05,0x02,
    0x09,0x01,0x00,0x09,0x01,0x00,0x0a,0x01,0x00,0x0a,0x00,0x00,
    0x0a,0x01,0x00,0x0a,0x01,0x00,0x0a,0x01,0x00,0x0a,0x02,0x00,
    0x0a,0x02,0x00,0x0b,0x02,0x01,0x0c,0x02,0x00,0x0c,0x02,0x00,
    0x0b,0x03,0x00,0x0b,0x02,0x00,0x0b,0x02,0x00,0x0c,0x02,0x01,
    0x0c,0x02,0x00,0x0c,0x02,0x00,0x0c,0x02,0x00,0x0c,0x02,0x00,
    0x0d,0x02,0x00,0x0d,0x02,0x00,0x0d,0x02,0x00,0x0d,0x02,0x00,
    0x0d,0x02,0x00,0x0d,0x02,0x00,0x0d,0x02,0x00,0x0e,0x03,0x01,
    0x0e,0x03,0x01,0x0d,0x02,0x01,0x0e,0x03,0x01,0x10,0x03,0x01,
    0x11,0x04,0x00,0x11,0x03,0x00,0x11,0x04,0x01,0x12,0x04,0x01,
    0x00,0x00,0x00,0x00,0x00,0x00,0x00,0x00,0x00,0x00,0x00,0x00,
    0x00,0x00,0x00,0x00,0x00,0x00,0x00,0x00,0x00,0x00,0x00,0x00,
    0x00,0x00,0x00,0x00,0x00,0x00,0x00,0x00,0x00,0x00,0x00,0x00,
    0x00,0x00,0x00,0x00,0x00,0x00,0x00,0x00,0x00,0x00,0x00,0x00,
    0x00,0x00,0x00,0x00,0x00,0x00,0x00,0x00,0x00,0x00,0x00,0x00,
    0x00,0x00,0x00,0x00,0x00,0x00,0x00,0x00,0x00,0x00,0x00,0x00,
    0x00,0x00,0x00,0x00,0x00,0x00,0x01,0x00,0x00,0x00,0x00,0x00,
    0x00,0x00,0x00,0x00,0x00,0x00,0x00,0x00,0x00,0x00,0x00,0x00,
    0x00,0x00,0x00,0x00,0x00,0x00,0x00,0x00,0x00,0x00,0x00,0x00,
    0x00,0x00,0x00,0x00,0x00,0x00,0x07,0x06,0x06,0x00,0x00,0x01,
    0x00,0x00,0x00,0x0d,0x0d,0x0a,0x11,0x11,0x0f,0x00,0x00,0x00,
    0x00,0x00,0x00,0x00,0x00,0x00,0x00,0x00,0x00,0x00,0x00,0x00,
    0x00,0x00,0x00,0x00,0x00,0x00,0x0c,0x0b,0x05,0x13,0x10,0x08,
    0x04,0x04,0x03,0x0e,0x0d,0x0a,0x0b,0x0b,0x09,0x00,0x00,0x01,
    0x00,0x00,0x00,0x00,0x00,0x00,0x00,0x00,0x00,0x00,0x00,0x00,
    0x02,0x00,0x01,0x02,0x00,0x01,0x02,0x00,0x01,0x02,0x00,0x01,
    0x02,0x00,0x01,0x02,0x00,0x01,0x01,0x00,0x00,0x03,0x01,0x00,
    0x04,0x01,0x01,0x02,0x00,0x00,0x17,0x0e,0x06,0x12,0x0b,0x02,
    0x2b,0x23,0x1a,0x7b,0x71,0x62,0x3a,0x36,0x2e,0x00,0x00,0x00,
    0x07,0x03,0x02,0x05,0x01,0x00,0x05,0x01,0x00,0x05,0x01,0x00,
    0x05,0x01,0x00,0x05,0x01,0x00,0x05,0x01,0x00,0x05,0x01,0x00,
    0x08,0x01,0x00,0x07,0x01,0x00,0x08,0x02,0x00,0x08,0x01,0x00,
    0x07,0x01,0x00,0x08,0x02,0x01,0x14,0x09,0x04,0x11,0x06,0x02,
    0x09,0x01,0x00,0x0a,0x02,0x00,0x0a,0x01,0x00,0x0a,0x00,0x00,
    0x09,0x01,0x00,0x09,0x01,0x00,0x0a,0x01,0x00,0x0a,0x02,0x00,
    0x0b,0x02,0x00,0x0b,0x02,0x01,0x0b,0x02,0x00,0x0c,0x02,0x00,
    0x0c,0x02,0x00,0x0c,0x02,0x00,0x0c,0x02,0x00,0x0c,0x02,0x00,
    0x0c,0x02,0x00,0x0c,0x02,0x00,0x0c,0x02,0x00,0x0c,0x02,0x00,
    0x0d,0x03,0x01,0x0c,0x02,0x00,0x0c,0x02,0x00,0x0c,0x02,0x00,
    0x0c,0x02,0x00,0x0d,0x02,0x00,0x0d,0x02,0x01,0x0e,0x03,0x01,
    0x0d,0x02,0x01,0x0d,0x02,0x00,0x0c,0x02,0x00,0x0f,0x03,0x00,
    0x11,0x03,0x00,0x10,0x04,0x00,0x11,0x03,0x01,0x12,0x03,0x00,
    0x00,0x00,0x00,0x00,0x00,0x00,0x00,0x00,0x00,0x00,0x00,0x00,
    0x00,0x00,0x00,0x00,0x00,0x00,0x00,0x00,0x00,0x00,0x00,0x00,
    0x00,0x00,0x00,0x00,0x00,0x00,0x00,0x00,0x00,0x00,0x00,0x00,
    0x00,0x00,0x00,0x00,0x00,0x00,0x00,0x00,0x00,0x00,0x00,0x00,
    0x00,0x00,0x00,0x00,0x00,0x00,0x00,0x00,0x00,0x00,0x00,0x00,
    0x00,0x00,0x00,0x00,0x00,0x00,0x00,0x00,0x00,0x00,0x00,0x00,
    0x00,0x00,0x00,0x00,0x00,0x00,0x00,0x00,0x00,0x00,0x00,0x00,
    0x00,0x00,0x00,0x00,0x00,0x00,0x00,0x00,0x00,0x00,0x00,0x00,
    0x00,0x00,0x00,0x00,0x00,0x00,0x00,0x00,0x00,0x00,0x00,0x00,
    0x00,0x00,0x00,0x00,0x00,0x00,0x00,0x00,0x00,0x00,0x00,0x00,
    0x00,0x00,0x00,0x1c,0x16,0x0f,0x40,0x39,0x30,0x00,0x00,0x00,
    0x01,0x01,0x01,0x00,0x00,0x00,0x00,0x00,0x00,0x00,0x00,0x00,
    0x00,0x00,0x00,0x00,0x00,0x00,0x04,0x03,0x02,0x07,0x05,0x02,
    0x1e,0x1d,0x10,0x21,0x20,0x16,0x21,0x1f,0x1a,0x01,0x01,0x01,
    0x00,0x00,0x00,0x00,0x00,0x00,0x00,0x00,0x00,0x01,0x00,0x00,
    0x02,0x00,0x01,0x02,0x00,0x01,0x02,0x00,0x01,0x02,0x00,0x01,
    0x02,0x00,0x01,0x03,0x01,0x00,0x02,0x01,0x00,0x02,0x01,0x00,
    0x02,0x00,0x01,0x03,0x01,0x01,0x08,0x05,0x01,0x13,0x0c,0x05,
    0x09,0x02,0x00,0x38,0x2f,0x23,0x7e,0x78,0x69,0x1d,0x19,0x15,
    0x02,0x00,0x00,0x06,0x02,0x01,0x05,0x01,0x00,0x05,0x01,0x00,
    0x05,0x01,0x00,0x05,0x01,0x00,0x05,0x01,0x00,0x05,0x01,0x00,
    0x06,0x02,0x01,0x05,0x01,0x00,0x06,0x02,0x00,0x07,0x02,0x00,
    0x06,0x02,0x00,0x07,0x02,0x00,0x07,0x01,0x00,0x09,0x01,0x00,
    0x07,0x01,0x00,0x04,0x00,0x00,0x08,0x00,0x00,0x0b,0x00,0x00,
    0x0b,0x01,0x00,0x0b,0x01,0x00,0x0b,0x01,0x00,0x0b,0x02,0x00,
    0x0b,0x02,0x00,0x0a,0x03,0x00,0x09,0x03,0x00,0x0a,0x02,0x00,
    0x0a,0x02,0x00,0x0b,0x02,0x01,0x0c,0x02,0x01,0x0b,0x02,0x00,
    0x0a,0x02,0x00,0x0b,0x02,0x00,0x0b,0x02,0x01,0x0c,0x03,0x01,
    0x0d,0x03,0x01,0x0c,0x02,0x01,0x0c,0x03,0x01,0x0c,0x02,0x01,
    0x0c,0x02,0x00,0x0c,0x02,0x00,0x0d,0x03,0x01,0x0d,0x02,0x00,
    0x0e,0x02,0x01,0x0d,0x02,0x00,0x0e,0x02,0x01,0x0d,0x03,0x01,
    0x0d,0x02,0x00,0x0d,0x03,0x00,0x0f,0x04,0x00,0x11,0x04,0x01,
    0x00,0x00,0x00,0x00,0x00,0x00,0x00,0x00,0x00,0x00,0x00,0x00,
    0x00,0x00,0x00,0x00,0x00,0x00,0x00,0x00,0x00,0x00,0x00,0x00,
    0x00,0x00,0x00,0x00,0x00,0x00,0x00,0x00,0x00,0x00,0x00,0x00,
    0x00,0x00,0x00,0x00,0x00,0x00,0x00,0x00,0x00,0x00,0x00,0x00,
    0x00,0x00,0x00,0x00,0x00,0x00,0x00,0x00,0x00,0x02,0x02,0x02,
    0x02,0x02,0x01,0x01,0x01,0x01,0x00,0x00,0x00,0x00,0x00,0x00,
    0x00,0x00,0x00,0x00,0x00,0x00,0x00,0x00,0x00,0x00,0x00,0x00,
    0x00,0x00,0x00,0x00,0x00,0x00,0x00,0x00,0x00,0x00,0x00,0x00,
    0x00,0x00,0x00,0x00,0x00,0x00,0x00,0x00,0x00,0x00,0x00,0x00,
    0x00,0x00,0x00,0x00,0x00,0x00,0x00,0x00,0x00,0x00,0x00,0x00,
    0x01,0x00,0x00,0x04,0x01,0x00,0x09,0x05,0x03,0x00,0x00,0x00,
    0x00,0x00,0x00,0x00,0x00,0x00,0x00,0x00,0x00,0x00,0x00,0x00,
    0x00,0x00,0x00,0x00,0x00,0x00,0x00,0x00,0x00,0x00,0x00,0x00,
    0x06,0x06,0x04,0x08,0x08,0x06,0x00,0x00,0x00,0x00,0x00,0x01,
    0x00,0x00,0x00,0x00,0x00,0x00,0x00,0x00,0x00,0x01,0x00,0x00,
    0x02,0x00,0x01,0x02,0x00,0x01,0x02,0x00,0x01,0x02,0x00,0x01,
    0x02,0x00,0x01,0x02,0x01,0x00,0x02,0x01,0x00,0x02,0x01,0x00,
    0x02,0x00,0x01,0x02,0x00,0x01,0x05,0x01,0x00,0x0b,0x05,0x01,
    0x0c,0x07,0x03,0x0b,0x02,0x00,0x45,0x3c,0x2e,0x31,0x2b,0x25,
    0x00,0x00,0x00,0x06,0x02,0x01,0x05,0x01,0x00,0x05,0x01,0x00,
    0x05,0x01,0x00,0x05,0x01,0x00,0x05,0x01,0x00,0x05,0x01,0x00,
    0x06,0x02,0x01,0x05,0x01,0x01,0x06,0x02,0x01,0x06,0x02,0x00,
    0x06,0x02,0x00,0x07,0x03,0x00,0x09,0x02,0x00,0x08,0x01,0x00,
    0x0d,0x05,0x02,0x16,0x0e,0x05,0x0e,0x05,0x02,0x09,0x00,0x00,
    0x0b,0x01,0x00,0x0b,0x00,0x00,0x0a,0x01,0x00,0x0b,0x03,0x00,
    0x0a,0x02,0x00,0x09,0x02,0x00,0x0c,0x05,0x01,0x0b,0x04,0x01,
    0x0b,0x02,0x00,0x0a,0x02,0x00,0x0a,0x02,0x00,0x0b,0x02,0x01,
    0x0b,0x03,0x01,0x0a,0x02,0x00,0x0a,0x02,0x00,0x0b,0x03,0x01,
    0x0c,0x03,0x01,0x0d,0x02,0x01,0x0c,0x02,0x00,0x0c,0x03,0x01,
    0x0c,0x02,0x00,0x0c,0x02,0x00,0x0c,0x02,0x00,0x0c,0x02,0x00,
    0x0d,0x02,0x01,0x0d,0x03,0x01,0x0d,0x03,0x01,0x0c,0x02,0x01,
    0x0d,0x02,0x00,0x0d,0x03,0x01,0x0f,0x03,0x00,0x11,0x03,0x01,
    0x00,0x00,0x00,0x00,0x00,0x00,0x00,0x00,0x00,0x00,0x00,0x00,
    0x00,0x00,0x00,0x00,0x00,0x00,0x00,0x00,0x00,0x00,0x00,0x00,
    0x00,0x00,0x00,0x00,0x00,0x00,0x00,0x00,0x00,0x00,0x00,0x00,
    0x00,0x00,0x00,0x00,0x00,0x00,0x00,0x00,0x00,0x00,0x00,0x00,
    0x00,0x00,0x00,0x00,0x00,0x00,0x00,0x00,0x00,0x05,0x04,0x03,
    0x09,0x07,0x05,0x17,0x14,0x10,0x00,0x00,0x00,0x00,0x00,0x00,
    0x00,0x00,0x00,0x00,0x00,0x00,0x00,0x00,0x00,0x00,0x00,0x00,
    0x01,0x00,0x01,0x04,0x04,0x03,0x00,0x00,0x00,0x00,0x00,0x00,
    0x00,0x00,0x00,0x00,0x00,0x00,0x00,0x00,0x00,0x00,0x00,0x00,
    0x00,0x00,0x00,0x02,0x01,0x01,0x03,0x02,0x02,0x00,0x00,0x00,
    0x00,0x00,0x00,0x00,0x00,0x00,0x00,0x00,0x00,0x00,0x00,0x00,
    0x00,0x00,0x00,0x00,0x00,0x00,0x00,0x00,0x00,0x00,0x00,0x00,
    0x00,0x00,0x00,0x00,0x00,0x00,0x00,0x00,0x00,0x00,0x00,0x00,
    0x00,0x00,0x00,0x00,0x00,0x00,0x00,0x00,0x00,0x00,0x00,0x00,
    0x00,0x00,0x00,0x00,0x00,0x00,0x00,0x00,0x00,0x01,0x00,0x00,
    0x02,0x00,0x01,0x02,0x00,0x01,0x01,0x00,0x01,0x02,0x00,0x01,
    0x02,0x00,0x01,0x02,0x00,0x01,0x02,0x00,0x01,0x02,0x00,0x01,
    0x02,0x00,0x01,0x02,0x00,0x01,0x03,0x01,0x00,0x06,0x03,0x01,
    0x09,0x05,0x01,0x0f,0x08,0x03,0x14,0x0c,0x04,0x08,0x04,0x01,
    0x02,0x00,0x00,0x05,0x01,0x00,0x05,0x00,0x00,0x05,0x01,0x00,
    0x05,0x01,0x00,0x05,0x01,0x00,0x05,0x01,0x00,0x05,0x01,0x00,
    0x05,0x01,0x00,0x05,0x01,0x01,0x05,0x01,0x00,0x06,0x02,0x00,
    0x07,0x02,0x00,0x07,0x03,0x00,0x09,0x03,0x00,0x07,0x01,0x00,
    0x1e,0x12,0x06,0x24,0x16,0x07,0x1d,0x11,0x05,0x0c,0x03,0x01,
    0x09,0x01,0x00,0x0a,0x01,0x00,0x0b,0x01,0x00,0x0c,0x03,0x00,
    0x0c,0x03,0x00,0x13,0x09,0x02,0x21,0x12,0x06,0x18,0x0d,0x04,
    0x0a,0x02,0x00,0x0b,0x02,0x00,0x0b,0x02,0x00,0x0c,0x03,0x01,
    0x0c,0x02,0x01,0x0c,0x02,0x00,0x0b,0x02,0x00,0x0c,0x02,0x00,
    0x0c,0x02,0x00,0x0c,0x03,0x01,0x0c,0x03,0x00,0x0c,0x02,0x00,
    0x0c,0x02,0x00,0x0d,0x02,0x01,0x0d,0x02,0x01,0x0c,0x02,0x00,
    0x0d,0x02,0x01,0x0d,0x03,0x01,0x0d,0x02,0x01,0x0d,0x02,0x01,
    0x0e,0x03,0x01,0x0c,0x01,0x00,0x0d,0x03,0x00,0x10,0x03,0x01,
    0x00,0x00,0x00,0x00,0x00,0x00,0x00,0x00,0x00,0x00,0x00,0x00,
    0x00,0x00,0x00,0x00,0x00,0x00,0x00,0x00,0x00,0x00,0x00,0x00,
    0x00,0x00,0x00,0x00,0x00,0x00,0x00,0x00,0x00,0x00,0x00,0x00,
    0x00,0x00,0x00,0x00,0x00,0x00,0x00,0x00,0x00,0x00,0x00,0x00,
    0x00,0x00,0x00,0x00,0x00,0x00,0x00,0x00,0x00,0x00,0x00,0x00,
    0x00,0x00,0x01,0x00,0x00,0x00,0x00,0x00,0x00,0x00,0x00,0x00,
    0x00,0x00,0x00,0x00,0x00,0x00,0x00,0x00,0x00,0x02,0x02,0x01,
    0x06,0x05,0x02,0x0e,0x0d,0x07,0x13,0x11,0x0b,0x01,0x01,0x01,
    0x00,0x00,0x00,0x00,0x00,0x00,0x00,0x00,0x00,0x00,0x00,0x00,
    0x00,0x00,0x00,0x01,0x01,0x01,0x01,0x01,0x01,0x00,0x00,0x00,
    0x00,0x00,0x00,0x00,0x00,0x00,0x00,0x00,0x00,0x00,0x00,0x00,
    0x00,0x00,0x00,0x00,0x00,0x00,0x00,0x00,0x00,0x00,0x00,0x00,
    0x00,0x00,0x00,0x01,0x01,0x00,0x02,0x02,0x01,0x00,0x00,0x00,
    0x00,0x00,0x00,0x00,0x00,0x00,0x00,0x00,0x00,0x00,0x00,0x00,
    0x00,0x00,0x00,0x02,0x01,0x01,0x00,0x00,0x00,0x00,0x00,0x00,
    0x02,0x00,0x01,0x01,0x00,0x01,0x00,0x00,0x00,0x00,0x00,0x00,
    0x01,0x00,0x01,0x03,0x00,0x01,0x02,0x00,0x01,0x02,0x00,0x01,
    0x02,0x00,0x01,0x02,0x00,0x01,0x02,0x01,0x00,0x03,0x01,0x01,
    0x05,0x02,0x00,0x05,0x02,0x00,0x05,0x03,0x02,0x03,0x02,0x00,
    0x04,0x01,0x00,0x05,0x01,0x00,0x05,0x01,0x00,0x05,0x01,0x00,
    0x05,0x01,0x00,0x06,0x02,0x00,0x06,0x02,0x01,0x06,0x02,0x01,
    0x06,0x02,0x01,0x06,0x02,0x01,0x06,0x02,0x01,0x06,0x02,0x00,
    0x07,0x02,0x00,0x06,0x02,0x00,0x07,0x03,0x00,0x06,0x02,0x00,
    0x12,0x09,0x02,0x18,0x0d,0x03,0x1b,0x0e,0x03,0x10,0x06,0x01,
    0x09,0x00,0x00,0x0a,0x01,0x00,0x0b,0x01,0x00,0x0c,0x02,0x00,
    0x0b,0x03,0x00,0x12,0x08,0x02,0x1f,0x11,0x05,0x16,0x0b,0x02,
    0x09,0x02,0x00,0x0b,0x02,0x00,0x0b,0x02,0x00,0x0c,0x02,0x00,
    0x0d,0x02,0x00,0x0d,0x02,0x01,0x0c,0x02,0x00,0x0c,0x02,0x00,
    0x0c,0x02,0x00,0x0c,0x03,0x00,0x0c,0x03,0x00,0x0d,0x03,0x01,
    0x0c,0x02,0x00,0x0c,0x02,0x01,0x0d,0x03,0x01,0x0d,0x03,0x01,
    0x0d,0x02,0x01,0x0c,0x02,0x00,0x0d,0x03,0x01,0x0d,0x02,0x01,
    0x0d,0x02,0x01,0x18,0x09,0x02,0x16,0x07,0x01,0x10,0x04,0x01,
    0x00,0x00,0x00,0x00,0x00,0x00,0x00,0x00,0x00,0x00,0x00,0x00,
    0x00,0x00,0x00,0x00,0x00,0x00,0x00,0x00,0x00,0x00,0x00,0x00,
    0x00,0x00,0x00,0x00,0x00,0x00,0x00,0x00,0x00,0x00,0x00,0x00,
    0x00,0x00,0x00,0x00,0x00,0x00,0x00,0x00,0x00,0x00,0x00,0x00,
    0x00,0x00,0x00,0x00,0x00,0x00,0x00,0x00,0x00,0x00,0x00,0x00,
    0x00,0x00,0x00,0x00,0x00,0x00,0x00,0x00,0x00,0x00,0x00,0x00,
    0x00,0x00,0x00,0x00,0x00,0x00,0x00,0x00,0x00,0x01,0x01,0x01,
    0x05,0x05,0x02,0x0a,0x08,0x04,0x0d,0x0b,0x06,0x01,0x01,0x00,
    0x00,0x00,0x00,0x00,0x00,0x00,0x00,0x00,0x00,0x00,0x00,0x00,
    0x00,0x00,0x00,0x00,0x00,0x00,0x00,0x00,0x00,0x00,0x00,0x00,
    0x00,0x00,0x00,0x00,0x00,0x00,0x00,0x00,0x00,0x00,0x00,0x00,
    0x00,0x00,0x00,0x00,0x00,0x00,0x00,0x00,0x00,0x00,0x00,0x01,
    0x00,0x00,0x00,0x09,0x07,0x04,0x0f,0x0b,0x06,0x00,0x00,0x00,
    0x00,0x00,0x00,0x00,0x00,0x00,0x01,0x01,0x01,0x01,0x01,0x01,
    0x00,0x00,0x00,0x0d,0x09,0x05,0x14,0x0f,0x0a,0x00,0x00,0x00,
    0x02,0x00,0x01,0x02,0x01,0x01,0x13,0x0d,0x06,0x18,0x11,0x09,
    0x02,0x01,0x00,0x02,0x00,0x01,0x02,0x01,0x00,0x03,0x00,0x01,
    0x02,0x01,0x01,0x03,0x01,0x01,0x03,0x01,0x00,0x03,0x01,0x00,
    0x02,0x01,0x00,0x03,0x01,0x00,0x05,0x00,0x00,0x05,0x01,0x00,
    0x05,0x01,0x00,0x05,0x01,0x00,0x05,0x01,0x00,0x05,0x01,0x00,
    0x05,0x01,0x00,0x06,0x01,0x01,0x06,0x01,0x01,0x05,0x01,0x00,
    0x06,0x02,0x01,0x06,0x02,0x01,0x06,0x01,0x00,0x06,0x02,0x00,
    0x06,0x02,0x00,0x06,0x02,0x00,0x07,0x02,0x00,0x06,0x02,0x00,
    0x0c,0x06,0x02,0x16,0x0c,0x04,0x14,0x0a,0x02,0x0f,0x06,0x01,
    0x09,0x01,0x00,0x0b,0x01,0x00,0x0a,0x01,0x00,0x0b,0x03,0x00,
    0x0c,0x03,0x01,0x0c,0x04,0x01,0x0e,0x05,0x01,0x0d,0x05,0x00,
    0x0b,0x03,0x00,0x0c,0x02,0x00,0x0c,0x03,0x01,0x0c,0x02,0x00,
    0x0c,0x02,0x01,0x0c,0x02,0x01,0x0c,0x02,0x00,0x0c,0x02,0x00,
    0x0c,0x02,0x00,0x0c,0x03,0x01,0x0d,0x03,0x01,0x0c,0x03,0x00,
    0x0d,0x03,0x00,0x0d,0x03,0x01,0x0c,0x03,0x01,0x0c,0x03,0x00,
    0x0c,0x02,0x00,0x0d,0x03,0x01,0x0d,0x02,0x01,0x0d,0x02,0x00,
    0x0c,0x02,0x00,0x12,0x05,0x01,0x12,0x05,0x01,0x0d,0x03,0x01,
    0x00,0x00,0x00,0x00,0x00,0x00,0x00,0x00,0x00,0x00,0x00,0x00,
    0x00,0x00,0x00,0x00,0x00,0x00,0x00,0x00,0x00,0x00,0x00,0x00,
    0x00,0x00,0x00,0x00,0x00,0x00,0x00,0x00,0x00,0x00,0x00,0x00,
    0x00,0x00,0x00,0x00,0x00,0x00,0x00,0x00,0x00,0x00,0x00,0x00,
    0x00,0x00,0x00,0x00,0x00,0x00,0x00,0x00,0x00,0x00,0x00,0x00,
    0x00,0x00,0x00,0x00,0x00,0x00,0x00,0x00,0x00,0x00,0x00,0x00,
    0x00,0x00,0x00,0x00,0x00,0x00,0x00,0x00,0x00,0x00,0x00,0x00,
    0x00,0x00,0x00,0x03,0x02,0x01,0x01,0x01,0x00,0x00,0x00,0x00,
    0x00,0x00,0x00,0x00,0x00,0x00,0x00,0x00,0x00,0x00,0x00,0x00,
    0x00,0x00,0x00,0x00,0x00,0x00,0x00,0x00,0x00,0x00,0x00,0x00,
    0x00,0x00,0x00,0x00,0x00,0x00,0x00,0x00,0x00,0x00,0x00,0x00,
    0x00,0x00,0x00,0x00,0x00,0x00,0x00,0x00,0x00,0x06,0x05,0x04,
    0x0d,0x0c,0x09,0x01,0x01,0x01,0x02,0x01,0x01,0x00,0x00,0x00,
    0x00,0x00,0x00,0x00,0x00,0x00,0x00,0x00,0x00,0x00,0x00,0x00,
    0x00,0x00,0x00,0x01,0x00,0x00,0x01,0x00,0x01,0x00,0x00,0x00,
    0x01,0x00,0x00,0x03,0x02,0x01,0x08,0x04,0x02,0x0d,0x07,0x03,
    0x07,0x04,0x01,0x02,0x01,0x00,0x02,0x01,0x00,0x00,0x00,0x00,
    0x00,0x00,0x00,0x01,0x00,0x00,0x02,0x01,0x00,0x02,0x01,0x00,
    0x02,0x01,0x00,0x03,0x00,0x00,0x05,0x00,0x00,0x04,0x00,0x00,
    0x05,0x01,0x00,0x05,0x01,0x00,0x04,0x00,0x00,0x05,0x01,0x00,
    0x06,0x02,0x01,0x06,0x01,0x01,0x06,0x02,0x01,0x06,0x02,0x00,
    0x05,0x01,0x00,0x05,0x01,0x00,0x06,0x02,0x01,0x06,0x02,0x00,
    0x06,0x02,0x00,0x06,0x02,0x00,0x07,0x02,0x00,0x07,0x02,0x00,
    0x08,0x04,0x01,0x12,0x0a,0x04,0x10,0x07,0x03,0x0a,0x02,0x01,
    0x0a,0x02,0x00,0x0a,0x02,0x00,0x0b,0x02,0x01,0x0b,0x03,0x01,
    0x0a,0x04,0x01,0x0b,0x03,0x01,0x0d,0x04,0x01,0x0c,0x03,0x01,
    0x0c,0x02,0x00,0x0d,0x03,0x01,0x0d,0x02,0x01,0x0d,0x03,0x01,
    0x0c,0x02,0x00,0x0c,0x03,0x00,0x0a,0x03,0x00,0x0c,0x02,0x00,
    0x0c,0x02,0x00,0x0c,0x03,0x01,0x0d,0x03,0x01,0x0c,0x03,0x01,
    0x0d,0x03,0x01,0x0d,0x02,0x01,0x0d,0x03,0x01,0x0c,0x02,0x00,
    0x0c,0x03,0x00,0x0c,0x02,0x00,0x0e,0x03,0x00,0x0d,0x02,0x00,
    0x0e,0x03,0x00,0x0d,0x02,0x00,0x0d,0x02,0x01,0x0e,0x03,0x01,
    0x00,0x00,0x00,0x00,0x00,0x00,0x00,0x00,0x00,0x00,0x00,0x00,
    0x00,0x00,0x00,0x00,0x00,0x00,0x00,0x00,0x00,0x00,0x00,0x00,
    0x00,0x00,0x00,0x00,0x00,0x00,0x00,0x00,0x00,0x00,0x00,0x00,
    0x00,0x00,0x00,0x00,0x00,0x00,0x00,0x00,0x00,0x00,0x00,0x00,
    0x00,0x00,0x00,0x00,0x00,0x00,0x00,0x00,0x00,0x00,0x00,0x00,
    0x00,0x00,0x00,0x00,0x00,0x00,0x00,0x00,0x00,0x00,0x00,0x00,
    0x00,0x00,0x00,0x00,0x00,0x00,0x00,0x00,0x00,0x02,0x01,0x01,
    0x01,0x00,0x00,0x01,0x00,0x01,0x02,0x02,0x01,0x00,0x01,0x00,
    0x00,0x00,0x00,0x00,0x00,0x00,0x00,0x00,0x00,0x00,0x00,0x00,
    0x00,0x00,0x00,0x00,0x00,0x00,0x00,0x00,0x00,0x00,0x00,0x00,
    0x00,0x00,0x00,0x00,0x00,0x00,0x00,0x00,0x00,0x00,0x00,0x00,
    0x00,0x00,0x00,0x00,0x00,0x00,0x00,0x00,0x00,0x01,0x00,0x00,
    0x03,0x03,0x02,0x00,0x00,0x00,0x00,0x00,0x00,0x00,0x00,0x00,
    0x01,0x01,0x00,0x07,0x06,0x04,0x11,0x0f,0x0c,0x03,0x03,0x02,
    0x00,0x00,0x00,0x09,0x07,0x04,0x20,0x18,0x0c,0x0a,0x07,0x04,
    0x01,0x00,0x01,0x02,0x00,0x01,0x01,0x00,0x01,0x01,0x00,0x01,
    0x02,0x01,0x01,0x02,0x00,0x01,0x03,0x02,0x01,0x0e,0x0c,0x06,
    0x10,0x0d,0x06,0x04,0x03,0x02,0x00,0x00,0x00,0x03,0x01,0x01,
    0x03,0x01,0x00,0x03,0x01,0x00,0x03,0x01,0x00,0x04,0x01,0x00,
    0x04,0x01,0x00,0x02,0x01,0x00,0x06,0x04,0x02,0x02,0x00,0x01,
    0x02,0x00,0x00,0x06,0x02,0x01,0x06,0x02,0x00,0x06,0x02,0x00,
    0x06,0x02,0x00,0x06,0x02,0x00,0x06,0x02,0x00,0x06,0x02,0x00,
    0x07,0x02,0x00,0x06,0x02,0x00,0x06,0x02,0x00,0x06,0x02,0x00,
    0x07,0x03,0x00,0x08,0x04,0x00,0x0a,0x02,0x00,0x0b,0x02,0x00,
    0x0b,0x02,0x00,0x0a,0x02,0x00,0x0b,0x03,0x00,0x0c,0x04,0x01,
    0x0c,0x04,0x01,0x0c,0x04,0x01,0x0c,0x04,0x01,0x0c,0x04,0x01,
    0x0c,0x03,0x00,0x0c,0x03,0x00,0x0d,0x03,0x01,0x0c,0x02,0x01,
    0x0c,0x02,0x00,0x0c,0x02,0x00,0x0b,0x03,0x01,0x0c,0x03,0x01,
    0x0c,0x02,0x01,0x0d,0x03,0x00,0x0d,0x03,0x01,0x0c,0x03,0x00,
    0x0c,0x03,0x00,0x0d,0x03,0x01,0x0c,0x03,0x01,0x0a,0x01,0x00,
    0x09,0x00,0x00,0x0b,0x01,0x00,0x0e,0x03,0x01,0x0e,0x03,0x01,
    0x0d,0x03,0x00,0x0e,0x03,0x00,0x0f,0x03,0x01,0x0d,0x03,0x01,
    0x00,0x00,0x00,0x00,0x00,0x00,0x00,0x00,0x00,0x00,0x00,0x00,
    0x00,0x00,0x00,0x00,0x00,0x00,0x00,0x00,0x00,0x00,0x00,0x00,
    0x00,0x00,0x00,0x00,0x00,0x00,0x00,0x00,0x00,0x00,0x00,0x00,
    0x00,0x00,0x00,0x00,0x00,0x00,0x00,0x00,0x00,0x00,0x00,0x00,
    0x00,0x00,0x00,0x00,0x00,0x00,0x00,0x00,0x00,0x00,0x00,0x00,
    0x00,0x00,0x00,0x00,0x00,0x00,0x00,0x00,0x00,0x00,0x00,0x00,
    0x00,0x00,0x00,0x00,0x00,0x00,0x00,0x00,0x00,0x01,0x00,0x00,
    0x01,0x00,0x00,0x02,0x02,0x02,0x02,0x02,0x01,0x00,0x00,0x00,
    0x00,0x00,0x00,0x00,0x00,0x00,0x00,0x00,0x00,0x00,0x00,0x00,
    0x00,0x00,0x00,0x00,0x00,0x00,0x00,0x00,0x00,0x00,0x00,0x00,
    0x00,0x00,0x00,0x00,0x00,0x00,0x00,0x00,0x00,0x00,0x00,0x00,
    0x00,0x00,0x00,0x00,0x00,0x00,0x00,0x00,0x00,0x00,0x00,0x00,
    0x00,0x00,0x00,0x00,0x00,0x00,0x00,0x00,0x00,0x00,0x00,0x00,
    0x04,0x04,0x01,0x09,0x07,0x02,0x1e,0x18,0x13,0x11,0x0f,0x0d,
    0x00,0x00,0x00,0x02,0x02,0x01,0x0e,0x0a,0x05,0x12,0x0c,0x05,
    0x03,0x01,0x01,0x02,0x00,0x01,0x02,0x00,0x01,0x02,0x00,0x01,
    0x01,0x00,0x01,0x01,0x00,0x00,0x14,0x0e,0x05,0x17,0x12,0x07,
    0x18,0x12,0x08,0x1f,0x19,0x11,0x06,0x06,0x04,0x01,0x01,0x00,
    0x02,0x01,0x00,0x00,0x00,0x00,0x00,0x00,0x00,0x02,0x01,0x00,
    0x04,0x00,0x00,0x12,0x0e,0x07,0x18,0x14,0x09,0x1b,0x17,0x0c,
    0x0b,0x08,0x05,0x03,0x00,0x00,0x06,0x03,0x00,0x06,0x02,0x00,
    0x06,0x02,0x00,0x06,0x02,0x00,0x06,0x03,0x00,0x06,0x02,0x00,
    0x06,0x02,0x00,0x06,0x02,0x00,0x06,0x02,0x00,0x06,0x02,0x00,
    0x07,0x03,0x00,0x07,0x03,0x00,0x0b,0x02,0x00,0x0b,0x02,0x00,
    0x0a,0x02,0x00,0x0b,0x02,0x00,0x0c,0x04,0x01,0x0c,0x04,0x01,
    0x0c,0x04,0x01,0x0c,0x04,0x01,0x0b,0x03,0x01,0x0b,0x03,0x00,
    0x0c,0x03,0x00,0x0c,0x03,0x01,0x0d,0x03,0x01,0x0c,0x02,0x01,
    0x0c,0x03,0x01,0x0c,0x03,0x01,0x0c,0x03,0x01,0x0d,0x03,0x01,
    0x0d,0x03,0x01,0x0c,0x02,0x00,0x0c,0x02,0x00,0x0b,0x02,0x00,
    0x0b,0x03,0x00,0x0c,0x03,0x01,0x0c,0x02,0x01,0x13,0x0a,0x02,
    0x14,0x0b,0x03,0x0d,0x03,0x02,0x0b,0x01,0x00,0x0e,0x03,0x01,
    0x0d,0x02,0x01,0x0d,0x02,0x00,0x0e,0x03,0x01,0x0e,0x03,0x01,
    0x00,0x00,0x00,0x00,0x00,0x00,0x00,0x00,0x00,0x00,0x00,0x00,
    0x00,0x00,0x00,0x00,0x00,0x00,0x00,0x00,0x00,0x00,0x00,0x00,
    0x00,0x00,0x00,0x00,0x00,0x00,0x00,0x00,0x00,0x00,0x00,0x00,
    0x00,0x00,0x00,0x00,0x00,0x00,0x00,0x00,0x00,0x00,0x00,0x00,
    0x00,0x00,0x00,0x00,0x00,0x00,0x00,0x00,0x00,0x00,0x00,0x00,
    0x00,0x00,0x00,0x00,0x00,0x00,0x00,0x00,0x00,0x00,0x00,0x00,
    0x00,0x00,0x00,0x00,0x00,0x00,0x00,0x00,0x00,0x00,0x00,0x00,
    0x00,0x00,0x00,0x00,0x00,0x00,0x00,0x00,0x00,0x00,0x00,0x00,
    0x00,0x00,0x00,0x00,0x00,0x00,0x00,0x00,0x00,0x00,0x00,0x00,
    0x00,0x00,0x00,0x00,0x00,0x00,0x00,0x00,0x00,0x00,0x00,0x00,
    0x00,0x00,0x00,0x00,0x00,0x00,0x00,0x00,0x00,0x00,0x00,0x00,
    0x00,0x00,0x00,0x00,0x00,0x00,0x00,0x00,0x00,0x01,0x01,0x01,
    0x00,0x00,0x00,0x01,0x01,0x01,0x01,0x01,0x01,0x00,0x00,0x00,
    0x01,0x01,0x00,0x02,0x01,0x00,0x00,0x00,0x00,0x01,0x00,0x00,
    0x01,0x01,0x01,0x00,0x00,0x00,0x00,0x00,0x00,0x00,0x00,0x01,
    0x03,0x01,0x00,0x02,0x01,0x00,0x02,0x01,0x00,0x02,0x00,0x01,
    0x01,0x00,0x00,0x0c,0x09,0x04,0x1a,0x13,0x08,0x17,0x10,0x06,
    0x18,0x10,0x07,0x19,0x11,0x09,0x1d,0x19,0x10,0x02,0x01,0x00,
    0x0a,0x08,0x04,0x0e,0x0a,0x04,0x11,0x0e,0x06,0x06,0x05,0x03,
    0x0c,0x09,0x04,0x1b,0x14,0x08,0x14,0x0d,0x06,0x16,0x10,0x07,
    0x1b,0x16,0x0d,0x0a,0x07,0x05,0x06,0x02,0x00,0x07,0x02,0x00,
    0x06,0x02,0x00,0x06,0x02,0x00,0x07,0x03,0x00,0x08,0x03,0x00,
    0x07,0x02,0x00,0x07,0x02,0x00,0x08,0x03,0x00,0x06,0x02,0x00,
    0x07,0x03,0x00,0x09,0x03,0x00,0x0a,0x03,0x01,0x0a,0x02,0x01,
    0x0a,0x02,0x00,0x08,0x02,0x00,0x0b,0x03,0x00,0x0c,0x04,0x01,
    0x0c,0x05,0x01,0x0b,0x03,0x00,0x0d,0x05,0x01,0x0d,0x05,0x01,
    0x0b,0x03,0x01,0x0c,0x04,0x01,0x0c,0x03,0x01,0x0d,0x03,0x01,
    0x0c,0x03,0x00,0x0c,0x03,0x01,0x0c,0x03,0x01,0x0d,0x04,0x00,
    0x0d,0x04,0x00,0x0d,0x03,0x01,0x0c,0x02,0x00,0x0c,0x02,0x01,
    0x0a,0x03,0x00,0x09,0x01,0x00,0x16,0x0b,0x02,0x1e,0x10,0x04,
    0x1f,0x13,0x04,0x20,0x12,0x07,0x10,0x05,0x02,0x0b,0x01,0x00,
    0x0e,0x02,0x01,0x0d,0x03,0x01,0x0d,0x03,0x00,0x0e,0x02,0x01,
    0x00,0x00,0x00,0x00,0x00,0x00,0x00,0x00,0x00,0x00,0x00,0x00,
    0x00,0x00,0x00,0x00,0x00,0x00,0x00,0x00,0x00,0x00,0x00,0x00,
    0x00,0x00,0x00,0x00,0x00,0x00,0x00,0x00,0x00,0x00,0x00,0x00,
    0x00,0x00,0x00,0x00,0x00,0x00,0x00,0x00,0x00,0x00,0x00,0x00,
    0x00,0x00,0x00,0x00,0x00,0x00,0x00,0x00,0x00,0x00,0x00,0x00,
    0x00,0x00,0x00,0x00,0x00,0x00,0x00,0x00,0x00,0x00,0x00,0x00,
    0x00,0x00,0x00,0x00,0x00,0x00,0x00,0x00,0x00,0x00,0x00,0x00,
    0x00,0x00,0x00,0x00,0x00,0x00,0x00,0x00,0x00,0x00,0x00,0x00,
    0x00,0x00,0x00,0x00,0x00,0x00,0x00,0x00,0x00,0x00,0x00,0x00,
    0x00,0x00,0x00,0x00,0x00,0x00,0x00,0x00,0x00,0x00,0x00,0x00,
    0x00,0x00,0x00,0x00,0x00,0x00,0x00,0x00,0x00,0x00,0x00,0x00,
    0x00,0x00,0x00,0x00,0x00,0x00,0x00,0x00,0x00,0x01,0x01,0x01,
    0x00,0x00,0x00,0x00,0x00,0x00,0x00,0x00,0x00,0x00,0x00,0x00,
    0x01,0x01,0x01,0x01,0x01,0x01,0x01,0x01,0x01,0x00,0x00,0x01,
    0x00,0x00,0x00,0x01,0x01,0x01,0x02,0x01,0x01,0x01,0x01,0x01,
    0x01,0x01,0x00,0x01,0x01,0x00,0x01,0x01,0x00,0x01,0x01,0x01,
    0x02,0x02,0x00,0x0e,0x0a,0x04,0x18,0x13,0x07,0x1f,0x16,0x07,
    0x24,0x1b,0x0a,0x1a,0x13,0x08,0x18,0x14,0x0d,0x03,0x01,0x00,
    0x12,0x0d,0x04,0x15,0x10,0x06,0x1b,0x16,0x0a,0x1a,0x15,0x0d,
    0x12,0x0c,0x05,0x1e,0x18,0x09,0x21,0x1b,0x0a,0x20,0x19,0x0a,
    0x20,0x1a,0x10,0x15,0x12,0x0b,0x03,0x00,0x00,0x07,0x03,0x00,
    0x06,0x02,0x00,0x06,0x03,0x00,0x07,0x03,0x00,0x08,0x03,0x00,
    0x08,0x03,0x00,0x07,0x02,0x00,0x07,0x03,0x00,0x07,0x02,0x00,
    0x07,0x03,0x00,0x08,0x03,0x00,0x08,0x04,0x01,0x08,0x04,0x01,
    0x08,0x03,0x00,0x08,0x04,0x00,0x0a,0x03,0x00,0x0c,0x04,0x01,
    0x0c,0x05,0x00,0x0c,0x05,0x01,0x19,0x11,0x05,0x1c,0x13,0x07,
    0x0b,0x03,0x00,0x0c,0x03,0x01,0x0c,0x03,0x00,0x0c,0x03,0x00,
    0x0c,0x04,0x01,0x0d,0x03,0x01,0x0d,0x02,0x01,0x0c,0x03,0x01,
    0x0c,0x03,0x01,0x0c,0x03,0x01,0x0c,0x03,0x01,0x0d,0x04,0x01,
    0x0a,0x02,0x01,0x10,0x07,0x02,0x18,0x0d,0x02,0x11,0x08,0x02,
    0x0f,0x06,0x01,0x19,0x0c,0x03,0x24,0x15,0x09,0x0e,0x03,0x01,
    0x0c,0x02,0x00,0x0d,0x03,0x00,0x0d,0x02,0x00,0x0d,0x02,0x01,
    0x00,0x00,0x00,0x00,0x00,0x00,0x00,0x00,0x00,0x00,0x00,0x00,
    0x00,0x00,0x00,0x00,0x00,0x00,0x00,0x00,0x00,0x00,0x00,0x00,
    0x00,0x00,0x00,0x00,0x00,0x00,0x00,0x00,0x00,0x00,0x00,0x00,
    0x00,0x00,0x00,0x00,0x00,0x00,0x00,0x00,0x00,0x00,0x00,0x00,
    0x00,0x00,0x00,0x00,0x00,0x00,0x00,0x00,0x00,0x00,0x00,0x00,
    0x00,0x00,0x00,0x00,0x00,0x00,0x00,0x00,0x00,0x00,0x00,0x00,
    0x00,0x00,0x00,0x00,0x00,0x00,0x00,0x00,0x00,0x00,0x00,0x00,
    0x00,0x00,0x00,0x00,0x00,0x00,0x00,0x00,0x00,0x00,0x00,0x00,
    0x00,0x00,0x00,0x00,0x00,0x00,0x00,0x00,0x00,0x00,0x00,0x00,
    0x00,0x00,0x00,0x00,0x00,0x00,0x00,0x00,0x00,0x00,0x00,0x00,
    0x00,0x00,0x00,0x00,0x00,0x00,0x00,0x00,0x00,0x00,0x00,0x00,
    0x00,0x00,0x00,0x00,0x00,0x00,0x00,0x00,0x00,0x01,0x01,0x01,
    0x00,0x00,0x00,0x00,0x00,0x00,0x00,0x00,0x00,0x01,0x01,0x01,
    0x01,0x01,0x00,0x01,0x01,0x00,0x01,0x01,0x00,0x04,0x03,0x01,
    0x12,0x10,0x0a,0x02,0x02,0x01,0x01,0x01,0x00,0x02,0x02,0x00,
    0x01,0x01,0x00,0x01,0x01,0x00,0x01,0x01,0x00,0x02,0x02,0x00,
    0x03,0x02,0x00,0x06,0x03,0x00,0x0d,0x09,0x02,0x18,0x10,0x05,
    0x12,0x0c,0x04,0x06,0x03,0x00,0x02,0x00,0x00,0x04,0x02,0x00,
    0x06,0x02,0x00,0x07,0x03,0x00,0x07,0x04,0x01,0x07,0x03,0x00,
    0x0a,0x06,0x01,0x14,0x10,0x04,0x21,0x1b,0x0a,0x16,0x12,0x07,
    0x0c,0x08,0x04,0x07,0x04,0x02,0x07,0x03,0x00,0x05,0x04,0x00,
    0x05,0x03,0x00,0x07,0x03,0x00,0x08,0x03,0x00,0x07,0x03,0x00,
    0x08,0x03,0x00,0x08,0x03,0x00,0x08,0x03,0x00,0x08,0x03,0x00,
    0x08,0x03,0x00,0x08,0x03,0x01,0x08,0x03,0x01,0x08,0x03,0x00,
    0x07,0x03,0x00,0x07,0x03,0x01,0x08,0x03,0x00,0x0b,0x05,0x01,
    0x0d,0x05,0x02,0x0e,0x06,0x01,0x17,0x0e,0x03,0x1c,0x11,0x06,
    0x0d,0x04,0x01,0x0d,0x05,0x01,0x0d,0x05,0x01,0x0c,0x03,0x01,
    0x0c,0x04,0x01,0x0d,0x03,0x01,0x0d,0x03,0x01,0x0d,0x03,0x01,
    0x0d,0x03,0x01,0x0c,0x03,0x01,0x0d,0x04,0x00,0x0c,0x03,0x00,
    0x0e,0x06,0x01,0x18,0x0d,0x03,0x12,0x08,0x02,0x12,0x08,0x01,
    0x13,0x08,0x00,0x10,0x07,0x01,0x16,0x0b,0x04,0x16,0x0a,0x05,
    0x0b,0x02,0x00,0x0d,0x03,0x01,0x0d,0x02,0x00,0x0c,0x02,0x00,
    0x00,0x00,0x00,0x00,0x00,0x00,0x00,0x00,0x00,0x00,0x00,0x00,
    0x00,0x00,0x00,0x00,0x00,0x00,0x00,0x00,0x00,0x00,0x00,0x00,
    0x00,0x00,0x00,0x00,0x00,0x00,0x00,0x00,0x00,0x00,0x00,0x00,
    0x00,0x00,0x00,0x00,0x00,0x00,0x00,0x00,0x00,0x00,0x00,0x00,
    0x00,0x00,0x00,0x00,0x00,0x00,0x00,0x00,0x00,0x00,0x00,0x00,
    0x00,0x00,0x00,0x00,0x00,0x00,0x00,0x00,0x00,0x00,0x00,0x00,
    0x00,0x00,0x00,0x00,0x00,0x00,0x00,0x00,0x00,0x00,0x00,0x00,
    0x00,0x00,0x00,0x00,0x00,0x00,0x00,0x00,0x00,0x00,0x00,0x00,
    0x00,0x00,0x00,0x00,0x00,0x00,0x00,0x00,0x00,0x00,0x00,0x00,
    0x00,0x00,0x00,0x00,0x00,0x00,0x00,0x00,0x00,0x00,0x00,0x00,
    0x00,0x00,0x00,0x00,0x00,0x00,0x00,0x00,0x00,0x00,0x00,0x00,
    0x00,0x00,0x00,0x01,0x01,0x00,0x01,0x01,0x01,0x01,0x01,0x01,
    0x01,0x01,0x01,0x01,0x01,0x01,0x01,0x01,0x00,0x01,0x01,0x01,
    0x03,0x03,0x01,0x04,0x04,0x01,0x03,0x02,0x00,0x0e,0x0b,0x04,
    0x23,0x1e,0x12,0x1e,0x19,0x12,0x01,0x00,0x00,0x04,0x02,0x00,
    0x06,0x04,0x02,0x03,0x03,0x01,0x04,0x02,0x00,0x04,0x02,0x00,
    0x04,0x02,0x00,0x04,0x02,0x00,0x06,0x03,0x01,0x05,0x02,0x01,
    0x04,0x01,0x00,0x05,0x02,0x00,0x05,0x02,0x01,0x05,0x02,0x00,
    0x05,0x02,0x00,0x06,0x03,0x00,0x05,0x02,0x00,0x05,0x03,0x00,
    0x06,0x03,0x01,0x0b,0x06,0x01,0x0d,0x08,0x02,0x07,0x03,0x01,
    0x04,0x02,0x00,0x05,0x03,0x00,0x07,0x03,0x01,0x08,0x04,0x00,
    0x07,0x03,0x00,0x07,0x03,0x00,0x07,0x03,0x00,0x07,0x03,0x00,
    0x08,0x04,0x00,0x08,0x03,0x00,0x07,0x03,0x00,0x08,0x03,0x00,
    0x08,0x03,0x00,0x08,0x03,0x00,0x08,0x03,0x00,0x08,0x04,0x01,
    0x0a,0x05,0x01,0x10,0x08,0x02,0x0b,0x05,0x01,0x0b,0x05,0x01,
    0x0c,0x05,0x01,0x0c,0x04,0x01,0x0e,0x07,0x01,0x0e,0x06,0x01,
    0x0c,0x05,0x01,0x0c,0x05,0x01,0x0c,0x05,0x01,0x0d,0x04,0x01,
    0x0d,0x04,0x01,0x0d,0x03,0x01,0x0e,0x04,0x02,0x0e,0x04,0x02,
    0x0d,0x03,0x01,0x0d,0x03,0x01,0x0d,0x04,0x00,0x0d,0x04,0x00,
    0x0f,0x06,0x01,0x14,0x09,0x01,0x14,0x0a,0x02,0x13,0x09,0x01,
    0x16,0x0b,0x02,0x13,0x08,0x01,0x11,0x04,0x01,0x13,0x07,0x02,
    0x0c,0x02,0x01,0x0d,0x03,0x01,0x0c,0x02,0x00,0x0d,0x02,0x00,
    0x00,0x00,0x00,0x00,0x00,0x00,0x00,0x00,0x00,0x00,0x00,0x00,
    0x00,0x00,0x00,0x00,0x00,0x00,0x00,0x00,0x00,0x00,0x00,0x00,
    0x00,0x00,0x00,0x00,0x00,0x00,0x00,0x00,0x00,0x00,0x00,0x00,
    0x00,0x00,0x00,0x00,0x00,0x00,0x00,0x00,0x00,0x00,0x00,0x00,
    0x00,0x00,0x00,0x00,0x00,0x00,0x00,0x00,0x00,0x00,0x00,0x00,
    0x00,0x00,0x00,0x00,0x00,0x00,0x00,0x00,0x00,0x00,0x00,0x00,
    0x00,0x00,0x00,0x00,0x00,0x00,0x00,0x00,0x00,0x00,0x00,0x00,
    0x00,0x00,0x00,0x01,0x00,0x00,0x00,0x00,0x00,0x00,0x00,0x00,
    0x00,0x00,0x00,0x00,0x00,0x00,0x00,0x00,0x00,0x00,0x00,0x00,
    0x00,0x00,0x00,0x00,0x00,0x00,0x00,0x00,0x00,0x00,0x00,0x00,
    0x00,0x00,0x00,0x00,0x00,0x00,0x00,0x00,0x00,0x01,0x01,0x01,
    0x01,0x01,0x01,0x01,0x01,0x01,0x01,0x01,0x01,0x01,0x01,0x01,
    0x00,0x00,0x00,0x01,0x01,0x01,0x01,0x01,0x01,0x01,0x01,0x00,
    0x00,0x00,0x00,0x00,0x00,0x00,0x07,0x04,0x00,0x0f,0x0b,0x03,
    0x15,0x0f,0x05,0x1a,0x15,0x0d,0x05,0x03,0x00,0x09,0x05,0x01,
    0x17,0x11,0x07,0x1b,0x14,0x0b,0x06,0x03,0x00,0x08,0x04,0x00,
    0x07,0x03,0x00,0x06,0x02,0x00,0x05,0x02,0x00,0x05,0x02,0x00,
    0x04,0x02,0x01,0x04,0x02,0x00,0x04,0x03,0x00,0x06,0x02,0x00,
    0x06,0x02,0x00,0x06,0x02,0x00,0x06,0x02,0x00,0x05,0x02,0x00,
    0x05,0x02,0x00,0x06,0x02,0x00,0x05,0x01,0x00,0x04,0x02,0x00,
    0x05,0x02,0x00,0x07,0x04,0x00,0x08,0x03,0x01,0x07,0x03,0x00,
    0x07,0x03,0x01,0x06,0x03,0x00,0x07,0x03,0x00,0x07,0x03,0x00,
    0x07,0x04,0x00,0x07,0x04,0x00,0x06,0x03,0x00,0x08,0x03,0x01,
    0x09,0x04,0x00,0x09,0x04,0x01,0x09,0x03,0x00,0x08,0x05,0x00,
    0x0b,0x06,0x01,0x0f,0x07,0x01,0x0b,0x05,0x01,0x0c,0x04,0x01,
    0x0c,0x05,0x00,0x0c,0x05,0x01,0x0c,0x05,0x00,0x0c,0x05,0x00,
    0x0d,0x06,0x00,0x0c,0x05,0x00,0x0d,0x06,0x01,0x0c,0x05,0x01,
    0x0d,0x05,0x00,0x0d,0x04,0x01,0x0d,0x03,0x01,0x0d,0x04,0x01,
    0x0d,0x04,0x00,0x0d,0x03,0x01,0x0c,0x04,0x01,0x0b,0x05,0x00,
    0x0b,0x03,0x01,0x13,0x08,0x01,0x15,0x0a,0x01,0x14,0x0a,0x02,
    0x15,0x0b,0x02,0x17,0x0b,0x02,0x1a,0x0a,0x03,0x13,0x07,0x01,
    0x0a,0x02,0x00,0x0d,0x02,0x01,0x0d,0x03,0x00,0x0d,0x02,0x00,
    0x00,0x00,0x00,0x00,0x00,0x00,0x00,0x00,0x00,0x00,0x00,0x00,
    0x00,0x00,0x00,0x00,0x00,0x00,0x00,0x00,0x00,0x00,0x00,0x00,
    0x00,0x00,0x00,0x00,0x00,0x00,0x00,0x00,0x00,0x00,0x00,0x00,
    0x00,0x00,0x00,0x00,0x00,0x00,0x00,0x00,0x00,0x00,0x00,0x00,
    0x00,0x00,0x00,0x00,0x00,0x00,0x00,0x00,0x00,0x00,0x00,0x00,
    0x00,0x00,0x00,0x00,0x00,0x00,0x00,0x00,0x00,0x00,0x00,0x00,
    0x00,0x00,0x00,0x00,0x00,0x00,0x00,0x00,0x00,0x00,0x00,0x00,
    0x00,0x00,0x00,0x00,0x00,0x00,0x00,0x00,0x00,0x00,0x00,0x00,
    0x00,0x00,0x00,0x00,0x00,0x00,0x00,0x00,0x00,0x00,0x00,0x00,
    0x00,0x00,0x00,0x00,0x00,0x00,0x00,0x00,0x00,0x00,0x00,0x00,
    0x00,0x00,0x00,0x00,0x00,0x00,0x01,0x01,0x01,0x00,0x00,0x00,
    0x01,0x01,0x01,0x01,0x01,0x01,0x01,0x01,0x01,0x01,0x01,0x01,
    0x02,0x02,0x01,0x07,0x06,0x02,0x0e,0x0b,0x06,0x0b,0x07,0x03,
    0x3c,0x33,0x25,0x37,0x30,0x25,0x0e,0x0c,0x08,0x02,0x00,0x00,
    0x0b,0x06,0x00,0x0e,0x08,0x02,0x0d,0x0a,0x04,0x0e,0x0a,0x03,
    0x0c,0x0a,0x04,0x0e,0x0a,0x04,0x09,0x05,0x00,0x08,0x05,0x00,
    0x07,0x04,0x00,0x07,0x04,0x00,0x07,0x03,0x00,0x05,0x02,0x00,
    0x05,0x02,0x00,0x05,0x02,0x00,0x05,0x03,0x00,0x06,0x03,0x00,
    0x06,0x03,0x00,0x06,0x02,0x00,0x07,0x02,0x00,0x06,0x04,0x00,
    0x07,0x03,0x00,0x07,0x03,0x00,0x06,0x03,0x00,0x06,0x03,0x00,
    0x06,0x03,0x00,0x08,0x04,0x00,0x08,0x04,0x01,0x08,0x04,0x01,
    0x08,0x04,0x01,0x07,0x04,0x00,0x07,0x04,0x00,0x08,0x05,0x00,
    0x08,0x05,0x00,0x08,0x05,0x01,0x07,0x03,0x00,0x08,0x04,0x01,
    0x09,0x04,0x00,0x09,0x04,0x00,0x09,0x03,0x00,0x07,0x04,0x00,
    0x09,0x05,0x01,0x0a,0x05,0x01,0x08,0x04,0x00,0x0a,0x04,0x01,
    0x09,0x05,0x00,0x0b,0x05,0x01,0x0d,0x05,0x01,0x0d,0x05,0x01,
    0x0c,0x05,0x01,0x0c,0x05,0x00,0x0d,0x06,0x01,0x0c,0x05,0x01,
    0x0d,0x05,0x00,0x0d,0x04,0x00,0x0d,0x04,0x01,0x0e,0x05,0x01,
    0x0e,0x04,0x00,0x0d,0x05,0x01,0x0c,0x04,0x00,0x0b,0x04,0x00,
    0x09,0x03,0x00,0x0d,0x05,0x01,0x13,0x07,0x01,0x19,0x0c,0x03,
    0x16,0x0b,0x02,0x0f,0x04,0x01,0x0c,0x03,0x01,0x0b,0x02,0x00,
    0x0b,0x03,0x01,0x0d,0x02,0x01,0x0d,0x02,0x01,0x0d,0x03,0x01,
    0x00,0x00,0x00,0x00,0x00,0x00,0x00,0x00,0x00,0x00,0x00,0x00,
    0x00,0x00,0x00,0x00,0x00,0x00,0x00,0x00,0x00,0x00,0x00,0x00,
    0x00,0x00,0x00,0x00,0x00,0x00,0x00,0x00,0x00,0x00,0x00,0x00,
    0x00,0x00,0x00,0x00,0x00,0x00,0x00,0x00,0x00,0x00,0x00,0x00,
    0x00,0x00,0x00,0x00,0x00,0x00,0x00,0x00,0x00,0x00,0x00,0x00,
    0x00,0x00,0x00,0x00,0x00,0x00,0x00,0x00,0x00,0x00,0x00,0x00,
    0x00,0x00,0x00,0x00,0x00,0x00,0x00,0x00,0x00,0x00,0x00,0x00,
    0x03,0x03,0x02,0x0e,0x0c,0x08,0x05,0x04,0x03,0x00,0x00,0x00,
    0x00,0x00,0x00,0x00,0x00,0x00,0x00,0x00,0x00,0x00,0x00,0x00,
    0x00,0x00,0x00,0x00,0x00,0x00,0x00,0x00,0x00,0x01,0x01,0x00,
    0x00,0x00,0x00,0x00,0x00,0x00,0x00,0x00,0x00,0x00,0x00,0x00,
    0x01,0x01,0x01,0x01,0x01,0x01,0x01,0x01,0x01,0x00,0x00,0x00,
    0x09,0x07,0x02,0x0b,0x08,0x02,0x0b,0x07,0x02,0x12,0x0a,0x03,
    0x34,0x26,0x17,0x84,0x6d,0x4f,0x7a,0x6b,0x54,0x53,0x4b,0x3f,
    0x33,0x2d,0x25,0x14,0x0c,0x06,0x06,0x00,0x00,0x02,0x00,0x00,
    0x08,0x01,0x00,0x0b,0x06,0x00,0x0f,0x0a,0x03,0x0e,0x0a,0x04,
    0x0c,0x08,0x04,0x0a,0x06,0x02,0x09,0x06,0x01,0x06,0x06,0x00,
    0x07,0x05,0x00,0x07,0x04,0x00,0x07,0x03,0x00,0x07,0x04,0x01,
    0x09,0x06,0x01,0x08,0x05,0x01,0x08,0x05,0x00,0x08,0x05,0x01,
    0x08,0x05,0x00,0x08,0x05,0x00,0x07,0x04,0x00,0x07,0x04,0x00,
    0x08,0x05,0x00,0x07,0x04,0x00,0x08,0x05,0x00,0x08,0x05,0x00,
    0x08,0x05,0x00,0x08,0x05,0x00,0x08,0x05,0x01,0x09,0x05,0x01,
    0x08,0x05,0x01,0x07,0x04,0x00,0x07,0x03,0x01,0x05,0x02,0x00,
    0x08,0x05,0x00,0x09,0x04,0x00,0x09,0x04,0x00,0x09,0x04,0x00,
    0x09,0x04,0x00,0x09,0x04,0x00,0x09,0x04,0x00,0x09,0x04,0x00,
    0x08,0x04,0x00,0x0a,0x04,0x01,0x0c,0x04,0x01,0x0c,0x04,0x01,
    0x0c,0x05,0x00,0x0d,0x06,0x00,0x0d,0x06,0x01,0x0d,0x06,0x01,
    0x0e,0x05,0x00,0x0e,0x05,0x00,0x0d,0x05,0x00,0x0e,0x06,0x01,
    0x0e,0x06,0x01,0x0d,0x06,0x01,0x10,0x07,0x01,0x1e,0x10,0x05,
    0x16,0x0b,0x02,0x0c,0x04,0x01,0x0e,0x06,0x01,0x10,0x06,0x01,
    0x0c,0x04,0x01,0x0c,0x03,0x01,0x0c,0x04,0x00,0x0c,0x03,0x01,
    0x0c,0x03,0x01,0x0c,0x02,0x01,0x0c,0x03,0x01,0x0d,0x03,0x01,
    0x00,0x00,0x00,0x00,0x00,0x00,0x00,0x00,0x00,0x00,0x00,0x00,
    0x00,0x00,0x00,0x00,0x00,0x00,0x00,0x00,0x00,0x00,0x00,0x00,
    0x00,0x00,0x00,0x00,0x00,0x00,0x00,0x00,0x00,0x00,0x00,0x00,
    0x00,0x00,0x00,0x00,0x00,0x00,0x00,0x00,0x00,0x00,0x00,0x00,
    0x00,0x00,0x00,0x00,0x00,0x00,0x00,0x00,0x00,0x00,0x00,0x00,
    0x00,0x00,0x00,0x00,0x00,0x00,0x00,0x00,0x00,0x00,0x00,0x00,
    0x00,0x00,0x00,0x00,0x00,0x00,0x00,0x00,0x00,0x00,0x00,0x00,
    0x09,0x08,0x06,0x12,0x0f,0x08,0x19,0x14,0x0c,0x24,0x1f,0x16,
    0x0c,0x0b,0x07,0x08,0x07,0x05,0x03,0x02,0x02,0x00,0x00,0x00,
    0x00,0x00,0x00,0x00,0x00,0x00,0x00,0x00,0x00,0x00,0x00,0x00,
    0x00,0x00,0x00,0x00,0x00,0x00,0x01,0x01,0x01,0x01,0x01,0x01,
    0x01,0x01,0x00,0x02,0x02,0x01,0x02,0x02,0x01,0x01,0x01,0x00,
    0x05,0x04,0x01,0x09,0x07,0x03,0x0c,0x08,0x04,0x15,0x0e,0x08,
    0x21,0x15,0x0e,0x34,0x22,0x10,0x3a,0x26,0x11,0x61,0x52,0x3f,
    0x8c,0x7e,0x69,0x81,0x70,0x56,0x78,0x70,0x5f,0x61,0x5a,0x51,
    0x40,0x38,0x2f,0x22,0x19,0x11,0x0d,0x05,0x00,0x07,0x01,0x00,
    0x07,0x01,0x00,0x09,0x05,0x00,0x0c,0x08,0x03,0x0d,0x0a,0x03,
    0x0e,0x0a,0x04,0x0c,0x09,0x03,0x0b,0x07,0x02,0x0b,0x07,0x01,
    0x0a,0x07,0x01,0x0a,0x07,0x02,0x0a,0x07,0x02,0x0a,0x07,0x01,
    0x0a,0x07,0x02,0x09,0x06,0x01,0x09,0x06,0x01,0x09,0x06,0x01,
    0x09,0x06,0x01,0x09,0x06,0x00,0x09,0x06,0x01,0x08,0x05,0x00,
    0x09,0x06,0x01,0x09,0x06,0x01,0x08,0x06,0x01,0x07,0x05,0x01,
    0x0a,0x07,0x02,0x18,0x12,0x09,0x19,0x14,0x08,0x17,0x11,0x08,
    0x09,0x06,0x02,0x08,0x05,0x01,0x0a,0x05,0x01,0x0a,0x05,0x01,
    0x09,0x04,0x00,0x09,0x04,0x01,0x09,0x04,0x01,0x09,0x04,0x00,
    0x09,0x04,0x00,0x09,0x04,0x00,0x0b,0x04,0x01,0x0b,0x04,0x01,
    0x0b,0x05,0x00,0x0e,0x07,0x01,0x0e,0x06,0x01,0x0e,0x06,0x01,
    0x0e,0x06,0x01,0x0f,0x06,0x01,0x0e,0x06,0x01,0x0e,0x07,0x01,
    0x0e,0x07,0x01,0x0d,0x06,0x00,0x14,0x09,0x03,0x24,0x15,0x08,
    0x19,0x0d,0x03,0x0d,0x05,0x01,0x0e,0x05,0x01,0x0c,0x04,0x00,
    0x0c,0x05,0x00,0x0d,0x05,0x00,0x0d,0x04,0x00,0x0d,0x03,0x01,
    0x0d,0x03,0x01,0x0d,0x02,0x00,0x0d,0x03,0x01,0x0d,0x03,0x01,
    0x00,0x00,0x00,0x00,0x00,0x00,0x00,0x00,0x00,0x00,0x00,0x00,
    0x00,0x00,0x00,0x00,0x00,0x00,0x00,0x00,0x00,0x00,0x00,0x00,
    0x00,0x00,0x00,0x00,0x00,0x00,0x00,0x00,0x00,0x00,0x00,0x00,
    0x00,0x00,0x00,0x00,0x00,0x00,0x00,0x00,0x00,0x00,0x00,0x00,
    0x00,0x00,0x00,0x00,0x00,0x00,0x00,0x00,0x00,0x00,0x00,0x00,
    0x00,0x00,0x00,0x00,0x00,0x00,0x00,0x00,0x00,0x00,0x00,0x00,
    0x00,0x00,0x00,0x00,0x00,0x00,0x00,0x00,0x00,0x00,0x00,0x00,
    0x01,0x01,0x00,0x00,0x00,0x00,0x07,0x06,0x03,0x11,0x0d,0x08,
    0x0d,0x09,0x06,0x14,0x11,0x0b,0x06,0x05,0x04,0x0d,0x0a,0x07,
    0x0c,0x0a,0x06,0x0a,0x08,0x05,0x05,0x04,0x03,0x09,0x07,0x06,
    0x09,0x08,0x07,0x00,0x00,0x00,0x00,0x00,0x00,0x00,0x00,0x00,
    0x00,0x00,0x00,0x00,0x00,0x00,0x00,0x00,0x00,0x01,0x01,0x00,
    0x01,0x01,0x00,0x05,0x05,0x02,0x00,0x00,0x00,0x67,0x5b,0x47,
    0x6a,0x59,0x41,0x3e,0x2a,0x0f,0x58,0x3f,0x21,0x4a,0x31,0x17,
    0x3a,0x22,0x0a,0x4b,0x31,0x17,0x5f,0x49,0x31,0x84,0x71,0x5a,
    0x94,0x87,0x74,0x94,0x8b,0x7c,0x81,0x74,0x61,0x65,0x57,0x43,
    0x4a,0x3e,0x2e,0x2d,0x24,0x1a,0x1c,0x16,0x0d,0x0c,0x07,0x03,
    0x06,0x01,0x00,0x07,0x03,0x00,0x0a,0x07,0x00,0x0f,0x0b,0x01,
    0x11,0x0d,0x04,0x10,0x0d,0x03,0x10,0x0c,0x03,0x0e,0x0a,0x02,
    0x0b,0x09,0x02,0x0b,0x08,0x04,0x0a,0x08,0x01,0x0b,0x08,0x01,
    0x0a,0x07,0x00,0x0b,0x07,0x01,0x0b,0x07,0x01,0x0a,0x07,0x01,
    0x0a,0x07,0x01,0x0a,0x07,0x01,0x09,0x06,0x00,0x06,0x05,0x00,
    0x14,0x11,0x07,0x1a,0x15,0x09,0x19,0x13,0x07,0x1d,0x18,0x0a,
    0x11,0x0c,0x04,0x09,0x04,0x01,0x0a,0x05,0x01,0x0a,0x05,0x01,
    0x0a,0x05,0x01,0x0a,0x05,0x01,0x0a,0x05,0x01,0x0a,0x05,0x01,
    0x0a,0x04,0x00,0x0a,0x05,0x01,0x0a,0x05,0x01,0x09,0x04,0x01,
    0x0a,0x05,0x01,0x0b,0x05,0x00,0x0c,0x06,0x00,0x0d,0x06,0x01,
    0x0d,0x06,0x00,0x0f,0x07,0x01,0x0d,0x06,0x01,0x0d,0x06,0x00,
    0x0e,0x07,0x01,0x0e,0x06,0x01,0x13,0x08,0x01,0x16,0x0a,0x02,
    0x11,0x09,0x02,0x0e,0x06,0x01,0x0e,0x05,0x00,0x0e,0x05,0x01,
    0x0e,0x06,0x01,0x0d,0x05,0x00,0x0e,0x04,0x00,0x0d,0x04,0x01,
    0x0d,0x04,0x01,0x0d,0x03,0x02,0x0d,0x03,0x01,0x0c,0x02,0x01,
    0x00,0x00,0x00,0x00,0x00,0x00,0x00,0x00,0x00,0x00,0x00,0x00,
    0x00,0x00,0x00,0x00,0x00,0x00,0x00,0x00,0x00,0x00,0x00,0x00,
    0x00,0x00,0x00,0x00,0x00,0x00,0x00,0x00,0x00,0x00,0x00,0x00,
    0x00,0x00,0x00,0x00,0x00,0x00,0x00,0x00,0x00,0x00,0x00,0x00,
    0x00,0x00,0x00,0x00,0x00,0x00,0x00,0x00,0x00,0x00,0x00,0x00,
    0x00,0x00,0x00,0x00,0x00,0x00,0x00,0x00,0x00,0x00,0x00,0x00,
    0x00,0x00,0x00,0x00,0x00,0x00,0x00,0x00,0x00,0x00,0x00,0x00,
    0x00,0x00,0x00,0x00,0x01,0x00,0x02,0x02,0x01,0x00,0x00,0x00,
    0x02,0x01,0x01,0x06,0x05,0x05,0x04,0x02,0x02,0x13,0x0d,0x08,
    0x14,0x0f,0x08,0x27,0x1f,0x14,0x1d,0x16,0x10,0x27,0x1d,0x16,
    0x2c,0x24,0x1c,0x25,0x1c,0x14,0x2b,0x21,0x17,0x21,0x1a,0x13,
    0x12,0x0f,0x0b,0x26,0x21,0x19,0x17,0x15,0x10,0x03,0x02,0x01,
    0x04,0x03,0x02,0x05,0x05,0x03,0x19,0x14,0x09,0x37,0x2e,0x21,
    0x2f,0x1f,0x12,0x56,0x3b,0x1e,0x51,0x37,0x1d,0x25,0x13,0x0a,
    0x59,0x3d,0x24,0x64,0x45,0x24,0x3c,0x24,0x0f,0x3f,0x27,0x0e,
    0x37,0x1f,0x07,0x3e,0x25,0x0e,0x5c,0x42,0x21,0x67,0x4e,0x2e,
    0x83,0x69,0x41,0x86,0x70,0x4a,0x71,0x60,0x44,0x6c,0x5d,0x42,
    0x5f,0x52,0x3c,0x48,0x3f,0x2e,0x2f,0x28,0x1b,0x16,0x14,0x0b,
    0x0c,0x09,0x00,0x0a,0x06,0x00,0x0a,0x07,0x00,0x0c,0x09,0x01,
    0x10,0x0e,0x05,0x12,0x0f,0x06,0x11,0x0e,0x05,0x12,0x0d,0x05,
    0x10,0x0b,0x04,0x0d,0x09,0x01,0x0d,0x09,0x02,0x0d,0x09,0x02,
    0x0d,0x09,0x02,0x0c,0x09,0x02,0x0c,0x09,0x03,0x19,0x14,0x09,
    0x1c,0x16,0x08,0x19,0x15,0x08,0x1a,0x15,0x07,0x1c,0x15,0x07,
    0x19,0x13,0x07,0x0a,0x05,0x00,0x0a,0x05,0x00,0x0a,0x05,0x01,
    0x0a,0x05,0x01,0x0a,0x05,0x01,0x0a,0x05,0x01,0x0a,0x05,0x01,
    0x0a,0x05,0x01,0x0a,0x05,0x01,0x0b,0x06,0x01,0x0a,0x05,0x01,
    0x0a,0x05,0x01,0x0a,0x05,0x00,0x0c,0x06,0x02,0x0e,0x06,0x01,
    0x0c,0x06,0x01,0x0b,0x06,0x00,0x0d,0x07,0x01,0x11,0x0a,0x02,
    0x0d,0x06,0x01,0x0d,0x06,0x01,0x11,0x07,0x01,0x17,0x0b,0x01,
    0x12,0x08,0x01,0x0e,0x06,0x01,0x0f,0x06,0x00,0x0f,0x06,0x00,
    0x0e,0x05,0x00,0x0e,0x05,0x00,0x0e,0x05,0x00,0x0d,0x04,0x00,
    0x0d,0x04,0x00,0x0d,0x04,0x01,0x0d,0x04,0x01,0x0d,0x03,0x01,
    0x00,0x00,0x00,0x00,0x00,0x00,0x00,0x00,0x00,0x00,0x00,0x00,
    0x00,0x00,0x00,0x00,0x00,0x00,0x00,0x00,0x00,0x00,0x00,0x00,
    0x00,0x00,0x00,0x00,0x00,0x00,0x00,0x00,0x00,0x00,0x00,0x00,
    0x00,0x00,0x00,0x00,0x00,0x00,0x00,0x00,0x00,0x00,0x00,0x00,
    0x00,0x00,0x00,0x00,0x00,0x00,0x00,0x00,0x00,0x00,0x00,0x00,
    0x00,0x00,0x00,0x00,0x00,0x00,0x00,0x00,0x00,0x00,0x00,0x00,
    0x00,0x00,0x00,0x00,0x00,0x00,0x00,0x00,0x00,0x00,0x00,0x00,
    0x00,0x00,0x00,0x00,0x00,0x00,0x00,0x00,0x00,0x00,0x00,0x00,
    0x00,0x00,0x00,0x01,0x01,0x01,0x01,0x01,0x01,0x00,0x00,0x00,
    0x00,0x00,0x00,0x06,0x03,0x03,0x02,0x01,0x01,0x1a,0x14,0x0d,
    0x1f,0x18,0x12,0x0c,0x08,0x06,0x1d,0x14,0x0c,0x2d,0x22,0x15,
    0x2d,0x23,0x16,0x30,0x24,0x19,0x3c,0x31,0x24,0x22,0x1e,0x15,
    0x0e,0x0b,0x07,0x1c,0x16,0x0c,0x26,0x1e,0x0e,0x3e,0x34,0x29,
    0x47,0x2e,0x16,0x59,0x3b,0x19,0x5b,0x40,0x25,0x56,0x3e,0x27,
    0x4b,0x2d,0x13,0x4a,0x2d,0x14,0x53,0x39,0x1e,0x5b,0x43,0x24,
    0x6c,0x50,0x2d,0x51,0x34,0x17,0x58,0x37,0x16,0x61,0x3e,0x1b,
    0x65,0x43,0x1e,0x50,0x35,0x13,0x3b,0x27,0x0f,0x4f,0x3a,0x1d,
    0x6c,0x53,0x2d,0x81,0x66,0x41,0x81,0x6a,0x48,0x88,0x77,0x50,
    0x7e,0x75,0x57,0x61,0x56,0x3f,0x4a,0x44,0x31,0x38,0x33,0x22,
    0x1d,0x1a,0x10,0x12,0x0f,0x05,0x0e,0x0b,0x01,0x0c,0x09,0x00,
    0x0f,0x0d,0x02,0x13,0x0f,0x05,0x13,0x0f,0x04,0x11,0x0e,0x04,
    0x12,0x0e,0x03,0x10,0x0d,0x03,0x12,0x0f,0x04,0x16,0x13,0x06,
    0x14,0x10,0x05,0x12,0x0f,0x05,0x12,0x0f,0x04,0x11,0x0d,0x04,
    0x0f,0x0b,0x03,0x0c,0x07,0x02,0x0d,0x06,0x01,0x0c,0x06,0x01,
    0x0b,0x06,0x01,0x0b,0x06,0x00,0x0b,0x06,0x00,0x0b,0x06,0x00,
    0x0a,0x05,0x01,0x0b,0x06,0x01,0x0b,0x06,0x01,0x0b,0x06,0x01,
    0x0c,0x06,0x01,0x0c,0x06,0x01,0x0c,0x07,0x01,0x0c,0x06,0x01,
    0x0d,0x06,0x01,0x10,0x0a,0x02,0x13,0x0c,0x02,0x1e,0x14,0x06,
    0x19,0x10,0x05,0x0d,0x06,0x00,0x0f,0x07,0x01,0x10,0x08,0x01,
    0x0f,0x07,0x01,0x0e,0x07,0x01,0x0e,0x07,0x01,0x0f,0x06,0x01,
    0x0f,0x06,0x01,0x0e,0x05,0x00,0x0e,0x05,0x00,0x0e,0x05,0x00,
    0x0e,0x05,0x00,0x0d,0x05,0x00,0x0e,0x04,0x01,0x0d,0x03,0x02,
    0x00,0x00,0x00,0x00,0x00,0x00,0x00,0x00,0x00,0x00,0x00,0x00,
    0x00,0x00,0x00,0x00,0x00,0x00,0x00,0x00,0x00,0x00,0x00,0x00,
    0x00,0x00,0x00,0x00,0x00,0x00,0x00,0x00,0x00,0x00,0x00,0x00,
    0x00,0x00,0x00,0x00,0x00,0x00,0x00,0x00,0x00,0x00,0x00,0x00,
    0x00,0x00,0x00,0x00,0x00,0x00,0x00,0x00,0x00,0x00,0x00,0x00,
    0x00,0x00,0x00,0x00,0x00,0x00,0x00,0x00,0x00,0x00,0x00,0x00,
    0x00,0x00,0x00,0x01,0x01,0x01,0x00,0x00,0x00,0x00,0x00,0x00,
    0x01,0x01,0x01,0x00,0x00,0x00,0x00,0x00,0x00,0x00,0x00,0x00,
    0x00,0x00,0x00,0x00,0x00,0x00,0x00,0x00,0x00,0x00,0x00,0x00,
    0x01,0x01,0x01,0x00,0x00,0x00,0x01,0x01,0x00,0x00,0x00,0x00,
    0x03,0x02,0x02,0x06,0x04,0x03,0x02,0x00,0x00,0x02,0x01,0x00,
    0x02,0x00,0x00,0x0f,0x0a,0x06,0x20,0x19,0x11,0x19,0x16,0x11,
    0x0d,0x0a,0x05,0x19,0x14,0x0a,0x15,0x0e,0x07,0x42,0x32,0x24,
    0x52,0x35,0x16,0x62,0x45,0x29,0xbd,0xa7,0x91,0xd5,0xc1,0xaf,
    0xb9,0xaf,0xa0,0x4d,0x40,0x33,0x46,0x2c,0x13,0x4f,0x36,0x1b,
    0x52,0x38,0x1a,0x7c,0x61,0x43,0x8d,0x6b,0x45,0x6e,0x4a,0x23,
    0x5f,0x42,0x20,0x60,0x42,0x23,0x6a,0x49,0x27,0x5c,0x3f,0x1f,
    0x5f,0x42,0x1d,0x59,0x3c,0x14,0x5e,0x3e,0x13,0x71,0x53,0x22,
    0x70,0x56,0x29,0x7f,0x65,0x35,0x7c,0x68,0x3f,0x74,0x63,0x42,
    0x8f,0x85,0x68,0x80,0x74,0x54,0x61,0x57,0x38,0x4e,0x47,0x2f,
    0x35,0x30,0x1e,0x1e,0x1b,0x0e,0x13,0x11,0x05,0x0f,0x0d,0x00,
    0x0d,0x0b,0x00,0x0d,0x0b,0x01,0x12,0x0f,0x04,0x16,0x13,0x07,
    0x18,0x15,0x09,0x17,0x15,0x08,0x14,0x11,0x05,0x13,0x0e,0x05,
    0x10,0x0c,0x04,0x10,0x0c,0x03,0x0f,0x0a,0x02,0x0f,0x0a,0x01,
    0x0d,0x09,0x01,0x0d,0x09,0x01,0x0d,0x08,0x01,0x0c,0x07,0x01,
    0x0b,0x06,0x01,0x0b,0x06,0x01,0x0c,0x07,0x00,0x0d,0x07,0x00,
    0x0e,0x07,0x02,0x0d,0x07,0x02,0x0d,0x07,0x02,0x10,0x0b,0x03,
    0x1e,0x18,0x09,0x20,0x19,0x0a,0x13,0x0f,0x03,0x16,0x10,0x05,
    0x1c,0x13,0x06,0x0c,0x07,0x00,0x0f,0x07,0x01,0x11,0x07,0x00,
    0x0e,0x07,0x01,0x0e,0x06,0x00,0x0e,0x06,0x01,0x0f,0x06,0x00,
    0x0f,0x06,0x00,0x0f,0x05,0x01,0x0f,0x05,0x01,0x0d,0x05,0x00,
    0x0e,0x04,0x01,0x0e,0x05,0x01,0x0e,0x05,0x00,0x0e,0x04,0x01,
    0x00,0x00,0x00,0x00,0x00,0x00,0x00,0x00,0x00,0x00,0x00,0x00,
    0x00,0x00,0x00,0x00,0x00,0x00,0x00,0x00,0x00,0x00,0x00,0x00,
    0x00,0x00,0x00,0x00,0x00,0x00,0x00,0x00,0x00,0x00,0x00,0x00,
    0x00,0x00,0x00,0x00,0x00,0x00,0x00,0x00,0x00,0x00,0x00,0x00,
    0x00,0x00,0x00,0x00,0x00,0x00,0x00,0x00,0x00,0x00,0x00,0x00,
    0x00,0x00,0x00,0x00,0x00,0x00,0x01,0x01,0x00,0x01,0x01,0x00,
    0x00,0x00,0x00,0x01,0x01,0x01,0x01,0x01,0x01,0x00,0x00,0x00,
    0x01,0x01,0x01,0x01,0x01,0x01,0x01,0x01,0x01,0x00,0x00,0x00,
    0x00,0x00,0x00,0x01,0x01,0x01,0x01,0x01,0x01,0x00,0x00,0x00,
    0x01,0x01,0x01,0x01,0x01,0x01,0x01,0x01,0x01,0x02,0x02,0x02,
    0x01,0x01,0x01,0x01,0x00,0x01,0x02,0x01,0x00,0x01,0x01,0x00,
    0x02,0x01,0x00,0x09,0x08,0x04,0x11,0x10,0x09,0x12,0x0f,0x0b,
    0x07,0x05,0x03,0x06,0x04,0x01,0x06,0x03,0x01,0x09,0x00,0x00,
    0x46,0x2a,0x15,0xa9,0x8a,0x72,0xd6,0xbd,0xaa,0xff,0xf5,0xe4,
    0xff,0xff,0xff,0xe7,0xdb,0xcc,0x6e,0x52,0x31,0x69,0x4a,0x28,
    0x5f,0x44,0x23,0x90,0x73,0x4d,0xa2,0x80,0x53,0x6b,0x4a,0x24,
    0x60,0x44,0x22,0x58,0x3f,0x1f,0x65,0x47,0x25,0x6e,0x4c,0x25,
    0x67,0x48,0x20,0x67,0x4a,0x21,0x68,0x4a,0x21,0x56,0x3c,0x19,
    0x46,0x33,0x14,0x50,0x39,0x15,0x50,0x3b,0x14,0x54,0x42,0x15,
    0x5a,0x46,0x1d,0x65,0x51,0x24,0x7e,0x64,0x31,0x97,0x7d,0x47,
    0x92,0x7a,0x4c,0x8b,0x77,0x4d,0x71,0x64,0x45,0x58,0x4d,0x34,
    0x48,0x40,0x2b,0x39,0x34,0x21,0x26,0x22,0x13,0x16,0x13,0x08,
    0x0a,0x07,0x00,0x0c,0x0a,0x00,0x12,0x10,0x02,0x13,0x11,0x03,
    0x14,0x11,0x04,0x16,0x11,0x05,0x14,0x10,0x04,0x11,0x0d,0x02,
    0x0f,0x0b,0x01,0x0f,0x0b,0x01,0x0f,0x0b,0x01,0x0e,0x0a,0x01,
    0x0e,0x0a,0x01,0x0d,0x09,0x01,0x0d,0x09,0x01,0x0f,0x0a,0x01,
    0x0e,0x09,0x01,0x0c,0x08,0x02,0x0c,0x09,0x02,0x12,0x0e,0x03,
    0x19,0x14,0x07,0x16,0x12,0x06,0x11,0x0d,0x04,0x12,0x0c,0x03,
    0x24,0x1c,0x0f,0x15,0x0f,0x06,0x0f,0x07,0x01,0x12,0x09,0x01,
    0x11,0x08,0x01,0x10,0x07,0x01,0x0f,0x06,0x01,0x0e,0x06,0x00,
    0x11,0x06,0x01,0x10,0x05,0x01,0x0f,0x04,0x01,0x0e,0x05,0x00,
    0x0e,0x05,0x00,0x0e,0x05,0x01,0x0e,0x05,0x00,0x0e,0x05,0x01,
    0x00,0x00,0x00,0x00,0x00,0x00,0x00,0x00,0x00,0x00,0x00,0x00,
    0x00,0x00,0x00,0x00,0x00,0x00,0x00,0x00,0x00,0x00,0x00,0x00,
    0x00,0x00,0x00,0x00,0x00,0x00,0x00,0x00,0x00,0x00,0x00,0x00,
    0x00,0x00,0x00,0x00,0x00,0x00,0x00,0x00,0x00,0x00,0x00,0x00,
    0x00,0x00,0x00,0x00,0x00,0x00,0x00,0x00,0x00,0x00,0x00,0x00,
    0x00,0x00,0x00,0x01,0x01,0x01,0x01,0x01,0x01,0x00,0x00,0x00,
    0x01,0x01,0x01,0x01,0x01,0x01,0x01,0x01,0x01,0x01,0x01,0x01,
    0x01,0x01,0x01,0x01,0x01,0x01,0x01,0x01,0x01,0x01,0x01,0x01,
    0x01,0x01,0x01,0x01,0x01,0x01,0x01,0x01,0x01,0x01,0x00,0x01,
    0x01,0x00,0x01,0x01,0x01,0x01,0x01,0x01,0x00,0x01,0x01,0x00,
    0x01,0x01,0x01,0x01,0x01,0x00,0x01,0x01,0x00,0x02,0x02,0x00,
    0x01,0x01,0x00,0x05,0x05,0x02,0x0a,0x08,0x04,0x12,0x10,0x0b,
    0x10,0x10,0x0c,0x03,0x02,0x00,0x06,0x03,0x01,0x12,0x09,0x05,
    0x78,0x5d,0x47,0xa1,0x87,0x6c,0xd9,0xcb,0xb9,0xbe,0xae,0x9c,
    0xb3,0xa0,0x8a,0xfe,0xf3,0xe1,0xa9,0x8e,0x71,0x64,0x41,0x1b,
    0x85,0x65,0x3e,0x93,0x79,0x55,0x65,0x4c,0x2c,0x55,0x3a,0x1d,
    0x45,0x32,0x19,0x40,0x30,0x16,0x3e,0x2d,0x14,0x56,0x3c,0x19,
    0x7e,0x5d,0x2e,0x6d,0x4e,0x26,0x5f,0x4a,0x25,0x4d,0x40,0x20,
    0x36,0x2d,0x11,0x59,0x56,0x35,0xbe,0xbf,0xb3,0xc3,0xc2,0xad,
    0x73,0x5f,0x33,0x71,0x59,0x2f,0x6f,0x57,0x29,0x68,0x4c,0x1c,
    0x5b,0x42,0x1b,0x59,0x40,0x1d,0x7d,0x5f,0x2f,0x6e,0x58,0x2e,
    0x70,0x5d,0x36,0x81,0x6f,0x45,0x81,0x74,0x4e,0x7f,0x76,0x59,
    0x83,0x7e,0x6b,0x62,0x5f,0x4f,0x3e,0x39,0x24,0x2c,0x27,0x16,
    0x1f,0x1c,0x0d,0x13,0x0f,0x05,0x0d,0x0a,0x00,0x0e,0x0b,0x01,
    0x0f,0x0c,0x02,0x11,0x0e,0x03,0x13,0x0f,0x04,0x13,0x0f,0x04,
    0x11,0x0d,0x02,0x10,0x0c,0x01,0x10,0x0c,0x01,0x10,0x0c,0x01,
    0x10,0x0c,0x02,0x11,0x0e,0x03,0x10,0x0d,0x03,0x11,0x0e,0x03,
    0x15,0x11,0x06,0x13,0x10,0x05,0x12,0x0f,0x06,0x1f,0x1a,0x0e,
    0x2c,0x29,0x1a,0x4b,0x47,0x36,0x17,0x0d,0x04,0x13,0x0a,0x02,
    0x13,0x0a,0x01,0x11,0x08,0x01,0x10,0x08,0x00,0x11,0x08,0x01,
    0x10,0x07,0x01,0x10,0x05,0x01,0x0f,0x05,0x01,0x0e,0x06,0x01,
    0x0f,0x06,0x01,0x0f,0x06,0x01,0x0e,0x06,0x00,0x0e,0x05,0x00,
    0x00,0x00,0x00,0x00,0x00,0x00,0x00,0x00,0x00,0x00,0x00,0x00,
    0x00,0x00,0x00,0x00,0x00,0x00,0x00,0x00,0x00,0x00,0x00,0x00,
    0x00,0x00,0x00,0x00,0x00,0x00,0x00,0x00,0x00,0x00,0x00,0x00,
    0x00,0x00,0x00,0x00,0x00,0x00,0x01,0x01,0x01,0x03,0x03,0x03,
    0x00,0x00,0x00,0x00,0x00,0x00,0x01,0x01,0x01,0x01,0x01,0x01,
    0x00,0x00,0x00,0x00,0x00,0x00,0x00,0x00,0x00,0x00,0x00,0x00,
    0x00,0x00,0x00,0x00,0x00,0x00,0x00,0x00,0x00,0x01,0x01,0x01,
    0x00,0x00,0x00,0x01,0x01,0x01,0x00,0x00,0x00,0x00,0x00,0x00,
    0x00,0x01,0x01,0x01,0x00,0x00,0x01,0x01,0x01,0x01,0x01,0x01,
    0x01,0x01,0x01,0x02,0x01,0x01,0x01,0x01,0x00,0x01,0x01,0x00,
    0x01,0x01,0x00,0x01,0x01,0x00,0x01,0x02,0x00,0x02,0x02,0x00,
    0x02,0x02,0x00,0x02,0x01,0x00,0x02,0x01,0x00,0x03,0x02,0x01,
    0x17,0x14,0x0e,0x22,0x1f,0x17,0x07,0x05,0x04,0x3e,0x2f,0x22,
    0x89,0x71,0x5e,0x44,0x34,0x25,0x36,0x28,0x19,0x49,0x38,0x22,
    0x3e,0x25,0x0f,0xbd,0x9f,0x81,0xcc,0xb8,0xa0,0x7f,0x5f,0x3b,
    0x6e,0x4f,0x30,0x6b,0x4c,0x25,0x56,0x3a,0x1a,0x3e,0x2c,0x15,
    0x34,0x26,0x13,0x35,0x27,0x12,0x44,0x33,0x1a,0x4d,0x3a,0x1a,
    0x4e,0x38,0x18,0x39,0x28,0x10,0x4a,0x3e,0x22,0x49,0x3e,0x24,
    0x30,0x25,0x0a,0x94,0x9d,0x7d,0xff,0xff,0xff,0xef,0xf5,0xef,
    0x8d,0x7e,0x50,0x7c,0x64,0x33,0x8c,0x79,0x52,0x90,0x7a,0x49,
    0x88,0x71,0x37,0x79,0x61,0x30,0x7c,0x5f,0x2f,0x76,0x5a,0x29,
    0x68,0x4e,0x20,0x56,0x42,0x19,0x57,0x43,0x1c,0x60,0x4d,0x22,
    0x7f,0x72,0x50,0x8e,0x85,0x6a,0x6b,0x60,0x3f,0x71,0x65,0x46,
    0x6e,0x62,0x45,0x60,0x56,0x3b,0x56,0x4b,0x34,0x3f,0x37,0x23,
    0x2b,0x27,0x15,0x1c,0x18,0x0b,0x11,0x0e,0x03,0x0e,0x0b,0x00,
    0x0e,0x0a,0x01,0x11,0x0d,0x03,0x13,0x10,0x05,0x15,0x12,0x06,
    0x17,0x13,0x08,0x1a,0x17,0x09,0x15,0x13,0x07,0x12,0x12,0x05,
    0x14,0x13,0x07,0x13,0x12,0x08,0x24,0x22,0x15,0x27,0x23,0x15,
    0x1c,0x1a,0x0d,0x43,0x3e,0x2f,0x21,0x18,0x0d,0x12,0x0a,0x01,
    0x14,0x0d,0x02,0x13,0x0b,0x02,0x12,0x08,0x01,0x13,0x0a,0x01,
    0x11,0x08,0x01,0x10,0x06,0x00,0x10,0x06,0x01,0x10,0x07,0x01,
    0x0f,0x06,0x01,0x0e,0x05,0x00,0x0f,0x06,0x01,0x0f,0x06,0x01,
    0x00,0x00,0x00,0x00,0x00,0x00,0x00,0x00,0x00,0x00,0x00,0x00,
    0x00,0x00,0x00,0x00,0x00,0x00,0x00,0x00,0x00,0x00,0x00,0x00,
    0x00,0x00,0x00,0x01,0x01,0x01,0x00,0x00,0x00,0x00,0x00,0x00,
    0x00,0x00,0x00,0x00,0x00,0x00,0x01,0x01,0x01,0x01,0x01,0x01,
    0x01,0x01,0x01,0x00,0x00,0x00,0x01,0x01,0x01,0x01,0x01,0x01,
    0x00,0x00,0x00,0x01,0x01,0x01,0x01,0x01,0x01,0x01,0x01,0x00,
    0x00,0x00,0x00,0x01,0x01,0x01,0x01,0x01,0x00,0x01,0x01,0x00,
    0x02,0x01,0x00,0x01,0x01,0x00,0x01,0x01,0x01,0x01,0x01,0x01,
    0x00,0x01,0x01,0x01,0x01,0x00,0x02,0x01,0x00,0x01,0x01,0x00,
    0x01,0x01,0x01,0x02,0x01,0x00,0x02,0x01,0x00,0x02,0x01,0x00,
    0x01,0x01,0x00,0x01,0x01,0x00,0x02,0x01,0x00,0x03,0x02,0x00,
    0x02,0x02,0x00,0x03,0x01,0x00,0x06,0x02,0x00,0x06,0x03,0x00,
    0x03,0x00,0x00,0x16,0x12,0x0b,0x18,0x15,0x0c,0x5c,0x4c,0x38,
    0x59,0x49,0x38,0x21,0x18,0x10,0x4c,0x3c,0x2a,0x5b,0x49,0x30,
    0x59,0x44,0x32,0xae,0x93,0x7a,0xd6,0xc9,0xb4,0x42,0x34,0x21,
    0x42,0x2f,0x1c,0x6a,0x50,0x31,0x88,0x6c,0x45,0x37,0x28,0x14,
    0x33,0x27,0x15,0x3e,0x2e,0x17,0x53,0x3f,0x21,0x53,0x3d,0x1f,
    0x40,0x2d,0x11,0x4c,0x3f,0x20,0x5d,0x59,0x3b,0x3e,0x34,0x1c,
    0x30,0x23,0x0f,0x4d,0x47,0x24,0x66,0x68,0x4a,0x4b,0x44,0x28,
    0x78,0x64,0x36,0x69,0x52,0x28,0x84,0x70,0x3e,0x8a,0x75,0x40,
    0xa1,0x85,0x49,0xa2,0x90,0x5d,0xaa,0xa0,0x71,0x73,0x60,0x2e,
    0x72,0x58,0x2b,0x85,0x69,0x34,0x73,0x5c,0x24,0x59,0x4b,0x20,
    0x45,0x3a,0x1b,0x49,0x41,0x2b,0x27,0x21,0x0f,0x2c,0x23,0x0b,
    0x3a,0x2e,0x15,0x3d,0x33,0x17,0x4d,0x43,0x28,0x57,0x4c,0x32,
    0x5e,0x55,0x3b,0x60,0x58,0x3f,0x5a,0x51,0x3a,0x4b,0x45,0x2f,
    0x35,0x30,0x1e,0x27,0x25,0x16,0x1e,0x1c,0x0d,0x18,0x17,0x07,
    0x11,0x11,0x02,0x13,0x13,0x05,0x17,0x18,0x0b,0x18,0x1a,0x0d,
    0x1b,0x1d,0x0f,0x25,0x27,0x14,0x22,0x23,0x11,0x20,0x21,0x11,
    0x29,0x29,0x17,0x24,0x21,0x10,0x17,0x12,0x06,0x15,0x10,0x04,
    0x13,0x0f,0x03,0x11,0x0c,0x02,0x10,0x0a,0x01,0x11,0x0a,0x02,
    0x14,0x0b,0x03,0x13,0x0a,0x02,0x10,0x07,0x00,0x10,0x07,0x00,
    0x0f,0x07,0x01,0x10,0x07,0x00,0x10,0x05,0x00,0x0f,0x05,0x01,
    0x00,0x00,0x00,0x00,0x00,0x00,0x01,0x01,0x01,0x01,0x01,0x01,
    0x01,0x01,0x01,0x00,0x00,0x00,0x01,0x01,0x01,0x01,0x01,0x01,
    0x01,0x01,0x01,0x01,0x01,0x01,0x01,0x01,0x01,0x00,0x00,0x00,
    0x00,0x00,0x00,0x00,0x00,0x00,0x01,0x01,0x01,0x00,0x00,0x00,
    0x00,0x00,0x00,0x00,0x00,0x00,0x01,0x01,0x01,0x01,0x01,0x01,
    0x00,0x00,0x00,0x00,0x00,0x00,0x01,0x01,0x01,0x01,0x01,0x01,
    0x00,0x00,0x00,0x01,0x01,0x01,0x01,0x01,0x01,0x01,0x01,0x00,
    0x02,0x01,0x00,0x02,0x01,0x00,0x01,0x01,0x00,0x01,0x01,0x00,
    0x01,0x01,0x00,0x01,0x01,0x00,0x02,0x01,0x00,0x01,0x01,0x00,
    0x03,0x02,0x00,0x02,0x01,0x00,0x02,0x01,0x00,0x03,0x02,0x00,
    0x02,0x02,0x00,0x02,0x02,0x00,0x03,0x02,0x00,0x03,0x02,0x00,
    0x02,0x02,0x00,0x05,0x01,0x00,0x06,0x02,0x00,0x07,0x03,0x00,
    0x09,0x05,0x02,0x03,0x00,0x00,0x38,0x2f,0x1e,0x49,0x40,0x2b,
    0x14,0x10,0x06,0x22,0x19,0x0e,0x51,0x3d,0x28,0x32,0x24,0x12,
    0x85,0x71,0x5a,0x95,0x7d,0x62,0xe1,0xd4,0xc4,0x8b,0x84,0x79,
    0x20,0x14,0x05,0x39,0x29,0x17,0x36,0x29,0x16,0x36,0x2a,0x16,
    0x54,0x42,0x27,0x5e,0x49,0x29,0x69,0x51,0x2c,0x4d,0x39,0x1b,
    0x48,0x34,0x14,0x68,0x5e,0x39,0x61,0x5e,0x3e,0x3d,0x38,0x1d,
    0x44,0x3c,0x22,0x39,0x30,0x19,0x29,0x21,0x09,0x2c,0x23,0x10,
    0x44,0x33,0x17,0x7e,0x61,0x2d,0xae,0x8b,0x49,0xb1,0x8e,0x4f,
    0xbf,0xa2,0x62,0xbc,0xaa,0x73,0xae,0xa2,0x70,0x89,0x74,0x3c,
    0xa1,0x85,0x4a,0xb0,0x9a,0x66,0xb6,0xaf,0x90,0xd3,0xd4,0xcc,
    0xee,0xef,0xec,0xd7,0xda,0xc5,0x7f,0x79,0x57,0x48,0x3d,0x16,
    0x40,0x37,0x1a,0x4b,0x47,0x2c,0x3f,0x3a,0x21,0x2b,0x23,0x0d,
    0x29,0x20,0x0c,0x25,0x20,0x0d,0x2c,0x28,0x17,0x36,0x33,0x20,
    0x3d,0x38,0x25,0x48,0x45,0x2e,0x49,0x47,0x2e,0x4e,0x4a,0x33,
    0x4d,0x49,0x34,0x41,0x3f,0x29,0x33,0x33,0x1f,0x28,0x29,0x17,
    0x1d,0x1f,0x12,0x1c,0x20,0x11,0x19,0x1e,0x10,0x19,0x1e,0x10,
    0x24,0x28,0x1a,0x21,0x21,0x11,0x18,0x16,0x08,0x19,0x16,0x08,
    0x17,0x13,0x06,0x18,0x15,0x07,0x19,0x15,0x08,0x14,0x0f,0x03,
    0x18,0x12,0x06,0x1c,0x16,0x08,0x1c,0x14,0x07,0x15,0x0c,0x03,
    0x13,0x0a,0x02,0x12,0x09,0x01,0x10,0x07,0x01,0x10,0x07,0x01,
    0x00,0x00,0x00,0x00,0x00,0x00,0x01,0x01,0x01,0x01,0x01,0x01,
    0x01,0x01,0x01,0x00,0x00,0x00,0x01,0x01,0x01,0x01,0x01,0x01,
    0x00,0x00,0x00,0x01,0x01,0x01,0x01,0x01,0x01,0x01,0x01,0x01,
    0x01,0x01,0x01,0x00,0x00,0x00,0x00,0x00,0x00,0x00,0x00,0x00,
    0x01,0x00,0x00,0x00,0x01,0x00,0x00,0x01,0x00,0x01,0x01,0x00,
    0x00,0x00,0x00,0x01,0x01,0x01,0x01,0x01,0x00,0x02,0x01,0x00,
    0x01,0x01,0x01,0x01,0x01,0x00,0x00,0x00,0x00,0x01,0x01,0x00,
    0x01,0x01,0x00,0x01,0x01,0x00,0x02,0x01,0x00,0x02,0x01,0x00,
    0x01,0x01,0x00,0x02,0x02,0x00,0x01,0x01,0x00,0x02,0x01,0x00,
    0x03,0x02,0x00,0x02,0x01,0x00,0x02,0x01,0x00,0x02,0x02,0x00,
    0x02,0x02,0x00,0x02,0x02,0x00,0x03,0x02,0x00,0x03,0x02,0x00,
    0x04,0x02,0x00,0x06,0x02,0x00,0x06,0x02,0x00,0x06,0x02,0x00,
    0x0b,0x07,0x03,0x08,0x04,0x01,0x28,0x1f,0x11,0x43,0x39,0x24,
    0x19,0x15,0x0b,0x1e,0x16,0x0b,0x32,0x25,0x13,0x2b,0x1e,0x0f,
    0x73,0x5e,0x42,0x9c,0x82,0x61,0x89,0x78,0x66,0xff,0xff,0xfc,
    0x88,0x7d,0x6c,0x2e,0x1e,0x0a,0x3c,0x2c,0x17,0x3a,0x2c,0x17,
    0x34,0x27,0x16,0x3f,0x2d,0x18,0x40,0x2f,0x17,0x3c,0x2d,0x13,
    0x42,0x30,0x16,0x42,0x31,0x16,0x48,0x39,0x1c,0x4a,0x3b,0x1f,
    0x46,0x3a,0x20,0x43,0x36,0x1b,0x42,0x37,0x1b,0x3a,0x32,0x16,
    0x59,0x4a,0x27,0xa3,0x8a,0x50,0xbe,0x9d,0x62,0xa2,0x86,0x4a,
    0xaf,0xa9,0x86,0xe3,0xed,0xe5,0xbb,0xae,0x87,0xb4,0x96,0x5a,
    0xc2,0xa6,0x6a,0xdf,0xda,0xb4,0xf4,0xf4,0xe1,0xff,0xff,0xf3,
    0xc0,0xbe,0x9b,0x66,0x5f,0x27,0x58,0x4f,0x1d,0x51,0x44,0x19,
    0x70,0x6f,0x50,0xfb,0xfc,0xfc,0xba,0xbb,0xa4,0x2f,0x29,0x03,
    0x38,0x31,0x17,0x30,0x29,0x15,0x22,0x1d,0x0c,0x12,0x11,0x00,
    0x14,0x13,0x06,0x12,0x13,0x05,0x1c,0x1d,0x0d,0x25,0x26,0x15,
    0x34,0x37,0x25,0x46,0x47,0x33,0x54,0x54,0x3c,0x5b,0x5b,0x42,
    0x5d,0x5d,0x43,0x53,0x53,0x3b,0x47,0x46,0x2f,0x34,0x35,0x20,
    0x2f,0x31,0x1f,0x2c,0x2b,0x1a,0x17,0x15,0x05,0x15,0x14,0x06,
    0x16,0x15,0x06,0x1a,0x19,0x09,0x1f,0x1c,0x0e,0x1e,0x1b,0x0c,
    0x1b,0x16,0x09,0x18,0x14,0x07,0x1b,0x16,0x08,0x1b,0x15,0x07,
    0x15,0x0e,0x02,0x18,0x0f,0x03,0x11,0x09,0x01,0x10,0x07,0x01,
    0x00,0x00,0x00,0x01,0x01,0x01,0x01,0x01,0x01,0x00,0x00,0x00,
    0x01,0x01,0x01,0x00,0x00,0x00,0x00,0x00,0x00,0x00,0x00,0x00,
    0x00,0x00,0x00,0x01,0x01,0x01,0x01,0x01,0x01,0x01,0x01,0x00,
    0x01,0x01,0x01,0x01,0x01,0x00,0x01,0x01,0x01,0x01,0x01,0x00,
    0x02,0x01,0x00,0x01,0x01,0x00,0x01,0x01,0x00,0x01,0x01,0x00,
    0x01,0x01,0x00,0x02,0x01,0x00,0x02,0x01,0x00,0x02,0x01,0x00,
    0x01,0x01,0x00,0x01,0x01,0x00,0x01,0x01,0x00,0x01,0x01,0x01,
    0x01,0x01,0x00,0x01,0x01,0x00,0x02,0x01,0x00,0x02,0x01,0x00,
    0x02,0x02,0x00,0x03,0x02,0x00,0x02,0x01,0x00,0x02,0x01,0x00,
    0x03,0x02,0x00,0x03,0x02,0x00,0x02,0x02,0x00,0x02,0x02,0x00,
    0x02,0x02,0x00,0x02,0x02,0x00,0x02,0x02,0x00,0x03,0x03,0x00,
    0x04,0x02,0x00,0x06,0x02,0x00,0x06,0x02,0x00,0x07,0x04,0x00,
    0x08,0x04,0x00,0x08,0x05,0x01,0x06,0x03,0x00,0x0d,0x09,0x03,
    0x0d,0x09,0x03,0x0e,0x09,0x03,0x0e,0x0a,0x03,0x3f,0x30,0x23,
    0x8b,0x73,0x57,0xa5,0x8c,0x70,0x90,0x7c,0x63,0xa9,0xa2,0x94,
    0xfd,0xfa,0xf4,0x7d,0x75,0x67,0x3c,0x31,0x21,0x3e,0x31,0x1d,
    0x44,0x36,0x23,0x3f,0x33,0x1f,0x3e,0x31,0x1a,0x35,0x2a,0x15,
    0x38,0x29,0x13,0x39,0x2b,0x13,0x32,0x26,0x11,0x36,0x2a,0x12,
    0x37,0x29,0x13,0x39,0x2d,0x16,0x35,0x2b,0x14,0x37,0x2b,0x12,
    0x3d,0x2e,0x15,0x71,0x58,0x2f,0xc7,0xa2,0x64,0xa1,0x8c,0x54,
    0xc9,0xc4,0x92,0xf0,0xeb,0xcc,0xf3,0xed,0xcd,0xe1,0xd3,0xac,
    0xd8,0xc7,0x9b,0xe7,0xde,0xba,0xec,0xe2,0xc0,0xd0,0xc6,0x9d,
    0x85,0x7e,0x4b,0x73,0x6c,0x3c,0x78,0x72,0x46,0x60,0x5a,0x2c,
    0x7a,0x75,0x49,0xdd,0xde,0xc8,0x8c,0x8a,0x64,0x79,0x73,0x50,
    0x53,0x4f,0x2e,0x33,0x31,0x18,0x3d,0x40,0x2d,0x55,0x5b,0x48,
    0x32,0x39,0x21,0x32,0x36,0x22,0x1f,0x21,0x10,0x1b,0x1e,0x10,
    0x1a,0x1f,0x0f,0x1d,0x24,0x12,0x20,0x2a,0x15,0x25,0x33,0x1b,
    0x2f,0x3e,0x27,0x3d,0x49,0x2f,0x48,0x4e,0x34,0x58,0x5a,0x40,
    0x5b,0x59,0x3f,0x6a,0x66,0x4b,0x5a,0x52,0x39,0x42,0x3e,0x29,
    0x34,0x31,0x1d,0x26,0x22,0x12,0x20,0x1d,0x0d,0x1a,0x18,0x07,
    0x17,0x14,0x04,0x17,0x13,0x06,0x18,0x13,0x09,0x19,0x14,0x09,
    0x16,0x11,0x05,0x17,0x0f,0x04,0x16,0x0d,0x03,0x12,0x09,0x01,
    0x01,0x01,0x01,0x01,0x01,0x01,0x01,0x01,0x01,0x00,0x00,0x00,
    0x01,0x01,0x00,0x01,0x01,0x00,0x00,0x00,0x00,0x00,0x00,0x00,
    0x01,0x01,0x01,0x01,0x01,0x01,0x01,0x01,0x01,0x01,0x01,0x00,
    0x01,0x01,0x00,0x01,0x01,0x00,0x01,0x01,0x00,0x01,0x01,0x00,
    0x02,0x01,0x00,0x02,0x01,0x00,0x02,0x01,0x00,0x02,0x01,0x00,
    0x02,0x01,0x00,0x02,0x01,0x00,0x02,0x01,0x00,0x02,0x01,0x00,
    0x02,0x01,0x00,0x02,0x01,0x00,0x02,0x02,0x00,0x01,0x01,0x00,
    0x01,0x01,0x00,0x01,0x01,0x00,0x01,0x01,0x00,0x02,0x02,0x00,
    0x02,0x02,0x00,0x03,0x02,0x00,0x03,0x02,0x00,0x03,0x02,0x00,
    0x03,0x02,0x00,0x03,0x02,0x00,0x02,0x02,0x00,0x02,0x02,0x00,
    0x03,0x02,0x00,0x03,0x02,0x00,0x04,0x03,0x00,0x03,0x04,0x00,
    0x05,0x02,0x00,0x05,0x03,0x00,0x07,0x04,0x00,0x09,0x06,0x01,
    0x09,0x06,0x01,0x0a,0x07,0x01,0x10,0x0c,0x06,0x16,0x12,0x0a,
    0x0f,0x0a,0x03,0x0f,0x0c,0x04,0x1c,0x15,0x0b,0x4b,0x3b,0x28,
    0x59,0x46,0x2f,0xb1,0x99,0x7d,0xe2,0xce,0xb7,0x85,0x70,0x5b,
    0xd2,0xc6,0xb2,0xfe,0xf8,0xe9,0x9a,0x92,0x81,0x4b,0x40,0x2d,
    0x47,0x3a,0x26,0x3d,0x2f,0x1f,0x43,0x35,0x21,0x48,0x39,0x22,
    0x46,0x37,0x1e,0x3e,0x33,0x1b,0x40,0x35,0x1c,0x40,0x34,0x1b,
    0x42,0x35,0x1a,0x53,0x45,0x27,0x4b,0x3f,0x22,0x3f,0x33,0x16,
    0x40,0x33,0x15,0x5a,0x42,0x1e,0x8a,0x69,0x38,0x60,0x4c,0x22,
    0x81,0x6f,0x42,0x8e,0x72,0x3e,0x78,0x62,0x34,0x95,0x7f,0x4f,
    0xd7,0xc4,0x9a,0xea,0xd9,0xaf,0xff,0xf7,0xd3,0xd4,0xc6,0x9c,
    0xae,0xa4,0x7a,0xcc,0xc7,0xa8,0xc8,0xc8,0xa9,0xd1,0xcf,0xb5,
    0xd8,0xd6,0xbc,0xc6,0xc6,0xa6,0xc0,0xbe,0xa2,0x6a,0x67,0x42,
    0x40,0x3a,0x1b,0x4b,0x4e,0x2d,0x55,0x64,0x3e,0xa0,0xab,0x8b,
    0x4d,0x5b,0x39,0x58,0x62,0x4d,0x22,0x24,0x0f,0x22,0x27,0x13,
    0x21,0x28,0x14,0x25,0x36,0x1d,0x33,0x46,0x2c,0x37,0x51,0x35,
    0x3f,0x63,0x44,0x39,0x5e,0x3e,0x40,0x5c,0x3e,0x2c,0x40,0x25,
    0x26,0x30,0x1c,0x25,0x27,0x15,0x31,0x34,0x1e,0x44,0x44,0x2e,
    0x50,0x4c,0x36,0x56,0x52,0x3c,0x5c,0x57,0x41,0x5a,0x53,0x3c,
    0x4a,0x42,0x2a,0x3b,0x34,0x1d,0x2d,0x28,0x14,0x20,0x1a,0x09,
    0x17,0x10,0x02,0x13,0x0c,0x00,0x15,0x0d,0x01,0x17,0x0f,0x05,
    0x01,0x01,0x00,0x01,0x01,0x00,0x01,0x01,0x00,0x01,0x01,0x00,
    0x01,0x01,0x00,0x01,0x01,0x00,0x01,0x01,0x00,0x01,0x01,0x00,
    0x01,0x01,0x00,0x01,0x01,0x01,0x01,0x01,0x01,0x01,0x01,0x00,
    0x01,0x01,0x00,0x01,0x01,0x00,0x01,0x01,0x00,0x01,0x01,0x00,
    0x02,0x01,0x00,0x02,0x01,0x00,0x03,0x02,0x00,0x02,0x01,0x00,
    0x02,0x01,0x00,0x02,0x01,0x00,0x02,0x02,0x00,0x03,0x02,0x00,
    0x02,0x01,0x00,0x02,0x01,0x00,0x03,0x02,0x00,0x02,0x01,0x00,
    0x01,0x01,0x00,0x01,0x01,0x00,0x02,0x01,0x00,0x02,0x02,0x00,
    0x02,0x02,0x00,0x03,0x02,0x00,0x03,0x02,0x00,0x03,0x02,0x00,
    0x03,0x02,0x00,0x02,0x02,0x00,0x03,0x02,0x00,0x04,0x03,0x00,
    0x03,0x03,0x00,0x03,0x02,0x00,0x04,0x03,0x00,0x04,0x03,0x00,
    0x05,0x03,0x00,0x06,0x03,0x00,0x08,0x05,0x01,0x09,0x07,0x01,
    0x0a,0x07,0x02,0x0b,0x08,0x02,0x15,0x12,0x08,0x25,0x1f,0x11,
    0x33,0x2d,0x1b,0x15,0x11,0x09,0x1d,0x17,0x0c,0x2e,0x23,0x16,
    0x6c,0x56,0x3c,0xb4,0x9b,0x7c,0xde,0xca,0xb1,0xc8,0xb4,0x97,
    0xc4,0xb1,0x97,0xe8,0xdc,0xc9,0xad,0xa4,0x93,0x72,0x65,0x4e,
    0x53,0x46,0x32,0x1d,0x14,0x0a,0x19,0x12,0x0a,0x16,0x0e,0x07,
    0x16,0x11,0x06,0x1a,0x15,0x09,0x20,0x1a,0x0d,0x25,0x1e,0x10,
    0x28,0x20,0x0f,0x2e,0x24,0x10,0x39,0x2f,0x18,0x42,0x37,0x1c,
    0x4f,0x40,0x1f,0x4d,0x3c,0x1d,0x43,0x35,0x19,0x42,0x34,0x17,
    0x37,0x2c,0x17,0x39,0x2f,0x19,0x34,0x2d,0x13,0x3c,0x32,0x16,
    0x4b,0x3a,0x1e,0x51,0x3e,0x21,0x8d,0x7b,0x55,0x82,0x6c,0x3c,
    0x6f,0x59,0x23,0x98,0x82,0x49,0xae,0x9b,0x6b,0xc6,0xbc,0x97,
    0xff,0xff,0xe2,0xff,0xff,0xea,0xee,0xe9,0xc9,0x58,0x4d,0x22,
    0x32,0x29,0x0c,0x60,0x5e,0x43,0x7e,0x85,0x67,0x3d,0x46,0x20,
    0x4c,0x4f,0x2f,0x61,0x60,0x42,0x8f,0x8c,0x6f,0x62,0x62,0x45,
    0x28,0x36,0x1d,0x29,0x44,0x24,0x47,0x70,0x4e,0x99,0xba,0xa2,
    0xac,0xce,0xb4,0xb2,0xd2,0xbe,0xf1,0xf8,0xf2,0x7e,0x9d,0x79,
    0x21,0x3c,0x18,0x39,0x42,0x2e,0x34,0x36,0x23,0x15,0x17,0x06,
    0x17,0x17,0x08,0x1c,0x1f,0x0c,0x2a,0x2a,0x17,0x34,0x34,0x20,
    0x47,0x47,0x30,0x56,0x53,0x3a,0x5a,0x54,0x38,0x57,0x50,0x37,
    0x4d,0x46,0x31,0x44,0x3b,0x27,0x32,0x28,0x18,0x1c,0x11,0x05,
    0x01,0x01,0x01,0x01,0x01,0x01,0x01,0x01,0x01,0x01,0x01,0x00,
    0x01,0x01,0x00,0x01,0x01,0x00,0x01,0x01,0x00,0x02,0x01,0x00,
    0x02,0x01,0x00,0x03,0x02,0x00,0x02,0x01,0x00,0x02,0x01,0x00,
    0x01,0x01,0x00,0x01,0x01,0x00,0x01,0x01,0x00,0x02,0x02,0x00,
    0x01,0x01,0x00,0x02,0x02,0x00,0x03,0x02,0x00,0x02,0x01,0x00,
    0x03,0x02,0x00,0x02,0x01,0x00,0x02,0x01,0x00,0x03,0x01,0x00,
    0x02,0x02,0x00,0x02,0x02,0x00,0x03,0x02,0x00,0x03,0x02,0x00,
    0x02,0x02,0x00,0x02,0x02,0x00,0x03,0x02,0x00,0x03,0x02,0x00,
    0x03,0x02,0x00,0x03,0x02,0x00,0x03,0x02,0x00,0x03,0x02,0x00,
    0x03,0x02,0x00,0x04,0x02,0x00,0x04,0x03,0x01,0x04,0x03,0x00,
    0x04,0x03,0x00,0x04,0x03,0x00,0x04,0x03,0x00,0x04,0x03,0x00,
    0x05,0x04,0x00,0x06,0x04,0x00,0x08,0x06,0x01,0x0b,0x09,0x02,
    0x17,0x13,0x09,0x12,0x0e,0x06,0x13,0x10,0x03,0x39,0x33,0x24,
    0xa2,0x9a,0x83,0x36,0x2f,0x22,0x11,0x0b,0x04,0x30,0x24,0x15,
    0x95,0x7b,0x59,0xb3,0x97,0x75,0xc4,0xab,0x8d,0xbf,0xa8,0x89,
    0xb5,0x9d,0x7d,0xe5,0xd7,0xc4,0xf4,0xf1,0xea,0xc0,0xb9,0xa6,
    0x5a,0x52,0x3a,0x28,0x1f,0x12,0x24,0x1c,0x11,0x1d,0x13,0x0b,
    0x14,0x10,0x06,0x12,0x0d,0x05,0x0e,0x0a,0x03,0x0c,0x08,0x01,
    0x0c,0x09,0x01,0x0c,0x09,0x03,0x0d,0x09,0x02,0x0e,0x0b,0x02,
    0x13,0x0e,0x05,0x1b,0x14,0x09,0x23,0x1b,0x0c,0x2c,0x24,0x12,
    0x35,0x2c,0x18,0x3a,0x32,0x1b,0x3a,0x33,0x1a,0x39,0x32,0x19,
    0x3f,0x37,0x1d,0x42,0x3a,0x1e,0x37,0x2d,0x12,0x3c,0x32,0x16,
    0x49,0x3c,0x1f,0x49,0x3c,0x1d,0x33,0x26,0x0a,0x33,0x27,0x08,
    0x83,0x79,0x5d,0x60,0x56,0x3e,0x96,0x8b,0x6a,0xaf,0x9f,0x71,
    0x5b,0x52,0x35,0x7c,0x7c,0x5c,0xdf,0xe3,0xc9,0x75,0x7a,0x57,
    0xa2,0xa2,0x80,0x62,0x61,0x3d,0x46,0x46,0x2f,0x3e,0x40,0x26,
    0x40,0x4c,0x32,0x61,0x77,0x61,0xab,0xc2,0xb2,0xf3,0xf9,0xf6,
    0xfc,0xff,0xfc,0xe6,0xf5,0xeb,0xff,0xff,0xff,0xaf,0xc2,0xa8,
    0x1b,0x36,0x10,0x3f,0x45,0x31,0x3d,0x41,0x29,0x25,0x29,0x14,
    0x3e,0x43,0x2f,0x38,0x3c,0x29,0x25,0x2f,0x14,0x30,0x35,0x21,
    0x22,0x26,0x10,0x1d,0x20,0x08,0x26,0x23,0x11,0x26,0x24,0x16,
    0x2f,0x2c,0x1d,0x3c,0x38,0x28,0x59,0x55,0x3e,0x5d,0x54,0x40,
    0x01,0x01,0x01,0x02,0x01,0x00,0x02,0x01,0x00,0x02,0x01,0x00,
    0x03,0x02,0x00,0x02,0x01,0x00,0x01,0x01,0x00,0x02,0x01,0x00,
    0x03,0x02,0x00,0x03,0x02,0x00,0x03,0x02,0x00,0x02,0x02,0x00,
    0x02,0x02,0x00,0x01,0x01,0x00,0x01,0x01,0x00,0x01,0x01,0x00,
    0x01,0x01,0x00,0x02,0x01,0x00,0x02,0x01,0x00,0x03,0x01,0x00,
    0x03,0x02,0x00,0x03,0x02,0x00,0x03,0x02,0x00,0x03,0x02,0x00,
    0x03,0x02,0x00,0x02,0x02,0x01,0x03,0x02,0x01,0x03,0x02,0x00,
    0x02,0x02,0x00,0x01,0x01,0x00,0x03,0x02,0x00,0x03,0x03,0x00,
    0x03,0x03,0x00,0x03,0x03,0x00,0x03,0x03,0x00,0x03,0x02,0x00,
    0x03,0x02,0x00,0x04,0x03,0x00,0x04,0x04,0x00,0x04,0x03,0x00,
    0x04,0x03,0x00,0x04,0x03,0x00,0x04,0x03,0x00,0x05,0x04,0x00,
    0x07,0x05,0x00,0x07,0x05,0x01,0x09,0x07,0x02,0x0c,0x09,0x01,
    0x1d,0x18,0x0c,0x16,0x13,0x08,0x32,0x29,0x18,0xc5,0xbe,0xa8,
    0xcd,0xc5,0xae,0x33,0x2a,0x1c,0x11,0x0c,0x05,0x26,0x1e,0x11,
    0x3d,0x30,0x20,0x5f,0x4d,0x38,0xa1,0x8a,0x68,0x96,0x81,0x61,
    0x62,0x4f,0x35,0xc2,0xb3,0x9f,0xff,0xff,0xff,0xf1,0xee,0xe6,
    0x62,0x56,0x40,0x32,0x29,0x1a,0x29,0x22,0x16,0x20,0x18,0x0e,
    0x18,0x13,0x09,0x14,0x10,0x06,0x12,0x0e,0x04,0x10,0x0b,0x03,
    0x0f,0x0a,0x03,0x0f,0x0b,0x03,0x0f,0x0b,0x03,0x0f,0x0b,0x03,
    0x0d,0x09,0x02,0x0d,0x09,0x01,0x0d,0x0a,0x01,0x0c,0x09,0x00,
    0x0c,0x08,0x00,0x0e,0x0a,0x02,0x11,0x0d,0x04,0x16,0x12,0x05,
    0x1e,0x19,0x09,0x26,0x21,0x0f,0x2c,0x25,0x12,0x2f,0x27,0x13,
    0x2f,0x27,0x12,0x32,0x2a,0x13,0x30,0x2b,0x15,0x2c,0x27,0x13,
    0x22,0x1b,0x08,0x25,0x1f,0x08,0x1f,0x19,0x05,0x36,0x2f,0x1e,
    0x45,0x3f,0x27,0x49,0x47,0x2b,0x64,0x64,0x45,0x50,0x4b,0x2a,
    0x63,0x60,0x3e,0x37,0x34,0x1e,0x34,0x35,0x1f,0x54,0x58,0x3b,
    0x80,0x88,0x66,0xde,0xe6,0xcd,0xff,0xff,0xff,0xff,0xff,0xff,
    0xff,0xff,0xff,0xff,0xfe,0xff,0xe2,0xeb,0xd7,0x9c,0xb3,0x8b,
    0x81,0x8d,0x70,0x2c,0x37,0x1a,0x46,0x50,0x3a,0x3c,0x41,0x24,
    0x37,0x41,0x27,0x7d,0x89,0x77,0xbd,0xcb,0xbf,0xde,0xe5,0xe0,
    0xd1,0xd7,0xd0,0x6d,0x77,0x5e,0x23,0x27,0x0d,0x1f,0x21,0x0a,
    0x1a,0x19,0x09,0x1b,0x18,0x0b,0x17,0x13,0x08,0x21,0x1e,0x0f,
    0x03,0x02,0x00,0x02,0x01,0x00,0x02,0x01,0x00,0x02,0x02,0x00,
    0x02,0x01,0x00,0x02,0x01,0x00,0x02,0x01,0x00,0x02,0x02,0x00,
    0x03,0x02,0x00,0x03,0x02,0x00,0x03,0x02,0x00,0x02,0x02,0x00,
    0x02,0x02,0x00,0x02,0x01,0x00,0x02,0x02,0x00,0x01,0x01,0x00,
    0x02,0x02,0x00,0x03,0x02,0x00,0x03,0x02,0x00,0x03,0x02,0x00,
    0x03,0x02,0x00,0x03,0x02,0x00,0x02,0x02,0x00,0x03,0x02,0x00,
    0x03,0x02,0x00,0x04,0x02,0x00,0x04,0x02,0x00,0x04,0x02,0x00,
    0x04,0x02,0x00,0x03,0x02,0x00,0x03,0x03,0x00,0x04,0x02,0x00,
    0x05,0x02,0x00,0x05,0x02,0x00,0x04,0x03,0x00,0x05,0x03,0x00,
    0x04,0x03,0x00,0x05,0x03,0x00,0x04,0x03,0x00,0x04,0x04,0x00,
    0x05,0x04,0x00,0x05,0x04,0x00,0x06,0x04,0x00,0x07,0x05,0x01,
    0x08,0x05,0x01,0x07,0x06,0x01,0x09,0x08,0x01,0x0e,0x0a,0x03,
    0x17,0x14,0x08,0x1a,0x15,0x0b,0x5e,0x54,0x41,0xa9,0x9d,0x83,
    0x89,0x7d,0x62,0x45,0x3a,0x2c,0x12,0x0c,0x07,0x27,0x1e,0x14,
    0x45,0x3a,0x2a,0x40,0x36,0x25,0x6d,0x5b,0x41,0x57,0x4b,0x35,
    0x28,0x1c,0x0d,0x77,0x66,0x50,0xfd,0xfb,0xf6,0xfc,0xfc,0xfc,
    0xa0,0x97,0x84,0x4d,0x41,0x30,0x2f,0x27,0x1b,0x27,0x1f,0x14,
    0x1c,0x17,0x0c,0x17,0x13,0x08,0x13,0x0f,0x05,0x11,0x0c,0x03,
    0x11,0x0b,0x02,0x10,0x0b,0x02,0x0e,0x0a,0x03,0x0c,0x08,0x03,
    0x0b,0x09,0x02,0x0c,0x09,0x02,0x0d,0x0a,0x02,0x10,0x0b,0x03,
    0x11,0x0c,0x03,0x11,0x0c,0x03,0x10,0x0c,0x02,0x10,0x0c,0x02,
    0x0f,0x0b,0x02,0x0e,0x0b,0x02,0x0e,0x0a,0x01,0x0e,0x0b,0x01,
    0x0f,0x0d,0x02,0x12,0x0e,0x03,0x17,0x13,0x06,0x1b,0x16,0x09,
    0x21,0x1d,0x0d,0x23,0x1f,0x0f,0x27,0x22,0x12,0x24,0x1f,0x0d,
    0x25,0x1f,0x0d,0x25,0x20,0x0e,0x20,0x1d,0x0a,0x2c,0x28,0x15,
    0x24,0x20,0x11,0x18,0x17,0x0a,0x1a,0x1b,0x0b,0x25,0x26,0x13,
    0x29,0x2f,0x15,0x4c,0x55,0x2f,0x97,0x9f,0x7f,0xda,0xe0,0xc5,
    0xef,0xf2,0xde,0xfd,0xff,0xec,0xb1,0xbe,0x8a,0x98,0xa3,0x82,
    0xc6,0xc0,0x9f,0xa1,0xa1,0x7f,0x6d,0x6e,0x56,0x4c,0x4a,0x2f,
    0x1b,0x1d,0x09,0x1c,0x25,0x07,0x82,0x98,0x87,0xff,0xff,0xff,
    0xfe,0xff,0xff,0xfa,0xfd,0xf9,0x73,0x7e,0x5f,0x60,0x66,0x49,
    0x55,0x59,0x3b,0x24,0x27,0x12,0x26,0x26,0x14,0x2c,0x2b,0x17,
    0x02,0x01,0x00,0x03,0x02,0x00,0x03,0x02,0x00,0x03,0x02,0x00,
    0x03,0x02,0x00,0x03,0x02,0x00,0x03,0x02,0x00,0x02,0x02,0x00,
    0x02,0x02,0x00,0x03,0x02,0x00,0x03,0x02,0x00,0x02,0x02,0x00,
    0x02,0x02,0x00,0x03,0x02,0x00,0x03,0x02,0x00,0x02,0x02,0x00,
    0x03,0x02,0x00,0x03,0x02,0x00,0x03,0x02,0x00,0x04,0x03,0x00,
    0x03,0x02,0x00,0x03,0x02,0x01,0x03,0x02,0x01,0x03,0x02,0x00,
    0x05,0x02,0x00,0x06,0x02,0x00,0x05,0x02,0x00,0x05,0x02,0x00,
    0x04,0x02,0x00,0x05,0x03,0x00,0x06,0x02,0x00,0x06,0x02,0x00,
    0x05,0x02,0x00,0x05,0x02,0x00,0x05,0x03,0x00,0x06,0x02,0x00,
    0x06,0x03,0x00,0x07,0x03,0x00,0x06,0x04,0x00,0x06,0x04,0x00,
    0x07,0x05,0x01,0x07,0x05,0x00,0x07,0x05,0x01,0x08,0x06,0x01,
    0x09,0x06,0x02,0x09,0x07,0x01,0x0c,0x08,0x01,0x0f,0x0a,0x04,
    0x1f,0x17,0x0d,0x20,0x19,0x0f,0x70,0x64,0x51,0xd5,0xc7,0xaa,
    0x80,0x73,0x5c,0x3b,0x31,0x22,0x2b,0x25,0x1a,0x26,0x1e,0x13,
    0x57,0x4b,0x39,0x65,0x59,0x44,0x5d,0x51,0x3c,0x3c,0x32,0x23,
    0x2d,0x24,0x16,0x68,0x55,0x3d,0xf9,0xf2,0xe6,0xff,0xff,0xff,
    0xdb,0xd7,0xcf,0x64,0x57,0x44,0x3b,0x31,0x23,0x2d,0x25,0x19,
    0x21,0x1c,0x11,0x19,0x16,0x0b,0x15,0x11,0x08,0x13,0x0e,0x05,
    0x0f,0x0c,0x03,0x0e,0x0a,0x02,0x0e,0x09,0x02,0x0d,0x09,0x02,
    0x0c,0x09,0x01,0x0c,0x09,0x02,0x0c,0x09,0x02,0x0d,0x09,0x03,
    0x0d,0x09,0x03,0x0d,0x09,0x03,0x0e,0x0a,0x02,0x0e,0x0a,0x02,
    0x0e,0x0a,0x01,0x0e,0x0b,0x01,0x0f,0x0b,0x02,0x10,0x0c,0x02,
    0x10,0x0c,0x02,0x0f,0x0c,0x02,0x0e,0x0b,0x01,0x0e,0x0a,0x00,
    0x0f,0x0c,0x00,0x0f,0x0d,0x01,0x0f,0x0c,0x02,0x11,0x0f,0x03,
    0x14,0x12,0x04,0x18,0x15,0x07,0x1c,0x1a,0x0a,0x1b,0x19,0x0a,
    0x1c,0x1c,0x0c,0x1d,0x1e,0x0c,0x1c,0x1e,0x0e,0x20,0x23,0x12,
    0x25,0x2b,0x1b,0x26,0x2d,0x1b,0x25,0x2e,0x15,0x38,0x42,0x27,
    0x4c,0x54,0x34,0x5f,0x65,0x44,0x6c,0x6e,0x52,0x34,0x33,0x15,
    0x74,0x6f,0x50,0x76,0x70,0x58,0x73,0x6b,0x4d,0x75,0x70,0x4e,
    0x6d,0x69,0x4a,0x46,0x49,0x2b,0x9a,0xa8,0x8c,0xf4,0xfd,0xee,
    0xe6,0xf1,0xdc,0xfa,0xfd,0xf0,0x93,0x9b,0x78,0x35,0x38,0x20,
    0x31,0x33,0x1b,0x1f,0x22,0x0e,0x97,0xa2,0x8d,0x61,0x6e,0x4c,
    0x03,0x02,0x00,0x03,0x02,0x00,0x03,0x02,0x00,0x03,0x02,0x00,
    0x03,0x02,0x00,0x03,0x02,0x00,0x03,0x02,0x00,0x02,0x02,0x00,
    0x02,0x02,0x00,0x04,0x03,0x01,0x03,0x02,0x00,0x03,0x02,0x00,
    0x03,0x03,0x00,0x03,0x02,0x01,0x03,0x02,0x00,0x04,0x02,0x00,
    0x04,0x02,0x00,0x04,0x03,0x00,0x04,0x03,0x00,0x04,0x03,0x00,
    0x04,0x03,0x00,0x04,0x03,0x00,0x04,0x03,0x00,0x05,0x03,0x00,
    0x06,0x02,0x00,0x06,0x02,0x00,0x07,0x03,0x00,0x07,0x03,0x00,
    0x06,0x03,0x00,0x06,0x03,0x00,0x07,0x02,0x00,0x07,0x03,0x01,
    0x06,0x02,0x00,0x05,0x03,0x00,0x05,0x04,0x00,0x07,0x03,0x01,
    0x07,0x03,0x01,0x08,0x04,0x01,0x08,0x05,0x01,0x08,0x05,0x00,
    0x08,0x05,0x01,0x08,0x05,0x01,0x08,0x06,0x01,0x08,0x06,0x01,
    0x0a,0x06,0x01,0x0b,0x08,0x01,0x0f,0x0b,0x03,0x17,0x11,0x08,
    0x15,0x0d,0x02,0x6d,0x66,0x56,0xe2,0xda,0xc0,0xaa,0x9c,0x81,
    0x5b,0x4d,0x39,0x3d,0x33,0x25,0x2c,0x26,0x1b,0x15,0x0f,0x09,
    0x53,0x44,0x34,0x99,0x8b,0x70,0x46,0x41,0x30,0x28,0x23,0x15,
    0x2b,0x23,0x17,0x6c,0x56,0x3e,0xec,0xde,0xca,0xff,0xff,0xfe,
    0xff,0xff,0xff,0x9e,0x96,0x89,0x5e,0x52,0x3e,0x39,0x30,0x23,
    0x29,0x22,0x16,0x1e,0x19,0x0d,0x17,0x13,0x08,0x13,0x0f,0x06,
    0x11,0x0d,0x04,0x0e,0x0b,0x02,0x0e,0x0a,0x01,0x0e,0x0a,0x01,
    0x0d,0x08,0x01,0x0c,0x08,0x02,0x0b,0x08,0x02,0x0b,0x08,0x02,
    0x0b,0x08,0x01,0x0b,0x08,0x01,0x0d,0x09,0x02,0x0e,0x0a,0x01,
    0x0d,0x09,0x01,0x0c,0x08,0x01,0x0d,0x09,0x03,0x0c,0x09,0x02,
    0x0d,0x09,0x01,0x0f,0x0b,0x02,0x0f,0x0b,0x02,0x0f,0x0b,0x02,
    0x0e,0x0b,0x02,0x0f,0x0c,0x02,0x0e,0x0c,0x03,0x0f,0x0d,0x03,
    0x0e,0x0c,0x03,0x0f,0x0d,0x02,0x0c,0x0d,0x02,0x0d,0x0e,0x02,
    0x0d,0x0f,0x02,0x0f,0x11,0x05,0x12,0x14,0x07,0x15,0x18,0x09,
    0x19,0x1c,0x0d,0x1f,0x23,0x13,0x24,0x2a,0x1a,0x27,0x2c,0x1b,
    0x28,0x2e,0x1c,0x24,0x29,0x16,0x27,0x2a,0x16,0x2f,0x32,0x1e,
    0x21,0x23,0x11,0x1e,0x1d,0x0b,0x1c,0x18,0x08,0x29,0x24,0x12,
    0x50,0x49,0x33,0x61,0x5e,0x40,0x96,0x99,0x79,0x59,0x5d,0x40,
    0x6b,0x70,0x4e,0xd3,0xd5,0xb4,0x78,0x76,0x59,0x26,0x24,0x16,
    0x33,0x32,0x1c,0x3a,0x3d,0x28,0x77,0x81,0x63,0x4e,0x54,0x2f,
    0x03,0x02,0x01,0x03,0x02,0x00,0x03,0x02,0x00,0x03,0x02,0x00,
    0x03,0x02,0x00,0x03,0x02,0x00,0x04,0x03,0x00,0x04,0x03,0x00,
    0x03,0x03,0x00,0x04,0x03,0x01,0x03,0x02,0x00,0x04,0x03,0x00,
    0x04,0x03,0x00,0x04,0x03,0x01,0x04,0x03,0x00,0x04,0x03,0x01,
    0x04,0x03,0x00,0x04,0x03,0x00,0x04,0x03,0x00,0x04,0x03,0x00,
    0x05,0x04,0x00,0x05,0x04,0x00,0x06,0x03,0x00,0x07,0x04,0x00,
    0x07,0x04,0x00,0x07,0x03,0x00,0x07,0x04,0x00,0x08,0x04,0x01,
    0x07,0x04,0x00,0x08,0x05,0x01,0x08,0x04,0x00,0x08,0x04,0x01,
    0x08,0x04,0x01,0x08,0x04,0x00,0x07,0x05,0x01,0x07,0x04,0x01,
    0x08,0x04,0x01,0x08,0x04,0x00,0x09,0x05,0x01,0x09,0x05,0x01,
    0x09,0x06,0x01,0x09,0x06,0x01,0x09,0x06,0x01,0x0b,0x07,0x01,
    0x0c,0x07,0x02,0x0d,0x09,0x02,0x11,0x0d,0x04,0x16,0x10,0x06,
    0x33,0x2d,0x1e,0xd5,0xcd,0xb5,0x8f,0x7f,0x62,0x52,0x43,0x2d,
    0x4e,0x43,0x30,0x3c,0x32,0x24,0x29,0x23,0x18,0x13,0x0e,0x07,
    0x62,0x52,0x3e,0x7a,0x6d,0x53,0x2d,0x28,0x19,0x2b,0x25,0x1a,
    0x34,0x2b,0x1d,0x52,0x41,0x2e,0xe6,0xdb,0xca,0xff,0xff,0xff,
    0xfe,0xfd,0xfd,0xed,0xec,0xe9,0x84,0x7a,0x67,0x43,0x3a,0x29,
    0x2f,0x27,0x19,0x22,0x1c,0x10,0x19,0x15,0x09,0x14,0x10,0x06,
    0x12,0x0d,0x05,0x10,0x0c,0x03,0x0f,0x0a,0x02,0x0d,0x09,0x02,
    0x0d,0x09,0x02,0x0d,0x09,0x02,0x0c,0x08,0x02,0x0c,0x08,0x01,
    0x0c,0x08,0x01,0x0a,0x07,0x01,0x0b,0x08,0x01,0x0c,0x08,0x01,
    0x0d,0x09,0x01,0x0c,0x08,0x02,0x0c,0x08,0x02,0x0c,0x09,0x01,
    0x0d,0x09,0x01,0x0c,0x09,0x02,0x0c,0x09,0x02,0x0d,0x09,0x03,
    0x0d,0x09,0x02,0x0e,0x09,0x03,0x0f,0x0a,0x03,0x0f,0x0a,0x02,
    0x0d,0x0b,0x02,0x0d,0x0b,0x03,0x0d,0x0c,0x03,0x0d,0x0d,0x03,
    0x0f,0x0f,0x04,0x0f,0x10,0x06,0x10,0x11,0x06,0x11,0x13,0x06,
    0x12,0x14,0x07,0x13,0x16,0x09,0x14,0x15,0x0b,0x16,0x19,0x0d,
    0x19,0x1c,0x0f,0x1a,0x1d,0x0f,0x1a,0x1c,0x0d,0x17,0x1a,0x0b,
    0x1b,0x1c,0x0f,0x1c,0x1d,0x0e,0x1f,0x1e,0x11,0x1f,0x1c,0x0f,
    0x19,0x17,0x08,0x1a,0x18,0x07,0x19,0x17,0x04,0x22,0x1f,0x0b,
    0x2d,0x2a,0x12,0x45,0x42,0x29,0x24,0x20,0x0d,0x1c,0x1a,0x0a,
    0x1e,0x1c,0x0c,0x1f,0x1d,0x0d,0x22,0x20,0x0c,0x3a,0x37,0x22,
    0x04,0x03,0x01,0x04,0x03,0x00,0x05,0x03,0x00,0x04,0x04,0x00,
    0x05,0x03,0x00,0x05,0x03,0x00,0x05,0x03,0x00,0x05,0x04,0x00,
    0x04,0x03,0x00,0x04,0x03,0x00,0x04,0x03,0x00,0x05,0x04,0x00,
    0x05,0x04,0x00,0x05,0x04,0x00,0x04,0x03,0x00,0x04,0x03,0x00,
    0x05,0x03,0x00,0x05,0x04,0x00,0x04,0x04,0x00,0x05,0x04,0x00,
    0x05,0x04,0x01,0x05,0x04,0x00,0x07,0x04,0x01,0x06,0x04,0x00,
    0x07,0x05,0x00,0x08,0x05,0x00,0x08,0x05,0x00,0x08,0x05,0x01,
    0x08,0x05,0x00,0x08,0x05,0x00,0x08,0x05,0x01,0x08,0x05,0x01,
    0x09,0x05,0x01,0x09,0x05,0x01,0x0a,0x07,0x02,0x09,0x06,0x01,
    0x08,0x06,0x00,0x08,0x05,0x01,0x09,0x05,0x01,0x09,0x06,0x01,
    0x09,0x06,0x02,0x0a,0x07,0x01,0x0a,0x07,0x00,0x0b,0x08,0x01,
    0x0e,0x0a,0x02,0x0f,0x0b,0x02,0x13,0x0f,0x05,0x09,0x07,0x00,
    0x7c,0x74,0x5a,0xb5,0xa5,0x83,0x4a,0x3d,0x26,0x55,0x4a,0x37,
    0x3f,0x36,0x24,0x27,0x20,0x15,0x17,0x12,0x0a,0x40,0x34,0x23,
    0x97,0x85,0x69,0x90,0x81,0x67,0x38,0x2f,0x22,0x31,0x2b,0x1f,
    0x32,0x28,0x1c,0x53,0x44,0x35,0xf2,0xeb,0xda,0xff,0xff,0xfd,
    0xfd,0xfd,0xfd,0xff,0xff,0xff,0xd0,0xcc,0xc3,0x54,0x49,0x39,
    0x34,0x2a,0x1c,0x28,0x21,0x13,0x1d,0x18,0x0d,0x16,0x12,0x08,
    0x12,0x0f,0x06,0x10,0x0d,0x04,0x0f,0x0a,0x03,0x0e,0x0a,0x03,
    0x0c,0x0a,0x02,0x0c,0x08,0x02,0x0b,0x08,0x01,0x0d,0x09,0x01,
    0x0d,0x07,0x02,0x0b,0x07,0x01,0x0b,0x08,0x01,0x0b,0x08,0x02,
    0x0b,0x08,0x02,0x0c,0x07,0x01,0x0c,0x08,0x01,0x0d,0x08,0x02,
    0x0d,0x09,0x02,0x0b,0x09,0x02,0x0c,0x09,0x02,0x0c,0x09,0x02,
    0x0d,0x09,0x03,0x0d,0x07,0x02,0x0d,0x09,0x02,0x0d,0x09,0x02,
    0x0c,0x0b,0x02,0x0c,0x0b,0x03,0x0b,0x0b,0x03,0x0d,0x0d,0x03,
    0x0c,0x0d,0x03,0x0e,0x0d,0x04,0x0d,0x0d,0x04,0x0d,0x0f,0x04,
    0x0d,0x0f,0x05,0x0f,0x11,0x06,0x0f,0x12,0x07,0x11,0x13,0x08,
    0x12,0x14,0x0b,0x12,0x14,0x0a,0x12,0x13,0x08,0x11,0x13,0x08,
    0x11,0x13,0x08,0x11,0x12,0x05,0x11,0x12,0x05,0x11,0x13,0x06,
    0x15,0x14,0x08,0x16,0x15,0x0a,0x1b,0x19,0x0b,0x1b,0x1b,0x0d,
    0x1b,0x18,0x0b,0x16,0x14,0x08,0x1e,0x1a,0x0c,0x1e,0x1a,0x0a,
    0x1a,0x18,0x09,0x22,0x1f,0x0f,0x2b,0x23,0x12,0x18,0x0f,0x02,
    0x07,0x03,0x00,0x07,0x04,0x00,0x07,0x04,0x01,0x06,0x04,0x01,
    0x07,0x04,0x01,0x08,0x05,0x01,0x06,0x04,0x00,0x06,0x05,0x01,
    0x06,0x05,0x01,0x05,0x05,0x01,0x05,0x05,0x00,0x05,0x04,0x01,
    0x06,0x05,0x01,0x07,0x06,0x01,0x05,0x04,0x00,0x06,0x05,0x01,
    0x08,0x05,0x01,0x07,0x05,0x01,0x06,0x05,0x01,0x06,0x05,0x01,
    0x08,0x06,0x01,0x09,0x05,0x01,0x09,0x06,0x01,0x09,0x05,0x01,
    0x09,0x05,0x01,0x09,0x06,0x01,0x09,0x06,0x01,0x09,0x06,0x02,
    0x09,0x06,0x01,0x09,0x06,0x02,0x09,0x06,0x02,0x0a,0x07,0x02,
    0x09,0x06,0x01,0x09,0x07,0x01,0x0a,0x07,0x02,0x0a,0x07,0x01,
    0x0a,0x07,0x01,0x09,0x06,0x01,0x09,0x06,0x01,0x0a,0x06,0x00,
    0x0b,0x07,0x01,0x0b,0x06,0x01,0x0c,0x09,0x01,0x0d,0x09,0x02,
    0x12,0x0e,0x04,0x22,0x1c,0x0d,0x2a,0x23,0x13,0x25,0x20,0x0d,
    0xb4,0xa9,0x86,0x75,0x66,0x4a,0x37,0x2c,0x1a,0x2a,0x22,0x15,
    0x1c,0x15,0x0b,0x11,0x0c,0x05,0x14,0x0f,0x06,0x2e,0x25,0x15,
    0x5d,0x51,0x3d,0x5a,0x4e,0x3c,0x3e,0x35,0x27,0x5a,0x4e,0x3f,
    0x36,0x2c,0x20,0x5b,0x4c,0x3a,0xfb,0xf3,0xe1,0xff,0xfd,0xf5,
    0xff,0xff,0xff,0xf8,0xf7,0xf4,0xf3,0xee,0xe2,0x9e,0x99,0x8d,
    0x30,0x26,0x17,0x2e,0x26,0x1a,0x20,0x1a,0x0f,0x18,0x14,0x0a,
    0x13,0x10,0x07,0x12,0x0e,0x05,0x10,0x0c,0x03,0x0e,0x0a,0x02,
    0x0d,0x09,0x02,0x0c,0x09,0x02,0x0b,0x08,0x01,0x0c,0x08,0x01,
    0x0b,0x07,0x01,0x0c,0x08,0x01,0x0a,0x08,0x01,0x0b,0x09,0x01,
    0x0b,0x08,0x02,0x0c,0x08,0x01,0x0b,0x07,0x01,0x0c,0x08,0x02,
    0x0c,0x08,0x02,0x0c,0x09,0x02,0x0b,0x08,0x02,0x0b,0x08,0x01,
    0x0c,0x09,0x02,0x0c,0x08,0x02,0x0c,0x09,0x02,0x0b,0x09,0x02,
    0x0d,0x08,0x02,0x0e,0x0a,0x03,0x0c,0x0a,0x02,0x0d,0x0b,0x03,
    0x0d,0x0c,0x03,0x0c,0x0d,0x04,0x0c,0x0d,0x03,0x0d,0x0d,0x03,
    0x0d,0x0e,0x03,0x0d,0x0e,0x04,0x0e,0x0f,0x05,0x0f,0x10,0x06,
    0x0f,0x10,0x06,0x0f,0x10,0x07,0x0e,0x0f,0x05,0x0e,0x0f,0x05,
    0x0f,0x0f,0x05,0x0f,0x0f,0x05,0x0f,0x10,0x05,0x10,0x0f,0x05,
    0x11,0x0f,0x04,0x10,0x0e,0x04,0x12,0x10,0x05,0x14,0x12,0x06,
    0x18,0x15,0x07,0x14,0x11,0x06,0x10,0x0e,0x04,0x12,0x0e,0x04,
    0x11,0x0d,0x02,0x16,0x12,0x05,0x1e,0x17,0x0a,0x12,0x09,0x01,
    0x09,0x06,0x01,0x0a,0x06,0x02,0x0a,0x06,0x02,0x0a,0x06,0x02,
    0x09,0x07,0x02,0x09,0x07,0x01,0x0a,0x07,0x02,0x0a,0x07,0x02,
    0x09,0x07,0x02,0x0a,0x07,0x02,0x09,0x07,0x02,0x09,0x07,0x02,
    0x08,0x06,0x02,0x09,0x07,0x02,0x09,0x07,0x02,0x0a,0x07,0x02,
    0x0a,0x07,0x02,0x09,0x06,0x02,0x0a,0x07,0x02,0x0a,0x07,0x02,
    0x0b,0x08,0x02,0x0a,0x07,0x01,0x0a,0x07,0x02,0x0a,0x06,0x02,
    0x09,0x06,0x01,0x0b,0x07,0x01,0x0b,0x07,0x02,0x0b,0x08,0x03,
    0x0a,0x07,0x01,0x0b,0x06,0x02,0x0c,0x08,0x02,0x0b,0x07,0x02,
    0x0b,0x06,0x01,0x0b,0x07,0x01,0x0b,0x07,0x01,0x0b,0x08,0x01,
    0x0b,0x08,0x01,0x0a,0x07,0x01,0x0b,0x08,0x01,0x0b,0x07,0x01,
    0x0d,0x07,0x01,0x0d,0x08,0x02,0x0e,0x09,0x02,0x0f,0x0a,0x02,
    0x14,0x0e,0x05,0x2a,0x21,0x11,0x38,0x2e,0x1c,0x5b,0x53,0x3b,
    0x66,0x5e,0x46,0x22,0x1b,0x0b,0x1d,0x16,0x0a,0x13,0x0c,0x05,
    0x1d,0x14,0x09,0x2f,0x26,0x14,0x1a,0x15,0x0c,0x14,0x10,0x08,
    0x1a,0x14,0x0b,0x32,0x29,0x1a,0x72,0x61,0x48,0xaa,0x98,0x80,
    0x72,0x67,0x57,0x48,0x39,0x25,0xdd,0xcc,0xb5,0xfe,0xf9,0xed,
    0xfd,0xfd,0xfb,0xff,0xff,0xff,0xdf,0xd5,0xc5,0xd2,0xcd,0xc3,
    0x46,0x3d,0x2e,0x30,0x27,0x19,0x24,0x1e,0x12,0x19,0x15,0x0b,
    0x14,0x11,0x08,0x12,0x0f,0x05,0x11,0x0d,0x04,0x0f,0x0b,0x02,
    0x0e,0x0a,0x02,0x0d,0x09,0x03,0x0d,0x09,0x03,0x0c,0x09,0x02,
    0x0c,0x09,0x02,0x0c,0x08,0x01,0x0c,0x08,0x02,0x0a,0x07,0x01,
    0x0c,0x08,0x01,0x0d,0x08,0x02,0x0c,0x08,0x02,0x0b,0x08,0x02,
    0x0b,0x08,0x01,0x0c,0x09,0x02,0x0c,0x09,0x02,0x0c,0x09,0x02,
    0x0c,0x09,0x02,0x0b,0x08,0x01,0x0b,0x08,0x01,0x0c,0x09,0x02,
    0x0c,0x09,0x02,0x0d,0x09,0x02,0x0d,0x09,0x02,0x0d,0x0a,0x03,
    0x0d,0x0a,0x03,0x0d,0x0b,0x03,0x0c,0x0b,0x01,0x0c,0x0b,0x02,
    0x0d,0x0c,0x03,0x0c,0x0c,0x03,0x0c,0x0c,0x02,0x0d,0x0d,0x03,
    0x0f,0x0f,0x05,0x0f,0x0e,0x04,0x0d,0x0d,0x03,0x0d,0x0d,0x03,
    0x0d,0x0e,0x03,0x0e,0x0e,0x04,0x0f,0x0c,0x03,0x11,0x0c,0x04,
    0x10,0x0d,0x04,0x0e,0x0d,0x03,0x11,0x0e,0x04,0x19,0x17,0x08,
    0x1c,0x1a,0x09,0x19,0x14,0x08,0x11,0x0d,0x02,0x0f,0x0b,0x02,
    0x0f,0x0b,0x01,0x0e,0x0a,0x01,0x0f,0x07,0x00,0x12,0x09,0x01,
    0x0c,0x08,0x04,0x0c,0x08,0x04,0x0b,0x08,0x03,0x0b,0x08,0x03,
    0x0b,0x09,0x03,0x0b,0x08,0x01,0x0d,0x09,0x03,0x0c,0x09,0x03,
    0x0d,0x09,0x03,0x0d,0x08,0x03,0x0e,0x09,0x04,0x0d,0x0a,0x03,
    0x0c,0x09,0x03,0x0c,0x09,0x02,0x0c,0x09,0x02,0x0c,0x09,0x02,
    0x0b,0x08,0x02,0x0c,0x09,0x02,0x0b,0x07,0x02,0x0d,0x08,0x02,
    0x0c,0x08,0x02,0x0d,0x08,0x02,0x0c,0x08,0x02,0x0c,0x08,0x02,
    0x0b,0x08,0x01,0x0c,0x07,0x01,0x0c,0x07,0x01,0x0d,0x09,0x02,
    0x0d,0x0a,0x01,0x0c,0x09,0x01,0x0d,0x09,0x01,0x0d,0x09,0x01,
    0x0d,0x09,0x02,0x0c,0x09,0x02,0x0c,0x08,0x01,0x0b,0x08,0x01,
    0x0c,0x08,0x02,0x0c,0x08,0x02,0x0c,0x08,0x01,0x0c,0x07,0x02,
    0x0d,0x09,0x02,0x0e,0x0a,0x02,0x10,0x0b,0x03,0x0c,0x08,0x00,
    0x17,0x11,0x07,0x28,0x22,0x12,0x1f,0x17,0x0c,0x25,0x1c,0x0e,
    0x12,0x0c,0x00,0x1a,0x16,0x0b,0x20,0x19,0x0e,0x18,0x13,0x0b,
    0x17,0x11,0x0a,0x33,0x2a,0x1a,0x23,0x1e,0x11,0x15,0x12,0x0b,
    0x29,0x24,0x19,0x42,0x37,0x24,0x7a,0x66,0x4c,0xc1,0xae,0x98,
    0xab,0x9f,0x8e,0x42,0x38,0x28,0x7b,0x65,0x4c,0xfc,0xf3,0xe5,
    0xfe,0xfe,0xfe,0xef,0xed,0xe8,0xdc,0xd4,0xc4,0xf7,0xf5,0xf0,
    0x75,0x6d,0x61,0x2c,0x22,0x12,0x28,0x20,0x15,0x1b,0x16,0x0d,
    0x17,0x13,0x0b,0x13,0x0f,0x06,0x11,0x0d,0x04,0x11,0x0d,0x04,
    0x10,0x0c,0x03,0x0e,0x0a,0x02,0x0e,0x09,0x02,0x0d,0x09,0x02,
    0x0d,0x09,0x03,0x0d,0x08,0x02,0x0c,0x07,0x01,0x0b,0x08,0x02,
    0x0b,0x08,0x02,0x0c,0x08,0x02,0x0c,0x08,0x02,0x0c,0x09,0x02,
    0x0c,0x09,0x02,0x0b,0x08,0x01,0x0b,0x08,0x02,0x0b,0x08,0x02,
    0x0b,0x08,0x01,0x0b,0x08,0x01,0x0c,0x09,0x02,0x0b,0x08,0x01,
    0x0b,0x09,0x01,0x0d,0x0a,0x02,0x0d,0x08,0x02,0x0e,0x09,0x03,
    0x0d,0x0a,0x02,0x0c,0x09,0x02,0x0d,0x09,0x02,0x0c,0x09,0x02,
    0x0d,0x0a,0x03,0x0b,0x0c,0x03,0x0b,0x0b,0x03,0x0d,0x0b,0x03,
    0x0e,0x0b,0x02,0x0f,0x0b,0x03,0x0f,0x0c,0x03,0x0f,0x0c,0x03,
    0x0e,0x0a,0x03,0x0d,0x0a,0x02,0x0d,0x0b,0x02,0x0e,0x0b,0x03,
    0x0e,0x0b,0x02,0x11,0x0f,0x04,0x16,0x11,0x06,0x1d,0x18,0x0a,
    0x17,0x14,0x06,0x14,0x10,0x04,0x11,0x0d,0x02,0x0e,0x0a,0x01,
    0x0e,0x0a,0x01,0x10,0x09,0x01,0x10,0x07,0x01,0x10,0x07,0x00,
    0x0f,0x0b,0x03,0x0f,0x0b,0x04,0x0e,0x0b,0x03,0x0e,0x0b,0x03,
    0x0d,0x0c,0x03,0x0e,0x0b,0x03,0x0f,0x0b,0x02,0x0f,0x0b,0x02,
    0x10,0x0c,0x03,0x0f,0x0b,0x03,0x10,0x0c,0x03,0x0f,0x0c,0x03,
    0x0f,0x0b,0x02,0x0e,0x0b,0x02,0x0f,0x0b,0x03,0x0f,0x0b,0x02,
    0x0e,0x0b,0x02,0x0e,0x0b,0x03,0x0e,0x09,0x03,0x0f,0x0a,0x04,
    0x0f,0x0a,0x04,0x0f,0x0a,0x04,0x0d,0x0a,0x03,0x0e,0x09,0x03,
    0x0e,0x0a,0x03,0x0e,0x0a,0x02,0x0e,0x09,0x02,0x0e,0x09,0x03,
    0x0e,0x0b,0x03,0x0f,0x0a,0x02,0x0f,0x0a,0x02,0x0f,0x0a,0x02,
    0x0e,0x0b,0x03,0x0e,0x0b,0x02,0x0d,0x0a,0x01,0x0e,0x09,0x02,
    0x0e,0x08,0x03,0x0d,0x08,0x02,0x0d,0x08,0x03,0x0f,0x09,0x03,
    0x0f,0x0a,0x03,0x0e,0x0b,0x02,0x0a,0x08,0x00,0x12,0x0e,0x05,
    0x25,0x1d,0x0f,0x2a,0x21,0x12,0x22,0x1c,0x0f,0x12,0x0e,0x07,
    0x1d,0x18,0x0e,0x25,0x20,0x12,0x0b,0x08,0x03,0x30,0x27,0x15,
    0x2d,0x24,0x15,0x12,0x0e,0x07,0x1e,0x1a,0x0e,0x17,0x12,0x09,
    0x1d,0x16,0x0b,0x44,0x37,0x25,0x7e,0x6c,0x52,0xae,0x9b,0x81,
    0xc3,0xb6,0xa1,0x4d,0x43,0x33,0x62,0x50,0x38,0xe7,0xdd,0xce,
    0xff,0xff,0xff,0xe1,0xdd,0xd3,0xb4,0xa4,0x8e,0xfe,0xfd,0xf9,
    0x8a,0x85,0x78,0x2e,0x23,0x15,0x2a,0x21,0x17,0x1f,0x19,0x10,
    0x18,0x14,0x0b,0x15,0x10,0x08,0x13,0x0f,0x06,0x11,0x0d,0x04,
    0x10,0x0c,0x03,0x10,0x0c,0x03,0x0e,0x0a,0x03,0x0e,0x0a,0x04,
    0x0e,0x0a,0x04,0x0e,0x09,0x03,0x0d,0x08,0x02,0x0c,0x09,0x02,
    0x0b,0x08,0x02,0x0c,0x09,0x02,0x0c,0x09,0x02,0x0b,0x09,0x02,
    0x0c,0x0a,0x02,0x0b,0x08,0x02,0x0b,0x08,0x02,0x0b,0x08,0x02,
    0x0b,0x08,0x01,0x0b,0x08,0x01,0x0c,0x09,0x02,0x0c,0x09,0x02,
    0x0c,0x08,0x02,0x0c,0x09,0x02,0x0d,0x09,0x02,0x0d,0x08,0x02,
    0x0c,0x09,0x02,0x0c,0x09,0x02,0x0c,0x09,0x03,0x0d,0x0a,0x03,
    0x0d,0x09,0x03,0x0d,0x0a,0x03,0x0d,0x0a,0x03,0x0e,0x0a,0x03,
    0x0d,0x09,0x02,0x0d,0x0a,0x03,0x0e,0x09,0x02,0x0e,0x08,0x02,
    0x0e,0x08,0x02,0x0e,0x08,0x02,0x0d,0x08,0x02,0x0d,0x09,0x02,
    0x11,0x0c,0x02,0x16,0x11,0x04,0x14,0x10,0x04,0x16,0x11,0x05,
    0x12,0x0e,0x02,0x11,0x0c,0x02,0x0f,0x0b,0x01,0x0e,0x0a,0x01,
    0x0d,0x09,0x01,0x10,0x08,0x01,0x10,0x07,0x00,0x0f,0x07,0x00,
    0x15,0x11,0x09,0x16,0x12,0x09,0x15,0x11,0x07,0x13,0x10,0x07,
    0x13,0x10,0x07,0x14,0x11,0x08,0x13,0x10,0x07,0x15,0x11,0x08,
    0x15,0x11,0x07,0x14,0x11,0x07,0x14,0x11,0x07,0x15,0x10,0x09,
    0x14,0x10,0x06,0x13,0x0f,0x05,0x13,0x0f,0x05,0x13,0x0e,0x05,
    0x13,0x0f,0x05,0x13,0x0f,0x05,0x13,0x0f,0x05,0x12,0x0f,0x04,
    0x12,0x0e,0x04,0x12,0x0e,0x04,0x11,0x0e,0x04,0x11,0x0d,0x05,
    0x11,0x0e,0x04,0x12,0x0e,0x05,0x12,0x0d,0x04,0x11,0x0d,0x04,
    0x12,0x0d,0x05,0x11,0x0d,0x04,0x11,0x0d,0x03,0x11,0x0d,0x03,
    0x11,0x0d,0x04,0x11,0x0d,0x03,0x11,0x0d,0x04,0x11,0x0c,0x03,
    0x11,0x0c,0x03,0x11,0x0d,0x03,0x10,0x0c,0x03,0x12,0x0c,0x03,
    0x11,0x0d,0x03,0x14,0x10,0x05,0x27,0x1f,0x11,0x35,0x2b,0x1a,
    0x28,0x20,0x12,0x16,0x11,0x07,0x0d,0x0a,0x03,0x16,0x12,0x09,
    0x29,0x23,0x12,0x15,0x10,0x09,0x21,0x1a,0x0a,0x1e,0x18,0x09,
    0x26,0x1f,0x11,0x1b,0x16,0x0c,0x14,0x11,0x09,0x12,0x10,0x07,
    0x25,0x1f,0x11,0x50,0x43,0x2f,0x99,0x89,0x6d,0xb2,0xa3,0x88,
    0x87,0x7a,0x61,0x44,0x39,0x29,0x55,0x45,0x31,0xc9,0xba,0xa4,
    0xff,0xff,0xff,0xee,0xeb,0xe5,0xd3,0xc9,0xb9,0xff,0xfe,0xfa,
    0xae,0xa8,0x9f,0x37,0x2c,0x1e,0x2c,0x24,0x19,0x20,0x1a,0x10,
    0x19,0x15,0x0c,0x17,0x12,0x0a,0x14,0x11,0x07,0x13,0x0f,0x06,
    0x11,0x0d,0x04,0x10,0x0c,0x05,0x10,0x0c,0x05,0x0f,0x0b,0x03,
    0x0e,0x0a,0x03,0x0f,0x0b,0x03,0x0f,0x0b,0x03,0x0d,0x0a,0x02,
    0x0c,0x09,0x02,0x0d,0x0a,0x02,0x0d,0x0a,0x03,0x0c,0x09,0x02,
    0x0d,0x0a,0x04,0x0d,0x09,0x02,0x0c,0x09,0x02,0x0d,0x0a,0x03,
    0x0d,0x08,0x02,0x0d,0x08,0x01,0x0c,0x08,0x02,0x0c,0x09,0x02,
    0x0c,0x08,0x02,0x0c,0x09,0x02,0x0d,0x09,0x02,0x0c,0x09,0x02,
    0x0b,0x08,0x01,0x0c,0x09,0x03,0x0c,0x09,0x04,0x0d,0x09,0x02,
    0x0d,0x08,0x02,0x0d,0x08,0x02,0x0d,0x09,0x02,0x0d,0x09,0x02,
    0x0e,0x0a,0x02,0x0e,0x09,0x02,0x0d,0x08,0x02,0x0d,0x08,0x02,
    0x0c,0x07,0x02,0x0c,0x08,0x02,0x0b,0x06,0x01,0x0c,0x07,0x01,
    0x14,0x0e,0x04,0x17,0x11,0x05,0x11,0x0d,0x03,0x0f,0x0c,0x02,
    0x11,0x0c,0x02,0x0f,0x0a,0x02,0x0c,0x08,0x01,0x0e,0x08,0x00,
    0x0f,0x08,0x01,0x0f,0x08,0x01,0x0f,0x07,0x01,0x0f,0x07,0x02,
    0x1c,0x17,0x10,0x1c,0x18,0x0f,0x1b,0x17,0x0e,0x1c,0x19,0x10,
    0x1d,0x1a,0x11,0x1d,0x19,0x10,0x1c,0x18,0x0f,0x1d,0x19,0x0f,
    0x1e,0x1a,0x0f,0x1d,0x1a,0x0e,0x17,0x14,0x0a,0x19,0x15,0x0d,
    0x1b,0x17,0x0c,0x1b,0x17,0x0b,0x19,0x16,0x0b,0x18,0x14,0x0a,
    0x19,0x15,0x0a,0x19,0x15,0x0a,0x19,0x16,0x0a,0x18,0x15,0x09,
    0x19,0x15,0x09,0x18,0x14,0x09,0x17,0x14,0x08,0x17,0x13,0x08,
    0x16,0x12,0x07,0x16,0x12,0x07,0x16,0x12,0x06,0x16,0x12,0x06,
    0x16,0x12,0x07,0x16,0x12,0x06,0x15,0x11,0x05,0x15,0x11,0x06,
    0x15,0x10,0x07,0x16,0x11,0x07,0x15,0x11,0x06,0x14,0x0f,0x04,
    0x14,0x10,0x05,0x14,0x10,0x05,0x14,0x10,0x05,0x13,0x10,0x04,
    0x12,0x0e,0x04,0x27,0x1e,0x11,0x26,0x1e,0x11,0x15,0x0f,0x06,
    0x11,0x0d,0x04,0x16,0x12,0x09,0x17,0x13,0x09,0x1d,0x18,0x0d,
    0x17,0x13,0x09,0x16,0x12,0x07,0x21,0x1a,0x0d,0x21,0x1a,0x0d,
    0x15,0x11,0x08,0x15,0x10,0x08,0x12,0x10,0x06,0x31,0x2a,0x1c,
    0x4e,0x43,0x2f,0x2c,0x25,0x15,0x5c,0x50,0x3b,0xae,0xa1,0x88,
    0x8c,0x82,0x6b,0x34,0x2b,0x1e,0x44,0x3a,0x2c,0xab,0x99,0x7d,
    0xf5,0xee,0xe0,0xfb,0xfb,0xf9,0xf4,0xf2,0xed,0xdb,0xd4,0xcb,
    0x99,0x8f,0x7e,0x54,0x4b,0x3d,0x32,0x29,0x1c,0x26,0x20,0x14,
    0x1c,0x18,0x0d,0x18,0x15,0x0a,0x15,0x12,0x07,0x15,0x11,0x06,
    0x12,0x0e,0x05,0x11,0x0d,0x05,0x10,0x0d,0x04,0x10,0x0c,0x02,
    0x10,0x0c,0x03,0x10,0x0c,0x03,0x10,0x0c,0x03,0x0f,0x0c,0x03,
    0x0f,0x0c,0x05,0x0e,0x0b,0x04,0x0f,0x0b,0x04,0x10,0x0d,0x05,
    0x0f,0x0b,0x04,0x0d,0x0a,0x02,0x0c,0x0a,0x03,0x0d,0x0a,0x03,
    0x0d,0x08,0x03,0x0e,0x0a,0x03,0x0d,0x09,0x02,0x0c,0x0a,0x02,
    0x0c,0x09,0x02,0x0c,0x09,0x02,0x0d,0x09,0x02,0x0d,0x08,0x02,
    0x0c,0x09,0x02,0x0c,0x09,0x02,0x0c,0x09,0x03,0x0c,0x09,0x02,
    0x0d,0x08,0x02,0x0d,0x08,0x02,0x0c,0x09,0x02,0x0d,0x0a,0x02,
    0x0d,0x09,0x01,0x0d,0x08,0x02,0x0d,0x08,0x02,0x0c,0x07,0x01,
    0x0c,0x07,0x01,0x0b,0x06,0x01,0x0c,0x07,0x01,0x0d,0x07,0x01,
    0x0e,0x09,0x02,0x11,0x0b,0x02,0x10,0x0b,0x01,0x0f,0x0a,0x01,
    0x0e,0x0a,0x01,0x0d,0x08,0x02,0x0c,0x07,0x01,0x0f,0x07,0x02,
    0x0f,0x07,0x01,0x0e,0x08,0x00,0x0e,0x06,0x00,0x0e,0x07,0x01,
    0x26,0x22,0x18,0x25,0x21,0x18,0x26,0x22,0x19,0x27,0x23,0x19,
    0x28,0x23,0x19,0x27,0x23,0x18,0x26,0x22,0x17,0x24,0x20,0x14,
    0x24,0x21,0x16,0x2c,0x25,0x17,0x47,0x3e,0x29,0x33,0x2c,0x1b,
    0x23,0x1e,0x12,0x23,0x1f,0x14,0x22,0x1e,0x12,0x22,0x1d,0x12,
    0x21,0x1c,0x11,0x21,0x1d,0x12,0x20,0x1c,0x11,0x1f,0x1b,0x10,
    0x1f,0x1b,0x10,0x1f,0x1a,0x0f,0x1f,0x1a,0x0f,0x1d,0x19,0x0e,
    0x1c,0x18,0x0d,0x1c,0x18,0x0c,0x1b,0x17,0x0b,0x1b,0x17,0x0b,
    0x1a,0x17,0x0b,0x1a,0x16,0x09,0x19,0x15,0x09,0x19,0x14,0x09,
    0x19,0x15,0x09,0x18,0x14,0x08,0x19,0x14,0x09,0x19,0x14,0x08,
    0x18,0x13,0x08,0x16,0x13,0x07,0x17,0x13,0x07,0x17,0x13,0x08,
    0x17,0x12,0x07,0x15,0x11,0x07,0x12,0x0f,0x04,0x15,0x11,0x08,
    0x16,0x12,0x08,0x22,0x1e,0x0e,0x26,0x21,0x13,0x1e,0x19,0x0d,
    0x1a,0x17,0x0b,0x1d,0x19,0x0c,0x27,0x20,0x11,0x27,0x21,0x13,
    0x1a,0x16,0x0a,0x21,0x1b,0x0e,0x34,0x2d,0x1c,0x49,0x40,0x2e,
    0x35,0x2e,0x1e,0x22,0x1c,0x10,0x22,0x19,0x0b,0x8f,0x83,0x6d,
    0xad,0xa4,0x90,0x2e,0x26,0x1b,0x59,0x4f,0x3e,0x70,0x60,0x48,
    0xc3,0xb4,0x9b,0xff,0xfe,0xfa,0xff,0xff,0xff,0xb8,0xab,0x99,
    0x79,0x68,0x52,0x6d,0x64,0x53,0x2e,0x27,0x1d,0x25,0x1f,0x16,
    0x1b,0x18,0x0d,0x18,0x16,0x0a,0x17,0x14,0x0b,0x14,0x11,0x08,
    0x13,0x10,0x07,0x11,0x0e,0x05,0x11,0x0e,0x05,0x11,0x0e,0x05,
    0x10,0x0d,0x05,0x10,0x0d,0x04,0x11,0x0d,0x05,0x10,0x0d,0x04,
    0x10,0x0d,0x04,0x0d,0x0d,0x06,0x10,0x0f,0x08,0x12,0x11,0x08,
    0x10,0x0d,0x05,0x0f,0x0c,0x05,0x0c,0x0b,0x03,0x0e,0x0b,0x04,
    0x0e,0x0b,0x04,0x0e,0x0b,0x04,0x0e,0x09,0x03,0x0e,0x09,0x03,
    0x0e,0x09,0x03,0x0e,0x09,0x03,0x0d,0x08,0x03,0x0e,0x09,0x03,
    0x0e,0x09,0x03,0x0c,0x09,0x02,0x0d,0x08,0x02,0x0d,0x08,0x02,
    0x0d,0x08,0x02,0x0d,0x09,0x02,0x0c,0x09,0x02,0x0c,0x09,0x02,
    0x0c,0x08,0x02,0x0c,0x08,0x01,0x0e,0x09,0x03,0x0d,0x08,0x02,
    0x0c,0x07,0x02,0x0c,0x07,0x02,0x0b,0x06,0x01,0x0c,0x07,0x01,
    0x0c,0x07,0x01,0x0b,0x07,0x01,0x0d,0x08,0x01,0x0d,0x08,0x01,
    0x0c,0x07,0x01,0x0c,0x07,0x01,0x0c,0x07,0x01,0x0b,0x06,0x00,
    0x0d,0x07,0x01,0x0c,0x08,0x01,0x0d,0x06,0x01,0x0e,0x06,0x01,
    0x2e,0x2a,0x1f,0x2e,0x2a,0x1f,0x2f,0x2b,0x20,0x2f,0x2b,0x20,
    0x2e,0x2b,0x1f,0x2f,0x2b,0x1f,0x32,0x2c,0x1f,0x31,0x2c,0x20,
    0x39,0x32,0x23,0x49,0x3b,0x25,0x61,0x50,0x38,0x3b,0x35,0x23,
    0x2b,0x27,0x1b,0x2d,0x28,0x1c,0x2d,0x28,0x1c,0x2d,0x28,0x1b,
    0x2b,0x27,0x1a,0x29,0x25,0x19,0x28,0x24,0x18,0x28,0x24,0x18,
    0x27,0x23,0x17,0x28,0x22,0x16,0x27,0x22,0x16,0x26,0x22,0x15,
    0x25,0x21,0x13,0x25,0x20,0x13,0x22,0x1e,0x12,0x22,0x1d,0x11,
    0x22,0x1d,0x11,0x21,0x1d,0x10,0x20,0x1c,0x0f,0x22,0x1b,0x0e,
    0x21,0x1a,0x0e,0x1f,0x1a,0x0e,0x21,0x1a,0x0e,0x20,0x1a,0x0d,
    0x1e,0x19,0x0d,0x1c,0x18,0x0c,0x1c,0x18,0x0c,0x1c,0x18,0x0c,
    0x1b,0x17,0x0b,0x1b,0x17,0x0c,0x1b,0x17,0x0c,0x1b,0x17,0x0b,
    0x1a,0x16,0x0b,0x17,0x14,0x09,0x17,0x13,0x08,0x17,0x13,0x08,
    0x19,0x15,0x0a,0x29,0x23,0x13,0x30,0x26,0x16,0x28,0x21,0x13,
    0x26,0x1f,0x11,0x32,0x2a,0x1a,0x2e,0x27,0x18,0x24,0x1e,0x11,
    0x1e,0x1a,0x0d,0x21,0x1c,0x10,0x1d,0x14,0x08,0x81,0x75,0x62,
    0xdf,0xd9,0xc6,0x80,0x78,0x68,0x64,0x59,0x4a,0x61,0x51,0x41,
    0xa4,0x90,0x75,0xf7,0xf1,0xe3,0xf2,0xf0,0xe7,0xbb,0xae,0x9a,
    0x9c,0x8e,0x77,0x88,0x7c,0x63,0x54,0x48,0x34,0x42,0x3b,0x2d,
    0x30,0x29,0x1e,0x21,0x1c,0x11,0x1b,0x18,0x0e,0x1d,0x1a,0x10,
    0x1c,0x19,0x11,0x1e,0x19,0x11,0x1b,0x16,0x10,0x18,0x14,0x0d,
    0x14,0x11,0x09,0x12,0x0f,0x06,0x13,0x10,0x08,0x12,0x0e,0x06,
    0x12,0x0f,0x06,0x10,0x11,0x07,0x21,0x23,0x19,0x2e,0x34,0x2a,
    0x12,0x13,0x0b,0x0f,0x0c,0x05,0x10,0x0d,0x05,0x0f,0x0c,0x05,
    0x0f,0x0c,0x04,0x0e,0x0b,0x02,0x0f,0x0a,0x03,0x0f,0x0a,0x04,
    0x0e,0x09,0x04,0x0e,0x09,0x03,0x0f,0x0a,0x04,0x0e,0x0a,0x03,
    0x0d,0x08,0x03,0x0d,0x09,0x03,0x0e,0x0a,0x03,0x0d,0x09,0x02,
    0x0e,0x08,0x03,0x0d,0x09,0x03,0x0d,0x09,0x02,0x0e,0x08,0x02,
    0x0c,0x07,0x02,0x0d,0x08,0x02,0x0d,0x08,0x02,0x0d,0x08,0x02,
    0x0b,0x06,0x02,0x0c,0x07,0x01,0x0b,0x06,0x01,0x0b,0x06,0x01,
    0x0b,0x06,0x01,0x0b,0x06,0x01,0x0c,0x07,0x01,0x0c,0x07,0x01,
    0x0c,0x07,0x01,0x0c,0x07,0x01,0x0b,0x06,0x01,0x0b,0x06,0x01,
    0x0d,0x06,0x01,0x0c,0x07,0x01,0x0c,0x06,0x01,0x0d,0x06,0x01,
    0x35,0x32,0x27,0x36,0x33,0x26,0x36,0x32,0x27,0x38,0x35,0x28,
    0x39,0x36,0x28,0x3b,0x35,0x28,0x3b,0x35,0x27,0x3c,0x36,0x26,
    0x3f,0x37,0x27,0x3c,0x36,0x28,0x34,0x2f,0x20,0x38,0x32,0x24,
    0x37,0x32,0x25,0x36,0x31,0x24,0x36,0x31,0x24,0x37,0x31,0x24,
    0x36,0x30,0x23,0x34,0x2f,0x22,0x35,0x2f,0x22,0x34,0x2e,0x20,
    0x33,0x2d,0x1f,0x31,0x2d,0x20,0x30,0x2c,0x1f,0x31,0x2c,0x1d,
    0x31,0x2a,0x1d,0x30,0x2a,0x1b,0x31,0x2b,0x1c,0x2f,0x29,0x1a,
    0x2d,0x27,0x18,0x2d,0x26,0x18,0x2c,0x26,0x17,0x2d,0x26,0x16,
    0x2a,0x24,0x14,0x2a,0x23,0x15,0x2b,0x23,0x16,0x2c,0x24,0x17,
    0x2a,0x23,0x16,0x2a,0x23,0x15,0x27,0x21,0x14,0x24,0x1f,0x13,
    0x24,0x20,0x13,0x22,0x1d,0x11,0x22,0x1d,0x11,0x21,0x1d,0x11,
    0x1f,0x1b,0x10,0x1f,0x1b,0x0f,0x1e,0x1a,0x0e,0x16,0x12,0x08,
    0x27,0x21,0x13,0x2b,0x23,0x14,0x29,0x21,0x14,0x26,0x1e,0x11,
    0x22,0x1a,0x0f,0x2d,0x25,0x17,0x2c,0x24,0x16,0x27,0x1f,0x12,
    0x20,0x19,0x0e,0x26,0x20,0x13,0x28,0x21,0x13,0x58,0x4c,0x37,
    0xec,0xe5,0xd2,0xcd,0xc5,0xb7,0x89,0x80,0x6b,0x6d,0x5f,0x49,
    0xa5,0x98,0x83,0xf3,0xea,0xdb,0xf9,0xf4,0xeb,0xa7,0x9f,0x8e,
    0x66,0x58,0x42,0x50,0x42,0x30,0x56,0x49,0x35,0x43,0x38,0x2a,
    0x3d,0x33,0x27,0x29,0x21,0x15,0x4b,0x44,0x34,0x47,0x41,0x31,
    0x2d,0x29,0x1d,0x36,0x31,0x25,0x39,0x35,0x28,0x39,0x34,0x26,
    0x36,0x33,0x25,0x22,0x1f,0x14,0x14,0x11,0x07,0x15,0x12,0x08,
    0x12,0x11,0x08,0x13,0x14,0x09,0x19,0x19,0x0e,0x20,0x25,0x1e,
    0x20,0x28,0x20,0x18,0x18,0x12,0x11,0x0f,0x06,0x12,0x0f,0x06,
    0x11,0x0d,0x05,0x11,0x0c,0x04,0x10,0x0c,0x03,0x10,0x0b,0x03,
    0x0f,0x0a,0x04,0x0e,0x0a,0x04,0x0e,0x0a,0x03,0x0f,0x0a,0x02,
    0x0f,0x0a,0x04,0x0e,0x0a,0x03,0x0f,0x0a,0x03,0x0e,0x0a,0x03,
    0x0e,0x09,0x03,0x0e,0x0b,0x03,0x0d,0x09,0x02,0x0e,0x09,0x02,
    0x0d,0x09,0x02,0x0d,0x08,0x02,0x0d,0x08,0x02,0x0d,0x09,0x02,
    0x0c,0x07,0x01,0x0c,0x07,0x01,0x0c,0x07,0x02,0x0c,0x07,0x01,
    0x0c,0x07,0x02,0x0b,0x06,0x01,0x0c,0x06,0x01,0x0c,0x07,0x01,
    0x0b,0x06,0x00,0x0c,0x07,0x01,0x0b,0x06,0x02,0x0c,0x07,0x02,
    0x0e,0x07,0x01,0x0e,0x07,0x01,0x0e,0x07,0x01,0x0d,0x06,0x01,
    0x40,0x3c,0x2e,0x41,0x3d,0x30,0x40,0x3d,0x30,0x41,0x3f,0x30,
    0x41,0x3e,0x2f,0x42,0x3f,0x30,0x43,0x3f,0x31,0x44,0x3f,0x30,
    0x44,0x3e,0x2d,0x42,0x3c,0x2c,0x44,0x3d,0x2f,0x44,0x3c,0x2f,
    0x42,0x3b,0x2e,0x41,0x3a,0x2c,0x40,0x3a,0x2c,0x40,0x3a,0x2c,
    0x41,0x3b,0x2c,0x41,0x3a,0x2b,0x40,0x39,0x2a,0x40,0x39,0x2a,
    0x3f,0x38,0x28,0x3f,0x3a,0x28,0x3d,0x38,0x27,0x3e,0x37,0x26,
    0x3d,0x36,0x24,0x3c,0x35,0x23,0x3c,0x35,0x23,0x3b,0x34,0x21,
    0x3a,0x33,0x20,0x3a,0x33,0x20,0x39,0x32,0x1f,0x36,0x2f,0x1c,
    0x35,0x2e,0x1c,0x34,0x2d,0x1c,0x34,0x2d,0x1b,0x35,0x2e,0x1c,
    0x36,0x2f,0x1c,0x35,0x2d,0x1c,0x34,0x2c,0x1c,0x31,0x2a,0x1c,
    0x2d,0x29,0x1a,0x2d,0x26,0x18,0x2b,0x26,0x17,0x29,0x23,0x16,
    0x2a,0x25,0x18,0x29,0x24,0x18,0x21,0x1d,0x11,0x1d,0x18,0x0d,
    0x20,0x1a,0x0e,0x20,0x19,0x10,0x2c,0x23,0x16,0x25,0x1d,0x11,
    0x23,0x1c,0x11,0x2a,0x23,0x16,0x2a,0x21,0x15,0x28,0x20,0x14,
    0x23,0x1c,0x11,0x2e,0x26,0x19,0x32,0x29,0x1c,0x37,0x29,0x19,
    0xd4,0xca,0xb5,0xd6,0xcd,0xbe,0x98,0x8e,0x7a,0x56,0x4b,0x37,
    0x9c,0x91,0x80,0xe7,0xd9,0xc5,0xdc,0xcd,0xb8,0xe1,0xdc,0xd2,
    0x7c,0x6e,0x58,0x51,0x43,0x30,0x41,0x36,0x24,0x34,0x2c,0x1e,
    0x31,0x28,0x1d,0x2b,0x23,0x18,0x3d,0x35,0x25,0x27,0x21,0x16,
    0x2c,0x27,0x1a,0x33,0x2e,0x1f,0x2a,0x27,0x19,0x23,0x1f,0x15,
    0x1c,0x19,0x0f,0x20,0x1d,0x12,0x16,0x14,0x09,0x18,0x15,0x0b,
    0x16,0x14,0x09,0x16,0x16,0x0b,0x16,0x15,0x0c,0x17,0x1c,0x14,
    0x22,0x2c,0x24,0x21,0x22,0x1a,0x15,0x15,0x0a,0x14,0x11,0x08,
    0x13,0x0f,0x07,0x12,0x0e,0x06,0x11,0x0e,0x05,0x0f,0x0d,0x04,
    0x11,0x0c,0x06,0x10,0x0c,0x05,0x0f,0x0c,0x02,0x0f,0x0b,0x02,
    0x0f,0x0c,0x03,0x0e,0x0b,0x02,0x10,0x0c,0x02,0x0f,0x0b,0x02,
    0x0f,0x0b,0x02,0x0f,0x0b,0x01,0x0f,0x0b,0x02,0x0e,0x0b,0x01,
    0x0f,0x0b,0x02,0x0f,0x0b,0x02,0x0f,0x0b,0x02,0x0e,0x0a,0x02,
    0x0d,0x09,0x01,0x0d,0x09,0x01,0x0d,0x09,0x01,0x0d,0x08,0x02,
    0x0c,0x07,0x02,0x0c,0x07,0x02,0x0e,0x07,0x02,0x0c,0x07,0x01,
    0x0b,0x06,0x00,0x0b,0x06,0x01,0x0c,0x07,0x01,0x0c,0x07,0x01,
    0x0d,0x07,0x02,0x0e,0x07,0x01,0x0e,0x07,0x00,0x0d,0x06,0x00,
    0x54,0x4f,0x3e,0x53,0x4e,0x3e,0x52,0x4e,0x3c,0x60,0x5a,0x46,
    0x68,0x62,0x4f,0x5f,0x5d,0x49,0x54,0x53,0x3f,0x4c,0x49,0x39,
    0x4f,0x4c,0x3a,0x51,0x4c,0x3a,0x4c,0x48,0x36,0x47,0x42,0x31,
    0x46,0x41,0x33,0x46,0x41,0x33,0x49,0x44,0x36,0x49,0x43,0x34,
    0x4b,0x46,0x35,0x4e,0x48,0x36,0x4e,0x48,0x34,0x51,0x49,0x33,
    0x52,0x4a,0x35,0x51,0x49,0x34,0x50,0x47,0x33,0x4f,0x46,0x32,
    0x4d,0x44,0x2f,0x4c,0x44,0x2f,0x4b,0x41,0x2c,0x4b,0x41,0x2b,
    0x4c,0x42,0x2b,0x4d,0x42,0x2b,0x4e,0x42,0x2d,0x4a,0x40,0x2a,
    0x4a,0x41,0x29,0x4a,0x40,0x29,0x45,0x3d,0x26,0x43,0x3c,0x25,
    0x42,0x3a,0x25,0x40,0x38,0x25,0x3f,0x37,0x24,0x3e,0x36,0x23,
    0x3b,0x35,0x22,0x3b,0x34,0x23,0x3a,0x33,0x22,0x38,0x32,0x21,
    0x38,0x32,0x22,0x36,0x2f,0x21,0x26,0x1f,0x14,0x20,0x19,0x0d,
    0x23,0x1d,0x11,0x24,0x1e,0x13,0x35,0x2b,0x1c,0x30,0x28,0x19,
    0x2c,0x25,0x17,0x31,0x29,0x1c,0x2a,0x22,0x16,0x26,0x1f,0x14,
    0x2d,0x25,0x19,0x30,0x27,0x1a,0x35,0x2d,0x20,0x27,0x1c,0x0f,
    0xa3,0x94,0x7f,0xe7,0xde,0xc9,0x8b,0x80,0x6e,0x69,0x5f,0x4d,
    0x90,0x84,0x72,0xdb,0xcd,0xb8,0xbd,0xaa,0x8f,0xff,0xfc,0xf0,
    0x94,0x8b,0x7a,0x3e,0x35,0x22,0x38,0x31,0x23,0x35,0x2f,0x21,
    0x40,0x36,0x27,0x40,0x38,0x27,0x3f,0x36,0x27,0x39,0x33,0x25,
    0x2c,0x28,0x1c,0x25,0x20,0x17,0x26,0x22,0x19,0x2a,0x26,0x1b,
    0x36,0x30,0x25,0x26,0x23,0x18,0x1b,0x17,0x0d,0x1b,0x18,0x0e,
    0x1b,0x19,0x0e,0x1b,0x1b,0x10,0x1b,0x1e,0x15,0x36,0x4f,0x49,
    0x33,0x44,0x3a,0x19,0x18,0x0c,0x1a,0x19,0x0d,0x17,0x14,0x0a,
    0x15,0x12,0x09,0x13,0x10,0x07,0x12,0x0f,0x05,0x13,0x0f,0x06,
    0x13,0x0f,0x05,0x12,0x0e,0x04,0x10,0x0d,0x03,0x10,0x0d,0x03,
    0x11,0x0d,0x03,0x10,0x0d,0x03,0x11,0x0d,0x03,0x10,0x0d,0x03,
    0x10,0x0d,0x04,0x11,0x0d,0x03,0x10,0x0c,0x02,0x0f,0x0c,0x02,
    0x0f,0x0b,0x03,0x10,0x0c,0x03,0x0f,0x0b,0x02,0x0f,0x0b,0x02,
    0x0e,0x0a,0x01,0x0f,0x0b,0x02,0x0f,0x0b,0x02,0x0e,0x0a,0x01,
    0x0d,0x08,0x01,0x0c,0x07,0x02,0x0d,0x08,0x02,0x0c,0x07,0x01,
    0x0c,0x07,0x01,0x0c,0x07,0x01,0x0c,0x07,0x01,0x0c,0x07,0x01,
    0x0c,0x06,0x01,0x0d,0x07,0x01,0x0e,0x07,0x01,0x0e,0x07,0x01,
    0x73,0x6d,0x52,0x77,0x72,0x57,0x59,0x56,0x3f,0x66,0x5e,0x46,
    0x95,0x8a,0x6e,0x91,0x87,0x6c,0x8e,0x86,0x6c,0x77,0x73,0x5a,
    0x73,0x6e,0x56,0x71,0x6b,0x55,0x77,0x70,0x59,0x72,0x6c,0x54,
    0x6b,0x65,0x4e,0x72,0x6c,0x54,0x65,0x5f,0x48,0x67,0x62,0x4c,
    0x69,0x63,0x4c,0x6a,0x65,0x49,0x72,0x6c,0x4f,0x6d,0x66,0x49,
    0x6c,0x64,0x45,0x6f,0x66,0x47,0x6c,0x62,0x45,0x6a,0x5e,0x43,
    0x65,0x5b,0x3f,0x66,0x59,0x3e,0x6a,0x5c,0x3e,0x69,0x5d,0x3d,
    0x6a,0x5d,0x3c,0x6e,0x5f,0x3e,0x70,0x61,0x40,0x6f,0x60,0x3f,
    0x6e,0x5c,0x3c,0x6b,0x5a,0x3c,0x67,0x56,0x39,0x62,0x53,0x38,
    0x5c,0x4f,0x35,0x59,0x4e,0x34,0x57,0x4b,0x32,0x57,0x4b,0x32,
    0x53,0x49,0x31,0x51,0x46,0x30,0x4f,0x43,0x2e,0x49,0x40,0x2c,
    0x44,0x3d,0x29,0x3f,0x38,0x25,0x2d,0x26,0x17,0x27,0x20,0x14,
    0x25,0x1f,0x13,0x37,0x2f,0x1f,0x53,0x48,0x32,0x5e,0x52,0x3c,
    0x63,0x56,0x41,0x55,0x4a,0x36,0x55,0x49,0x36,0x47,0x3f,0x2d,
    0x36,0x2f,0x20,0x3a,0x32,0x22,0x3d,0x35,0x24,0x26,0x1f,0x12,
    0x88,0x7b,0x6a,0xf7,0xec,0xd6,0x85,0x7a,0x69,0x61,0x56,0x42,
    0xa0,0x91,0x79,0xb2,0xa6,0x8d,0x97,0x85,0x6b,0xdc,0xce,0xb7,
    0x7a,0x71,0x5e,0x32,0x2b,0x1b,0x38,0x32,0x22,0x37,0x2f,0x20,
    0x34,0x2d,0x1d,0x2c,0x26,0x19,0x3a,0x33,0x22,0x3a,0x33,0x24,
    0x26,0x22,0x18,0x2f,0x27,0x1c,0x40,0x38,0x2a,0x3d,0x34,0x27,
    0x3f,0x3b,0x2e,0x31,0x30,0x24,0x1f,0x1d,0x12,0x29,0x26,0x1a,
    0x23,0x22,0x19,0x1f,0x1e,0x15,0x21,0x28,0x1f,0x71,0xa1,0x9f,
    0x50,0x73,0x64,0x1c,0x1c,0x0d,0x1d,0x1d,0x12,0x1a,0x18,0x0d,
    0x18,0x15,0x0a,0x17,0x15,0x09,0x15,0x12,0x07,0x15,0x11,0x08,
    0x14,0x10,0x06,0x14,0x10,0x05,0x13,0x10,0x05,0x13,0x0f,0x04,
    0x13,0x0f,0x04,0x13,0x0f,0x05,0x13,0x0e,0x03,0x12,0x0e,0x03,
    0x11,0x0d,0x04,0x12,0x0e,0x04,0x12,0x0e,0x03,0x11,0x0e,0x03,
    0x10,0x0d,0x03,0x11,0x0d,0x04,0x11,0x0d,0x04,0x10,0x0c,0x02,
    0x0f,0x0b,0x02,0x0f,0x0b,0x03,0x0f,0x0b,0x02,0x11,0x0c,0x02,
    0x0e,0x0a,0x02,0x0d,0x08,0x03,0x0d,0x08,0x03,0x0d,0x08,0x02,
    0x0d,0x08,0x02,0x0c,0x08,0x02,0x0c,0x07,0x02,0x0c,0x07,0x01,
    0x0d,0x08,0x02,0x0e,0x08,0x01,0x0f,0x07,0x01,0x0f,0x08,0x02,
    0x62,0x5a,0x43,0x72,0x69,0x51,0x62,0x5a,0x43,0x59,0x53,0x3d,
    0x66,0x5c,0x43,0x6e,0x61,0x47,0x78,0x6d,0x54,0x84,0x79,0x5e,
    0x83,0x76,0x5b,0x80,0x74,0x5a,0x8c,0x81,0x65,0x85,0x7a,0x60,
    0x96,0x8a,0x6d,0xa9,0x9e,0x7e,0x9a,0x91,0x71,0x8c,0x81,0x61,
    0x99,0x8e,0x6b,0xa4,0x99,0x77,0xbf,0xb4,0x95,0xc6,0xbd,0xa0,
    0xc9,0xc3,0xa7,0xba,0xb3,0x94,0xa2,0x9a,0x7a,0x9d,0x94,0x73,
    0x99,0x90,0x6d,0x94,0x89,0x66,0x90,0x85,0x5e,0x9d,0x91,0x6a,
    0xab,0xa0,0x7b,0xaf,0xa3,0x7f,0xab,0x9e,0x78,0xa7,0x99,0x72,
    0xa6,0x94,0x6c,0x98,0x87,0x5f,0x8a,0x79,0x52,0x80,0x6e,0x4a,
    0x77,0x68,0x45,0x73,0x64,0x41,0x74,0x64,0x41,0x71,0x62,0x41,
    0x6b,0x5d,0x3c,0x66,0x57,0x39,0x61,0x52,0x37,0x5b,0x4f,0x35,
    0x56,0x4c,0x35,0x4c,0x44,0x2e,0x37,0x2f,0x1e,0x30,0x27,0x1c,
    0x31,0x2a,0x1c,0x51,0x48,0x32,0x53,0x49,0x33,0x74,0x67,0x4e,
    0x62,0x56,0x3e,0x5d,0x52,0x3d,0x6d,0x61,0x49,0x65,0x59,0x41,
    0x60,0x54,0x3f,0x78,0x68,0x4f,0x76,0x65,0x4a,0x45,0x3e,0x2c,
    0x59,0x4f,0x3f,0xdd,0xce,0xb6,0x94,0x89,0x77,0x5d,0x51,0x3e,
    0x85,0x77,0x5e,0xca,0xbe,0xa8,0xaf,0xa5,0x8e,0x5e,0x50,0x38,
    0x4f,0x44,0x31,0x50,0x42,0x2f,0x42,0x37,0x26,0x38,0x2f,0x21,
    0x32,0x2c,0x1e,0x32,0x2b,0x1d,0x35,0x2e,0x1f,0x41,0x39,0x29,
    0x3c,0x34,0x24,0x3a,0x30,0x22,0x47,0x3a,0x2c,0x45,0x39,0x28,
    0x3b,0x37,0x2a,0x3e,0x40,0x34,0x29,0x28,0x19,0x42,0x3e,0x2d,
    0x4f,0x4d,0x3b,0x42,0x40,0x31,0x3e,0x46,0x3a,0x72,0xa8,0x99,
    0x52,0x80,0x6f,0x29,0x2c,0x20,0x22,0x21,0x14,0x20,0x1e,0x12,
    0x1d,0x1b,0x0f,0x1b,0x19,0x0c,0x19,0x16,0x0a,0x18,0x14,0x09,
    0x17,0x14,0x08,0x17,0x13,0x08,0x16,0x12,0x07,0x16,0x12,0x07,
    0x15,0x11,0x07,0x15,0x11,0x06,0x13,0x0f,0x04,0x13,0x0f,0x04,
    0x13,0x0f,0x04,0x13,0x10,0x05,0x13,0x0f,0x04,0x13,0x0f,0x04,
    0x13,0x0f,0x03,0x12,0x0e,0x04,0x13,0x0f,0x06,0x13,0x0f,0x05,
    0x11,0x0d,0x04,0x11,0x0d,0x03,0x11,0x0d,0x04,0x11,0x0d,0x02,
    0x10,0x0c,0x03,0x11,0x0a,0x04,0x10,0x09,0x04,0x0f,0x09,0x04,
    0x0e,0x09,0x03,0x0d,0x09,0x03,0x0d,0x08,0x02,0x0d,0x08,0x02,
    0x0e,0x08,0x02,0x10,0x09,0x01,0x10,0x08,0x01,0x11,0x08,0x01,
    0x40,0x3a,0x2d,0x41,0x3a,0x2e,0x46,0x3f,0x31,0x49,0x41,0x33,
    0x48,0x43,0x33,0x4f,0x48,0x36,0x4e,0x49,0x34,0x52,0x4c,0x36,
    0x56,0x4f,0x3a,0x5a,0x51,0x3b,0x61,0x58,0x3f,0x63,0x5a,0x41,
    0x68,0x5c,0x42,0x77,0x6b,0x4d,0x7e,0x74,0x57,0x63,0x57,0x3a,
    0x88,0x79,0x57,0xe6,0xdb,0xbd,0xf6,0xef,0xdc,0xff,0xfe,0xef,
    0xff,0xff,0xfb,0xff,0xff,0xef,0xf3,0xed,0xd5,0xe1,0xd9,0xbc,
    0xd2,0xc9,0xaa,0xd1,0xc8,0xaa,0xe1,0xd9,0xbe,0xf5,0xed,0xd6,
    0xfd,0xf7,0xe5,0xfe,0xfb,0xeb,0xfc,0xf8,0xe7,0xf9,0xf7,0xe5,
    0xf9,0xf5,0xe1,0xee,0xea,0xd3,0xdd,0xd7,0xbb,0xc8,0xbe,0x9e,
    0xc1,0xb8,0x95,0xd9,0xcf,0xb0,0xcb,0xbe,0x9c,0xd0,0xc5,0xa5,
    0xca,0xc2,0xa4,0xb8,0xab,0x8c,0x99,0x8e,0x6e,0x7e,0x73,0x55,
    0x66,0x5c,0x40,0x59,0x50,0x36,0x43,0x3a,0x27,0x3a,0x32,0x24,
    0x4e,0x44,0x31,0x61,0x56,0x3d,0x6c,0x5e,0x45,0x7f,0x72,0x55,
    0x70,0x62,0x48,0x74,0x67,0x4d,0x6f,0x60,0x47,0x74,0x64,0x4a,
    0x79,0x68,0x4f,0x73,0x62,0x4b,0x7f,0x6c,0x51,0x77,0x69,0x4f,
    0x52,0x47,0x34,0xd0,0xc1,0xa6,0xad,0xa0,0x88,0x79,0x6c,0x57,
    0x89,0x7b,0x63,0xac,0x9d,0x83,0xcc,0xbf,0xa6,0x85,0x7a,0x62,
    0x61,0x53,0x3a,0x5d,0x4e,0x37,0x50,0x42,0x30,0x44,0x3b,0x2c,
    0x48,0x41,0x2e,0x41,0x3a,0x28,0x38,0x31,0x22,0x39,0x32,0x22,
    0x39,0x31,0x22,0x44,0x3c,0x2c,0x43,0x3a,0x2a,0x39,0x31,0x22,
    0x3c,0x38,0x2a,0x45,0x42,0x34,0x48,0x45,0x31,0x38,0x33,0x23,
    0x3f,0x3d,0x2c,0x4d,0x4c,0x3c,0x4d,0x4d,0x3c,0x80,0x94,0x82,
    0x8a,0xad,0x9a,0x3a,0x44,0x36,0x29,0x26,0x18,0x27,0x25,0x17,
    0x24,0x22,0x15,0x20,0x1d,0x10,0x1e,0x1a,0x0e,0x1c,0x19,0x0c,
    0x1b,0x18,0x0b,0x1a,0x16,0x0a,0x1a,0x16,0x0a,0x19,0x15,0x0a,
    0x19,0x15,0x0a,0x18,0x14,0x08,0x18,0x14,0x08,0x16,0x13,0x07,
    0x16,0x14,0x08,0x16,0x12,0x07,0x16,0x12,0x07,0x15,0x11,0x07,
    0x15,0x11,0x06,0x15,0x11,0x07,0x15,0x11,0x07,0x15,0x11,0x06,
    0x13,0x0f,0x06,0x13,0x0f,0x04,0x12,0x0e,0x03,0x12,0x0f,0x04,
    0x11,0x0d,0x04,0x12,0x0d,0x04,0x11,0x0d,0x04,0x10,0x0b,0x05,
    0x10,0x0b,0x04,0x10,0x0b,0x04,0x10,0x0b,0x04,0x0f,0x0a,0x03,
    0x0f,0x0a,0x03,0x10,0x0a,0x02,0x12,0x09,0x02,0x12,0x09,0x02,
    0x3c,0x37,0x2a,0x3d,0x38,0x2b,0x3d,0x38,0x2b,0x3e,0x39,0x2d,
    0x3f,0x3a,0x2c,0x40,0x3b,0x2c,0x43,0x3e,0x2f,0x43,0x3f,0x2e,
    0x43,0x40,0x2f,0x45,0x3f,0x30,0x45,0x3f,0x2f,0x47,0x42,0x32,
    0x4c,0x46,0x33,0x4f,0x48,0x35,0x4f,0x48,0x32,0x59,0x50,0x39,
    0x6f,0x60,0x43,0xb6,0xa2,0x7d,0xdc,0xcb,0xa6,0xee,0xe2,0xc6,
    0xf0,0xdf,0xbf,0xeb,0xd4,0xab,0xf8,0xe4,0xbe,0xf5,0xe1,0xbb,
    0xe8,0xd1,0xa9,0xf6,0xe3,0xbc,0xff,0xff,0xe4,0xff,0xfe,0xe7,
    0xff,0xfa,0xe4,0xff,0xfa,0xe7,0xfe,0xfb,0xec,0xff,0xff,0xf4,
    0xff,0xff,0xfa,0xff,0xff,0xf9,0xff,0xfe,0xe9,0xff,0xf6,0xd8,
    0xff,0xf2,0xd1,0xfb,0xeb,0xc7,0xff,0xf0,0xce,0xff,0xff,0xe5,
    0xff,0xff,0xe2,0xff,0xf0,0xcd,0xff,0xf4,0xd3,0xfa,0xf1,0xd3,
    0xde,0xd2,0xb2,0x72,0x65,0x4b,0x46,0x3d,0x28,0x4f,0x45,0x2f,
    0x80,0x72,0x53,0x97,0x89,0x67,0x94,0x86,0x69,0x87,0x79,0x59,
    0x85,0x75,0x57,0x82,0x73,0x55,0x82,0x72,0x54,0x88,0x7b,0x5f,
    0x8c,0x7d,0x62,0x9d,0x8e,0x70,0x89,0x7a,0x5d,0x79,0x6c,0x4e,
    0x5d,0x53,0x3a,0xad,0x9e,0x81,0x8f,0x80,0x63,0x6f,0x64,0x4c,
    0x73,0x65,0x4d,0x84,0x74,0x57,0xab,0x99,0x7e,0x8d,0x7c,0x62,
    0x78,0x66,0x4b,0x68,0x59,0x41,0x60,0x53,0x3d,0x67,0x5a,0x41,
    0x60,0x53,0x3b,0x53,0x49,0x33,0x58,0x4f,0x3a,0x49,0x42,0x2f,
    0x47,0x40,0x2e,0x4e,0x46,0x32,0x5c,0x54,0x3c,0x4a,0x42,0x2d,
    0x4b,0x40,0x29,0x51,0x48,0x32,0x5b,0x50,0x3d,0x46,0x3b,0x28,
    0x46,0x40,0x2d,0x45,0x41,0x30,0x41,0x3d,0x2d,0x44,0x43,0x2f,
    0x55,0x61,0x44,0x42,0x47,0x36,0x32,0x2f,0x21,0x2d,0x2b,0x1c,
    0x2a,0x27,0x1a,0x27,0x23,0x17,0x25,0x21,0x15,0x24,0x1f,0x13,
    0x21,0x1d,0x11,0x20,0x1d,0x11,0x1f,0x1b,0x0f,0x1f,0x1b,0x0f,
    0x1e,0x1a,0x0e,0x1d,0x19,0x0d,0x1d,0x19,0x0d,0x1d,0x19,0x0d,
    0x1d,0x18,0x0d,0x1d,0x19,0x0d,0x1b,0x17,0x0b,0x1b,0x17,0x0b,
    0x1a,0x16,0x0b,0x19,0x15,0x09,0x18,0x14,0x09,0x18,0x14,0x08,
    0x17,0x13,0x08,0x16,0x12,0x08,0x15,0x11,0x06,0x15,0x12,0x07,
    0x14,0x10,0x06,0x14,0x10,0x05,0x13,0x0f,0x04,0x12,0x0f,0x05,
    0x12,0x0e,0x04,0x12,0x0e,0x05,0x12,0x0f,0x05,0x12,0x0d,0x03,
    0x12,0x0c,0x03,0x11,0x0c,0x03,0x12,0x09,0x02,0x12,0x0a,0x03,
    0x35,0x31,0x26,0x37,0x33,0x27,0x37,0x34,0x28,0x39,0x36,0x29,
    0x3a,0x36,0x29,0x3c,0x37,0x29,0x3d,0x37,0x2a,0x3e,0x39,0x2c,
    0x3e,0x3a,0x2c,0x3f,0x3a,0x2c,0x40,0x3a,0x2d,0x42,0x3c,0x2e,
    0x42,0x3e,0x2e,0x45,0x3f,0x2f,0x47,0x42,0x31,0x4b,0x45,0x32,
    0x51,0x49,0x32,0x57,0x4a,0x2d,0x69,0x56,0x33,0x7d,0x66,0x43,
    0x86,0x6d,0x4a,0x88,0x71,0x4c,0x8f,0x79,0x52,0x96,0x7f,0x56,
    0x9d,0x81,0x57,0xb1,0x95,0x68,0xd3,0xb6,0x8a,0xea,0xd2,0xaa,
    0xf3,0xdf,0xb9,0xf6,0xe0,0xba,0xff,0xf2,0xd3,0xff,0xf5,0xd9,
    0xfe,0xf5,0xdd,0xfa,0xee,0xd4,0xe3,0xcf,0xaa,0xde,0xc8,0x9f,
    0xd7,0xc1,0x99,0xc9,0xaf,0x86,0xda,0xc1,0x99,0xcf,0xb6,0x8f,
    0xca,0xb1,0x85,0xdf,0xc7,0x9d,0xe8,0xd2,0xac,0xe2,0xd0,0xad,
    0xca,0xba,0x98,0x6b,0x5e,0x43,0x56,0x4a,0x34,0x64,0x56,0x3c,
    0xb0,0xa2,0x7e,0xe9,0xe3,0xcf,0xe4,0xe2,0xd1,0xe0,0xdd,0xc8,
    0xb2,0xa4,0x87,0x9b,0x87,0x69,0xa2,0x8b,0x6b,0xc3,0xad,0x8b,
    0xdc,0xc7,0xa1,0xf6,0xe3,0xbb,0xe7,0xd6,0xb3,0xce,0xbf,0x9e,
    0x7a,0x71,0x55,0x84,0x77,0x5e,0x91,0x83,0x69,0x9e,0x8d,0x6d,
    0xbd,0xae,0x8c,0xbc,0xb1,0x94,0xb7,0xa8,0x88,0x9c,0x8a,0x69,
    0x88,0x7b,0x5e,0x8d,0x7e,0x61,0x88,0x78,0x59,0x7b,0x6e,0x4e,
    0x6a,0x5c,0x41,0x63,0x58,0x41,0x7a,0x70,0x57,0x7c,0x70,0x5a,
    0x76,0x6c,0x55,0x6a,0x62,0x4b,0x5b,0x53,0x3f,0x64,0x59,0x43,
    0x5d,0x55,0x3a,0x5b,0x52,0x38,0x6c,0x60,0x49,0x63,0x57,0x3e,
    0x58,0x4f,0x3a,0x67,0x64,0x4e,0x58,0x54,0x42,0x4c,0x49,0x37,
    0x53,0x50,0x3d,0x48,0x44,0x32,0x3f,0x3c,0x2a,0x39,0x35,0x24,
    0x34,0x31,0x21,0x31,0x2d,0x1f,0x2e,0x2a,0x1c,0x2d,0x27,0x19,
    0x2b,0x26,0x19,0x28,0x24,0x18,0x28,0x24,0x18,0x25,0x21,0x16,
    0x24,0x20,0x15,0x23,0x1f,0x13,0x23,0x1f,0x13,0x23,0x1f,0x13,
    0x23,0x1f,0x13,0x22,0x1e,0x12,0x22,0x1e,0x12,0x20,0x1c,0x10,
    0x1e,0x1a,0x0e,0x1d,0x1a,0x0e,0x1d,0x19,0x0e,0x1d,0x19,0x0d,
    0x1c,0x18,0x0c,0x1b,0x17,0x0c,0x1b,0x17,0x0c,0x19,0x15,0x0a,
    0x18,0x14,0x09,0x17,0x14,0x09,0x16,0x13,0x08,0x16,0x12,0x07,
    0x15,0x11,0x07,0x15,0x11,0x07,0x15,0x11,0x07,0x14,0x10,0x06,
    0x14,0x10,0x05,0x13,0x0e,0x04,0x15,0x0b,0x04,0x14,0x0c,0x05,
    0x31,0x2d,0x22,0x33,0x2f,0x24,0x34,0x2f,0x24,0x35,0x31,0x25,
    0x36,0x32,0x26,0x36,0x33,0x26,0x37,0x33,0x27,0x3a,0x35,0x29,
    0x38,0x35,0x28,0x3b,0x36,0x28,0x3d,0x38,0x29,0x3e,0x39,0x2a,
    0x3e,0x3a,0x2b,0x41,0x3a,0x2d,0x42,0x3c,0x2e,0x44,0x3e,0x2f,
    0x47,0x40,0x2f,0x4c,0x46,0x32,0x51,0x49,0x35,0x52,0x49,0x36,
    0x54,0x4b,0x36,0x58,0x4d,0x36,0x5a,0x4f,0x37,0x5d,0x51,0x38,
    0x63,0x55,0x3a,0x6a,0x59,0x3d,0x75,0x60,0x3e,0x85,0x6c,0x44,
    0x93,0x79,0x4e,0xa2,0x89,0x5c,0xb7,0x9f,0x73,0xbb,0xa3,0x76,
    0xb4,0x9b,0x6a,0xb5,0x9d,0x70,0xa6,0x90,0x66,0xa5,0x91,0x67,
    0xa4,0x8f,0x69,0x96,0x81,0x5c,0x8c,0x77,0x52,0x80,0x69,0x45,
    0x82,0x6b,0x47,0x90,0x7a,0x56,0xb2,0x9a,0x73,0x99,0x83,0x5d,
    0x6d,0x5d,0x40,0x61,0x55,0x3d,0x5d,0x51,0x3c,0x6c,0x5d,0x42,
    0xad,0x9b,0x75,0xeb,0xdc,0xbe,0xfc,0xf2,0xdc,0xf2,0xe5,0xcc,
    0xbe,0xa5,0x81,0xb0,0x93,0x71,0xa8,0x8d,0x6c,0x95,0x7a,0x59,
    0xa6,0x8c,0x66,0xc4,0xa9,0x82,0xd4,0xba,0x94,0xec,0xd4,0xae,
    0xa9,0x96,0x75,0x97,0x8b,0x74,0xb2,0xa6,0x91,0xab,0x99,0x74,
    0xcc,0xb7,0x8e,0xe9,0xd5,0xaf,0xde,0xcc,0xa7,0xad,0x9c,0x7d,
    0xe2,0xd8,0xb8,0xfa,0xf7,0xe1,0xec,0xe5,0xca,0xe1,0xd3,0xb1,
    0xd9,0xcc,0xab,0xd3,0xc0,0x99,0xdb,0xbf,0x8c,0xe0,0xc4,0x94,
    0xd2,0xb6,0x87,0xc8,0xb2,0x86,0xcd,0xc3,0xa1,0xc3,0xba,0x9e,
    0xd3,0xcc,0xb1,0xb2,0xaa,0x8b,0x92,0x8a,0x6c,0x86,0x81,0x66,
    0x7f,0x79,0x5d,0x8e,0x8a,0x72,0x93,0x92,0x7f,0x74,0x70,0x59,
    0x62,0x5b,0x44,0x60,0x5a,0x44,0x54,0x4e,0x36,0x4c,0x46,0x2f,
    0x46,0x3f,0x2b,0x40,0x3a,0x27,0x3b,0x35,0x24,0x38,0x33,0x22,
    0x38,0x32,0x22,0x36,0x30,0x20,0x33,0x2d,0x1f,0x31,0x2c,0x1e,
    0x30,0x2b,0x1d,0x2f,0x2a,0x1c,0x2f,0x29,0x1c,0x2d,0x28,0x1b,
    0x2b,0x28,0x1b,0x2b,0x28,0x1b,0x2a,0x26,0x1a,0x29,0x26,0x19,
    0x2a,0x26,0x1a,0x28,0x24,0x18,0x25,0x21,0x15,0x25,0x21,0x15,
    0x25,0x21,0x15,0x21,0x1d,0x12,0x1f,0x1b,0x10,0x1e,0x1a,0x0e,
    0x1e,0x1a,0x0e,0x1d,0x19,0x0d,0x1c,0x18,0x0d,0x1a,0x16,0x0c,
    0x19,0x15,0x0c,0x19,0x16,0x0a,0x19,0x15,0x0a,0x17,0x13,0x0a,
    0x15,0x11,0x08,0x18,0x11,0x08,0x17,0x0f,0x07,0x16,0x0e,0x07,
    0x2e,0x2b,0x20,0x2f,0x2c,0x21,0x2f,0x2d,0x21,0x30,0x2d,0x21,
    0x32,0x2e,0x23,0x32,0x2e,0x22,0x33,0x2f,0x23,0x33,0x30,0x24,
    0x36,0x31,0x26,0x37,0x33,0x25,0x37,0x34,0x27,0x38,0x35,0x27,
    0x3a,0x36,0x28,0x3b,0x37,0x29,0x3c,0x38,0x29,0x3d,0x39,0x2b,
    0x41,0x3b,0x2c,0x44,0x3d,0x2d,0x47,0x40,0x2d,0x48,0x41,0x2e,
    0x4a,0x43,0x2f,0x4c,0x44,0x30,0x4c,0x44,0x31,0x4f,0x46,0x33,
    0x51,0x46,0x32,0x56,0x4a,0x35,0x58,0x4d,0x36,0x5a,0x4e,0x36,
    0x60,0x52,0x36,0x66,0x55,0x38,0x67,0x56,0x37,0x6a,0x5a,0x3a,
    0x6c,0x5b,0x3d,0x68,0x59,0x3a,0x69,0x5a,0x3c,0x67,0x59,0x3a,
    0x66,0x59,0x3b,0x67,0x59,0x3e,0x66,0x59,0x3e,0x66,0x58,0x3e,
    0x66,0x57,0x3d,0x67,0x56,0x3b,0x72,0x60,0x42,0x71,0x62,0x47,
    0x64,0x57,0x41,0x5a,0x50,0x3a,0x5b,0x51,0x3a,0x6b,0x5d,0x44,
    0x89,0x78,0x56,0x8e,0x7b,0x57,0xa3,0x8d,0x6b,0xa3,0x8c,0x6a,
    0x96,0x7f,0x5e,0x9c,0x86,0x65,0x9c,0x85,0x66,0xa0,0x89,0x68,
    0x9f,0x87,0x66,0x97,0x80,0x5f,0x91,0x7b,0x5b,0x95,0x80,0x62,
    0x8e,0x7d,0x60,0x96,0x88,0x6f,0xb7,0xa9,0x92,0x99,0x8b,0x73,
    0x8f,0x7d,0x61,0x9b,0x88,0x6a,0x94,0x85,0x69,0xa3,0x91,0x75,
    0xd4,0xc0,0x9a,0xec,0xdd,0xbc,0xe4,0xd3,0xb2,0xd3,0xbc,0x98,
    0xd1,0xba,0x97,0xc9,0xaf,0x8b,0xb7,0x99,0x6f,0xb5,0x96,0x6d,
    0xb9,0x9a,0x72,0xd7,0xb9,0x8c,0xfc,0xe9,0xc1,0xff,0xfd,0xde,
    0xff,0xff,0xe6,0xff,0xf9,0xdd,0xf2,0xe6,0xca,0xf0,0xea,0xd0,
    0xe0,0xda,0xbe,0xc0,0xb7,0x92,0xac,0xa6,0x86,0x9a,0x94,0x76,
    0x7f,0x78,0x59,0x86,0x7e,0x61,0x7f,0x74,0x56,0x64,0x5a,0x3c,
    0x5c,0x51,0x38,0x55,0x4c,0x36,0x4c,0x44,0x2f,0x47,0x40,0x2c,
    0x45,0x3d,0x2a,0x43,0x3b,0x28,0x43,0x3b,0x29,0x42,0x3b,0x28,
    0x3e,0x38,0x26,0x3c,0x37,0x26,0x3b,0x35,0x24,0x3b,0x35,0x24,
    0x3b,0x35,0x25,0x3a,0x35,0x25,0x37,0x33,0x23,0x38,0x32,0x23,
    0x38,0x32,0x22,0x35,0x2f,0x21,0x32,0x2c,0x1f,0x31,0x2b,0x1e,
    0x2e,0x2a,0x1c,0x2b,0x27,0x1b,0x28,0x24,0x19,0x27,0x24,0x18,
    0x26,0x22,0x16,0x25,0x21,0x15,0x24,0x20,0x14,0x21,0x1d,0x12,
    0x20,0x1b,0x12,0x1f,0x1b,0x11,0x1e,0x1a,0x11,0x1c,0x18,0x0f,
    0x1b,0x16,0x0e,0x1c,0x16,0x0e,0x1a,0x13,0x0c,0x1a,0x13,0x0a,
    0x2b,0x29,0x1e,0x2c,0x29,0x20,0x2c,0x2a,0x20,0x2e,0x2a,0x21,
    0x2f,0x2b,0x20,0x2e,0x2a,0x1f,0x30,0x2c,0x20,0x2f,0x2d,0x21,
    0x30,0x2d,0x21,0x31,0x2e,0x22,0x32,0x2f,0x23,0x33,0x30,0x23,
    0x35,0x32,0x24,0x37,0x34,0x25,0x37,0x34,0x26,0x38,0x34,0x28,
    0x3b,0x36,0x28,0x3d,0x38,0x2a,0x3e,0x39,0x2a,0x41,0x3a,0x2b,
    0x42,0x3b,0x2c,0x44,0x3c,0x2c,0x45,0x3d,0x2b,0x47,0x3f,0x2d,
    0x48,0x40,0x2d,0x4a,0x41,0x2e,0x4b,0x43,0x30,0x4d,0x43,0x2f,
    0x50,0x45,0x30,0x51,0x46,0x31,0x53,0x47,0x33,0x53,0x48,0x34,
    0x52,0x48,0x32,0x51,0x46,0x32,0x50,0x46,0x30,0x50,0x45,0x30,
    0x4d,0x44,0x2e,0x4c,0x43,0x2e,0x4c,0x43,0x2e,0x4a,0x43,0x2f,
    0x4c,0x43,0x30,0x4e,0x43,0x30,0x4e,0x44,0x30,0x50,0x45,0x31,
    0x52,0x49,0x34,0x52,0x4a,0x34,0x54,0x4a,0x35,0x5e,0x53,0x3b,
    0x66,0x5a,0x3f,0x71,0x66,0x48,0x77,0x6a,0x4c,0x7b,0x6e,0x51,
    0x83,0x74,0x58,0x84,0x74,0x55,0x9a,0x85,0x63,0x9d,0x86,0x65,
    0x95,0x81,0x61,0x92,0x7e,0x5e,0x9a,0x87,0x67,0x85,0x75,0x5a,
    0x86,0x77,0x5d,0x96,0x87,0x6b,0x92,0x84,0x6d,0xb3,0xa0,0x83,
    0xb4,0xa2,0x84,0x8a,0x7f,0x66,0x95,0x87,0x6d,0x9b,0x8a,0x71,
    0x95,0x82,0x64,0x96,0x80,0x61,0x94,0x7f,0x5d,0x8b,0x78,0x59,
    0x94,0x82,0x65,0x94,0x83,0x66,0x89,0x78,0x5c,0x8c,0x79,0x5c,
    0x8f,0x7c,0x5e,0x9d,0x87,0x68,0xc9,0xb2,0x8c,0xec,0xd8,0xb6,
    0xf4,0xe4,0xc5,0xf0,0xe0,0xc1,0xed,0xdc,0xbb,0xff,0xf3,0xd4,
    0xff,0xf9,0xdd,0xff,0xf9,0xdb,0xfc,0xf0,0xd1,0xf4,0xeb,0xcd,
    0xe6,0xdf,0xc1,0xd1,0xc8,0xaa,0xcc,0xc1,0xa2,0xb0,0xa9,0x86,
    0x8e,0x87,0x66,0x70,0x65,0x4a,0x5e,0x55,0x3d,0x55,0x4e,0x38,
    0x52,0x4a,0x34,0x51,0x49,0x33,0x51,0x48,0x33,0x51,0x49,0x33,
    0x51,0x48,0x33,0x4e,0x46,0x31,0x4c,0x44,0x2f,0x4c,0x44,0x2f,
    0x4c,0x43,0x2e,0x49,0x41,0x2d,0x46,0x40,0x2b,0x46,0x3f,0x2a,
    0x45,0x3e,0x29,0x42,0x3b,0x28,0x40,0x38,0x27,0x3c,0x35,0x24,
    0x37,0x31,0x21,0x35,0x30,0x21,0x34,0x2e,0x20,0x32,0x2d,0x1f,
    0x30,0x2c,0x1f,0x2f,0x2b,0x1e,0x2c,0x28,0x1c,0x2a,0x26,0x1a,
    0x27,0x24,0x19,0x26,0x22,0x17,0x24,0x20,0x15,0x22,0x1e,0x13,
    0x21,0x1d,0x13,0x1f,0x1b,0x11,0x1f,0x1b,0x10,0x1f,0x19,0x0f,
    0x2a,0x26,0x1f,0x2a,0x27,0x20,0x2b,0x28,0x20,0x2a,0x27,0x1f,
    0x2b,0x28,0x1f,0x2c,0x28,0x1e,0x2d,0x29,0x20,0x2d,0x2b,0x1f,
    0x2d,0x2b,0x20,0x2e,0x2c,0x20,0x2f,0x2d,0x20,0x2f,0x2d,0x21,
    0x30,0x2e,0x21,0x32,0x2e,0x22,0x32,0x30,0x23,0x34,0x31,0x24,
    0x35,0x31,0x24,0x37,0x31,0x25,0x38,0x33,0x26,0x39,0x34,0x27,
    0x3b,0x35,0x27,0x3d,0x36,0x28,0x3f,0x38,0x28,0x40,0x39,0x28,
    0x41,0x3a,0x29,0x43,0x3c,0x2a,0x44,0x3d,0x2a,0x45,0x3d,0x2a,
    0x47,0x3e,0x2c,0x48,0x3f,0x2c,0x49,0x40,0x2c,0x49,0x41,0x2d,
    0x48,0x40,0x2c,0x48,0x40,0x2c,0x48,0x40,0x2c,0x46,0x3f,0x2c,
    0x45,0x3e,0x2b,0x45,0x3d,0x2b,0x44,0x3d,0x2a,0x43,0x3c,0x2b,
    0x44,0x3c,0x2b,0x43,0x3a,0x29,0x44,0x3b,0x2c,0x44,0x3d,0x2b,
    0x44,0x3d,0x2b,0x44,0x3d,0x2b,0x46,0x3f,0x2d,0x49,0x41,0x2e,
    0x4e,0x46,0x31,0x52,0x49,0x34,0x55,0x4c,0x37,0x58,0x4f,0x37,
    0x5c,0x52,0x3b,0x62,0x56,0x3f,0x6b,0x60,0x45,0x6c,0x5f,0x45,
    0x68,0x5a,0x41,0x6e,0x61,0x47,0x72,0x65,0x4b,0x68,0x5d,0x44,
    0x74,0x67,0x4d,0x8d,0x7d,0x62,0x8e,0x7e,0x63,0xa8,0x92,0x71,
    0xc9,0xb4,0x8e,0xaf,0x9f,0x7f,0xba,0xa8,0x88,0xa8,0x96,0x77,
    0xa4,0x92,0x74,0xa0,0x8d,0x70,0x99,0x88,0x6b,0x96,0x84,0x69,
    0x9d,0x8b,0x6f,0xa7,0x96,0x79,0x95,0x86,0x69,0x89,0x7b,0x5e,
    0x8b,0x7c,0x60,0x96,0x84,0x65,0x9d,0x8a,0x69,0xa3,0x90,0x6e,
    0xb3,0x9e,0x7b,0xb6,0xa2,0x81,0xbe,0xac,0x8d,0xd1,0xc0,0xa0,
    0xe1,0xcf,0xb0,0xe4,0xd4,0xb5,0xf5,0xe9,0xcf,0xff,0xf8,0xe3,
    0xff,0xff,0xee,0xff,0xff,0xea,0xff,0xfa,0xdc,0xff,0xf1,0xcf,
    0xfb,0xf1,0xd0,0xcd,0xbd,0x9a,0x91,0x83,0x65,0x77,0x6c,0x52,
    0x66,0x5d,0x43,0x63,0x5b,0x42,0x66,0x5d,0x43,0x6b,0x61,0x46,
    0x6f,0x63,0x48,0x68,0x5b,0x40,0x63,0x56,0x3d,0x60,0x55,0x3b,
    0x61,0x55,0x39,0x5d,0x52,0x37,0x5d,0x51,0x36,0x59,0x4e,0x33,
    0x57,0x4d,0x34,0x54,0x4a,0x33,0x4f,0x46,0x30,0x49,0x41,0x2c,
    0x44,0x3d,0x29,0x42,0x3b,0x28,0x3e,0x37,0x25,0x3c,0x36,0x24,
    0x3a,0x34,0x24,0x39,0x32,0x24,0x35,0x2f,0x22,0x32,0x2d,0x21,
    0x30,0x2b,0x1f,0x2c,0x28,0x1c,0x2a,0x26,0x1a,0x28,0x24,0x18,
    0x27,0x22,0x17,0x26,0x22,0x17,0x25,0x21,0x16,0x24,0x20,0x16,
    0x28,0x25,0x1e,0x28,0x25,0x1e,0x28,0x25,0x1e,0x28,0x25,0x1e,
    0x28,0x26,0x1d,0x2a,0x26,0x1c,0x2b,0x27,0x1e,0x29,0x26,0x1d,
    0x2a,0x27,0x1e,0x2b,0x29,0x1d,0x2c,0x29,0x1e,0x2c,0x2b,0x1e,
    0x2d,0x2b,0x1f,0x2f,0x2c,0x20,0x30,0x2d,0x21,0x30,0x2e,0x21,
    0x30,0x2e,0x21,0x32,0x2f,0x21,0x33,0x2f,0x22,0x34,0x30,0x22,
    0x35,0x30,0x22,0x37,0x32,0x24,0x38,0x32,0x25,0x3a,0x34,0x26,
    0x3b,0x34,0x26,0x3c,0x35,0x27,0x3e,0x37,0x27,0x3f,0x38,0x29,
    0x3f,0x38,0x28,0x40,0x39,0x27,0x42,0x3a,0x2a,0x42,0x3a,0x2a,
    0x42,0x3b,0x29,0x41,0x3b,0x29,0x41,0x3a,0x29,0x41,0x3a,0x2a,
    0x41,0x3a,0x2a,0x40,0x39,0x29,0x40,0x3a,0x28,0x3f,0x39,0x29,
    0x40,0x38,0x2a,0x3f,0x38,0x29,0x40,0x39,0x2b,0x40,0x39,0x2a,
    0x40,0x39,0x2a,0x40,0x39,0x2a,0x41,0x3a,0x2a,0x42,0x3b,0x2b,
    0x43,0x3b,0x2d,0x43,0x3c,0x2c,0x45,0x3d,0x2e,0x47,0x40,0x2f,
    0x49,0x42,0x30,0x4b,0x43,0x30,0x4b,0x44,0x30,0x4d,0x46,0x32,
    0x51,0x49,0x34,0x52,0x4a,0x35,0x53,0x4b,0x36,0x56,0x4e,0x39,
    0x59,0x50,0x3b,0x5d,0x53,0x3d,0x68,0x5b,0x43,0x80,0x6d,0x51,
    0x98,0x83,0x61,0x8b,0x7b,0x59,0x97,0x85,0x65,0x9b,0x87,0x66,
    0x93,0x81,0x60,0x8a,0x7a,0x5a,0x98,0x87,0x67,0x94,0x82,0x62,
    0x9b,0x87,0x67,0xa4,0x91,0x6f,0xa1,0x8f,0x6f,0xa1,0x8f,0x6e,
    0xa0,0x8e,0x6d,0xa2,0x90,0x6f,0xa8,0x95,0x74,0xa3,0x91,0x70,
    0xac,0x9a,0x7b,0xb5,0xa4,0x87,0xba,0xaa,0x8b,0xaa,0x9b,0x7a,
    0xbc,0xac,0x8c,0xe3,0xd1,0xaf,0xe3,0xd1,0xb0,0xdf,0xce,0xad,
    0xdd,0xcd,0xad,0xe1,0xd0,0xb0,0xd9,0xc4,0xa1,0xc3,0xab,0x86,
    0xbd,0xa6,0x82,0xb8,0xa2,0x7f,0xb2,0x9f,0x7a,0xa9,0x98,0x73,
    0x91,0x81,0x61,0x9d,0x8f,0x70,0xbb,0xac,0x89,0xc0,0xb2,0x92,
    0xd6,0xc9,0xa9,0xb0,0xa5,0x85,0x9d,0x91,0x75,0x96,0x89,0x6b,
    0x8a,0x7d,0x5d,0x82,0x75,0x55,0x7b,0x6d,0x4e,0x77,0x6a,0x4a,
    0x71,0x62,0x43,0x68,0x59,0x3d,0x60,0x53,0x39,0x5c,0x50,0x38,
    0x57,0x4c,0x37,0x4f,0x46,0x32,0x4a,0x43,0x2f,0x46,0x3f,0x2c,
    0x43,0x3c,0x29,0x40,0x3a,0x29,0x3e,0x37,0x27,0x3b,0x34,0x25,
    0x38,0x33,0x25,0x33,0x30,0x23,0x31,0x2d,0x21,0x30,0x2c,0x20,
    0x2e,0x2a,0x1e,0x2d,0x29,0x1d,0x2c,0x28,0x1c,0x2a,0x26,0x1a,
    0x25,0x22,0x1b,0x27,0x24,0x1d,0x27,0x24,0x1d,0x27,0x24,0x1c,
    0x28,0x25,0x1b,0x27,0x24,0x1b,0x28,0x25,0x1c,0x28,0x25,0x1b,
    0x29,0x26,0x1c,0x29,0x27,0x1c,0x29,0x27,0x1c,0x2a,0x28,0x1c,
    0x2a,0x28,0x1c,0x2b,0x29,0x1d,0x2c,0x2a,0x1e,0x2d,0x2b,0x1f,
    0x2d,0x2b,0x1e,0x2e,0x2c,0x1f,0x2f,0x2d,0x20,0x2f,0x2d,0x21,
    0x30,0x2d,0x21,0x32,0x2e,0x22,0x32,0x2f,0x22,0x33,0x2f,0x21,
    0x35,0x30,0x23,0x37,0x32,0x25,0x36,0x31,0x24,0x37,0x33,0x25,
    0x3a,0x33,0x25,0x3b,0x34,0x25,0x3a,0x34,0x26,0x3b,0x35,0x27,
    0x3a,0x36,0x27,0x3a,0x35,0x27,0x39,0x34,0x26,0x3a,0x35,0x27,
    0x3a,0x34,0x26,0x3b,0x35,0x27,0x3b,0x36,0x28,0x39,0x35,0x26,
    0x38,0x34,0x26,0x38,0x35,0x26,0x39,0x36,0x27,0x3c,0x36,0x28,
    0x3c,0x35,0x28,0x3c,0x36,0x28,0x3d,0x37,0x28,0x3d,0x38,0x29,
    0x3e,0x38,0x2a,0x40,0x3a,0x2b,0x40,0x39,0x2b,0x41,0x39,0x2c,
    0x43,0x3c,0x2c,0x43,0x3c,0x2a,0x44,0x3c,0x2b,0x44,0x3d,0x2c,
    0x46,0x3f,0x2d,0x46,0x3f,0x2d,0x48,0x41,0x2f,0x4a,0x43,0x31,
    0x4b,0x44,0x32,0x4e,0x46,0x34,0x50,0x48,0x35,0x52,0x49,0x36,
    0x54,0x4a,0x35,0x59,0x4f,0x37,0x5a,0x50,0x38,0x5e,0x52,0x3a,
    0x5f,0x53,0x3b,0x5f,0x55,0x3c,0x5f,0x55,0x3b,0x64,0x58,0x3f,
    0x67,0x59,0x41,0x6a,0x5d,0x44,0x6d,0x60,0x46,0x78,0x69,0x4d,
    0x7b,0x6d,0x51,0x78,0x6a,0x4e,0x7d,0x6e,0x51,0x83,0x74,0x55,
    0xa0,0x8e,0x6e,0xab,0x9b,0x7a,0xac,0x9b,0x7a,0xb1,0xa1,0x7f,
    0xb0,0x9e,0x7b,0xca,0xb5,0x92,0xd0,0xba,0x95,0xc4,0xaf,0x8c,
    0xbe,0xaa,0x86,0xad,0x9a,0x76,0xa5,0x93,0x72,0x9e,0x8c,0x6c,
    0x94,0x86,0x65,0x8b,0x7d,0x5f,0x81,0x74,0x57,0x87,0x78,0x5b,
    0x94,0x84,0x67,0xad,0x9c,0x7d,0xe9,0xd6,0xb0,0xfb,0xe9,0xc6,
    0xec,0xdc,0xb9,0xef,0xe0,0xbe,0xff,0xff,0xe7,0xff,0xfd,0xe6,
    0xf5,0xee,0xd2,0xea,0xe2,0xc7,0xdd,0xd6,0xbc,0xdf,0xd8,0xbf,
    0xd7,0xd0,0xb4,0xbc,0xb3,0x97,0xae,0xa1,0x84,0x8d,0x7f,0x64,
    0x6e,0x62,0x49,0x5f,0x55,0x3f,0x59,0x50,0x3a,0x55,0x4e,0x3a,
    0x51,0x49,0x36,0x4d,0x45,0x32,0x4c,0x45,0x31,0x49,0x41,0x31,
    0x43,0x3c,0x2e,0x3c,0x37,0x2a,0x39,0x35,0x27,0x36,0x32,0x25,
    0x34,0x31,0x24,0x33,0x30,0x24,0x32,0x2e,0x22,0x32,0x2e,0x22,
    0x25,0x22,0x1b,0x26,0x23,0x1c,0x25,0x22,0x1b,0x26,0x23,0x1b,
    0x26,0x23,0x1b,0x26,0x23,0x1b,0x26,0x23,0x1b,0x26,0x23,0x1b,
    0x27,0x24,0x1c,0x27,0x24,0x1c,0x27,0x24,0x1c,0x28,0x25,0x1d,
    0x29,0x26,0x1d,0x29,0x26,0x1c,0x29,0x26,0x1d,0x2a,0x27,0x1e,
    0x2b,0x29,0x1d,0x2b,0x29,0x1c,0x2c,0x2a,0x1d,0x2d,0x2b,0x1e,
    0x2e,0x2c,0x1f,0x2f,0x2c,0x20,0x2f,0x2c,0x20,0x2f,0x2d,0x20,
    0x30,0x2d,0x21,0x31,0x2d,0x21,0x31,0x2d,0x21,0x32,0x2f,0x22,
    0x34,0x30,0x23,0x36,0x30,0x24,0x34,0x30,0x24,0x35,0x31,0x24,
    0x36,0x33,0x24,0x35,0x31,0x25,0x35,0x32,0x25,0x35,0x31,0x25,
    0x36,0x32,0x25,0x36,0x32,0x25,0x36,0x32,0x26,0x36,0x32,0x26,
    0x35,0x32,0x25,0x35,0x32,0x25,0x36,0x33,0x26,0x37,0x32,0x26,
    0x36,0x32,0x25,0x37,0x33,0x26,0x38,0x34,0x26,0x38,0x34,0x26,
    0x38,0x35,0x26,0x3a,0x34,0x27,0x3b,0x36,0x28,0x3a,0x36,0x27,
    0x3d,0x38,0x29,0x3e,0x37,0x28,0x3e,0x38,0x29,0x3f,0x39,0x2a,
    0x40,0x3a,0x2b,0x41,0x3b,0x2b,0x41,0x3b,0x2b,0x43,0x3c,0x2c,
    0x45,0x3d,0x2d,0x46,0x3f,0x2e,0x48,0x40,0x2e,0x4a,0x42,0x30,
    0x4b,0x44,0x31,0x4c,0x45,0x32,0x4d,0x46,0x34,0x4e,0x46,0x34,
    0x4d,0x46,0x34,0x4f,0x48,0x35,0x50,0x49,0x35,0x51,0x49,0x35,
    0x52,0x4a,0x37,0x53,0x4b,0x36,0x55,0x4d,0x37,0x55,0x4c,0x38,
    0x56,0x4e,0x3a,0x5a,0x51,0x3b,0x5d,0x54,0x3d,0x60,0x56,0x3e,
    0x67,0x5a,0x3f,0x6d,0x5f,0x42,0x74,0x66,0x47,0x7f,0x6f,0x51,
    0x86,0x74,0x55,0x8e,0x7b,0x5c,0x94,0x81,0x60,0x97,0x84,0x63,
    0x9d,0x89,0x69,0xa4,0x90,0x6d,0xaa,0x95,0x73,0xa9,0x94,0x74,
    0xa7,0x94,0x73,0x9a,0x89,0x69,0x8d,0x7e,0x61,0x96,0x86,0x67,
    0x9f,0x8e,0x6e,0xa2,0x91,0x6f,0xb2,0x9c,0x7b,0xba,0xa4,0x82,
    0xa0,0x8b,0x66,0xaa,0x95,0x70,0xd7,0xc5,0xa1,0xd9,0xc7,0xa3,
    0xe4,0xd2,0xae,0xfd,0xf0,0xd0,0xff,0xfb,0xde,0xff,0xf9,0xda,
    0xff,0xf6,0xd6,0xff,0xff,0xe3,0xff,0xff,0xe4,0xf9,0xef,0xcf,
    0xcf,0xc3,0xa2,0xaf,0xa5,0x85,0x90,0x85,0x69,0x83,0x79,0x5b,
    0x79,0x6f,0x53,0x74,0x6a,0x51,0x5c,0x56,0x41,0x53,0x4d,0x3c,
    0x54,0x4d,0x3b,0x4d,0x46,0x35,0x4b,0x45,0x35,0x48,0x42,0x32,
    0x44,0x3f,0x30,0x43,0x3d,0x2f,0x42,0x3c,0x2f,0x3f,0x3a,0x2e,
    0x25,0x22,0x1b,0x24,0x21,0x1a,0x24,0x21,0x1a,0x25,0x22,0x1b,
    0x25,0x22,0x1b,0x25,0x22,0x1b,0x25,0x22,0x1b,0x25,0x22,0x1b,
    0x25,0x22,0x1c,0x25,0x22,0x1c,0x26,0x23,0x1c,0x26,0x23,0x1d,
    0x26,0x23,0x1c,0x27,0x24,0x1b,0x27,0x24,0x1b,0x27,0x24,0x1b,
    0x29,0x26,0x1c,0x29,0x27,0x1c,0x2a,0x28,0x1b,0x2a,0x28,0x1b,
    0x2c,0x2a,0x1c,0x2c,0x2a,0x1d,0x2c,0x2a,0x1d,0x2c,0x2b,0x1d,
    0x2e,0x2b,0x1f,0x2f,0x2c,0x1f,0x2e,0x2c,0x1f,0x2f,0x2c,0x20,
    0x30,0x2d,0x21,0x30,0x2d,0x20,0x31,0x2d,0x21,0x31,0x2e,0x22,
    0x32,0x30,0x23,0x32,0x30,0x23,0x33,0x30,0x22,0x34,0x2f,0x23,
    0x32,0x30,0x23,0x33,0x2f,0x23,0x33,0x2f,0x23,0x33,0x2f,0x23,
    0x33,0x2f,0x24,0x34,0x30,0x24,0x34,0x30,0x24,0x34,0x30,0x24,
    0x34,0x30,0x24,0x34,0x30,0x25,0x35,0x31,0x25,0x35,0x32,0x24,
    0x35,0x31,0x25,0x37,0x32,0x26,0x36,0x32,0x25,0x38,0x33,0x26,
    0x39,0x34,0x26,0x39,0x34,0x26,0x3a,0x35,0x27,0x3b,0x36,0x28,
    0x3b,0x36,0x28,0x3c,0x38,0x29,0x3c,0x37,0x28,0x3e,0x38,0x2a,
    0x3f,0x39,0x2a,0x40,0x3a,0x2a,0x41,0x3b,0x2c,0x42,0x3b,0x2d,
    0x43,0x3c,0x2d,0x44,0x3d,0x2c,0x45,0x3e,0x2d,0x46,0x3f,0x2d,
    0x46,0x3f,0x2d,0x46,0x40,0x2e,0x47,0x40,0x2e,0x47,0x40,0x2e,
    0x47,0x40,0x2e,0x49,0x42,0x30,0x49,0x42,0x30,0x4a,0x43,0x30,
    0x4b,0x44,0x32,0x4c,0x45,0x33,0x4d,0x46,0x33,0x50,0x48,0x34,
    0x50,0x48,0x35,0x53,0x4b,0x36,0x55,0x4c,0x36,0x57,0x4d,0x38,
    0x5b,0x51,0x3a,0x5d,0x53,0x3c,0x5e,0x54,0x3c,0x60,0x55,0x3c,
    0x61,0x56,0x3d,0x69,0x5b,0x42,0x69,0x5b,0x42,0x6d,0x5f,0x45,
    0x6f,0x61,0x47,0x6c,0x5d,0x45,0x7a,0x6b,0x50,0x85,0x73,0x57,
    0x90,0x7c,0x5d,0x9b,0x86,0x67,0x9c,0x89,0x67,0x96,0x84,0x63,
    0x9b,0x89,0x68,0xa2,0x8f,0x6b,0x9c,0x87,0x60,0x9c,0x85,0x5d,
    0xa8,0x8f,0x65,0xb7,0x9d,0x74,0xc1,0xa7,0x7e,0xbe,0xa4,0x7c,
    0xbd,0xa4,0x7a,0xd0,0xb8,0x8f,0xbf,0xa8,0x82,0xad,0x97,0x70,
    0xba,0xa5,0x7e,0xdd,0xc7,0xa0,0xda,0xc4,0x9b,0xbf,0xab,0x83,
    0x95,0x85,0x60,0xd5,0xc5,0x9e,0xc4,0xb6,0x92,0x96,0x88,0x6b,
    0x79,0x6d,0x53,0x68,0x60,0x47,0x58,0x51,0x3e,0x59,0x52,0x40,
    0x59,0x51,0x41,0x53,0x4b,0x3f,0x4f,0x48,0x3d,0x54,0x4d,0x3e,
    0x23,0x20,0x19,0x24,0x21,0x1a,0x24,0x21,0x1a,0x24,0x21,0x1a,
    0x23,0x20,0x19,0x24,0x21,0x1a,0x24,0x21,0x1a,0x24,0x21,0x1a,
    0x25,0x22,0x1b,0x25,0x22,0x1b,0x25,0x22,0x1a,0x25,0x22,0x1b,
    0x24,0x21,0x1a,0x25,0x22,0x1a,0x26,0x23,0x19,0x26,0x23,0x1a,
    0x26,0x23,0x1a,0x27,0x24,0x1a,0x27,0x25,0x1a,0x28,0x26,0x1b,
    0x29,0x27,0x1c,0x29,0x27,0x1c,0x2a,0x28,0x1c,0x2a,0x28,0x1c,
    0x2b,0x29,0x1d,0x2c,0x2b,0x1e,0x2d,0x2b,0x1e,0x2d,0x2a,0x1d,
    0x2e,0x2b,0x1f,0x2d,0x2b,0x1e,0x2e,0x2c,0x1f,0x2e,0x2c,0x1f,
    0x2f,0x2d,0x20,0x2f,0x2d,0x20,0x30,0x2e,0x21,0x30,0x2d,0x21,
    0x30,0x2d,0x20,0x31,0x2d,0x21,0x31,0x2d,0x21,0x31,0x2d,0x21,
    0x32,0x2e,0x22,0x31,0x2d,0x21,0x32,0x2e,0x22,0x32,0x2e,0x22,
    0x33,0x2f,0x23,0x33,0x2f,0x23,0x33,0x2f,0x23,0x33,0x2f,0x23,
    0x33,0x2f,0x23,0x34,0x30,0x24,0x34,0x30,0x24,0x35,0x31,0x26,
    0x35,0x31,0x25,0x35,0x32,0x25,0x36,0x31,0x25,0x37,0x33,0x27,
    0x37,0x33,0x27,0x38,0x34,0x27,0x39,0x35,0x27,0x3a,0x35,0x27,
    0x39,0x35,0x28,0x39,0x36,0x29,0x3c,0x37,0x29,0x3c,0x37,0x29,
    0x3d,0x38,0x2a,0x3e,0x38,0x2a,0x3e,0x3a,0x2b,0x40,0x3b,0x2c,
    0x41,0x3a,0x2c,0x41,0x3a,0x2b,0x41,0x3a,0x2b,0x41,0x3b,0x2b,
    0x41,0x3c,0x2c,0x42,0x3c,0x2c,0x43,0x3d,0x2e,0x43,0x3c,0x2d,
    0x45,0x3e,0x2f,0x46,0x3f,0x2f,0x46,0x3f,0x2d,0x46,0x40,0x2e,
    0x47,0x41,0x2f,0x49,0x42,0x2f,0x4a,0x43,0x30,0x4b,0x44,0x31,
    0x4c,0x46,0x32,0x4e,0x47,0x34,0x4f,0x47,0x34,0x4f,0x48,0x34,
    0x51,0x49,0x35,0x4f,0x47,0x33,0x4f,0x47,0x33,0x50,0x48,0x34,
    0x50,0x48,0x34,0x51,0x47,0x34,0x51,0x48,0x33,0x54,0x49,0x35,
    0x56,0x4b,0x36,0x5a,0x4f,0x39,0x5f,0x53,0x3d,0x65,0x59,0x41,
    0x6d,0x61,0x47,0x73,0x65,0x4b,0x74,0x64,0x49,0x7b,0x6a,0x4d,
    0x80,0x6c,0x4e,0x82,0x6e,0x4e,0x80,0x6d,0x4c,0x87,0x74,0x51,
    0x8b,0x79,0x55,0x84,0x71,0x4f,0x7f,0x6b,0x49,0x78,0x65,0x46,
    0x77,0x66,0x48,0x77,0x67,0x4b,0x84,0x72,0x55,0x7c,0x6a,0x4e,
    0x99,0x85,0x65,0xe7,0xd3,0xa9,0xdb,0xc2,0x98,0xd9,0xbd,0x91,
    0x97,0x85,0x63,0x62,0x59,0x43,0x7b,0x6f,0x53,0x5f,0x57,0x42,
    0x6f,0x64,0x4c,0x94,0x84,0x60,0x94,0x87,0x68,0x6a,0x61,0x4c,
    0x22,0x1f,0x18,0x22,0x1f,0x18,0x22,0x1f,0x18,0x21,0x1e,0x17,
    0x23,0x20,0x19,0x23,0x20,0x19,0x22,0x1f,0x18,0x23,0x20,0x19,
    0x23,0x20,0x19,0x23,0x20,0x19,0x23,0x20,0x19,0x24,0x21,0x1a,
    0x24,0x21,0x1b,0x24,0x21,0x19,0x24,0x21,0x17,0x25,0x22,0x18,
    0x25,0x22,0x19,0x25,0x21,0x19,0x25,0x22,0x19,0x26,0x23,0x1a,
    0x27,0x24,0x1b,0x26,0x23,0x1a,0x27,0x24,0x1c,0x28,0x25,0x1c,
    0x28,0x25,0x1b,0x28,0x26,0x1b,0x29,0x27,0x1c,0x2a,0x28,0x1b,
    0x2b,0x29,0x1c,0x2c,0x2a,0x1d,0x2b,0x29,0x1c,0x2c,0x2a,0x1d,
    0x2c,0x2a,0x1d,0x2d,0x2b,0x1f,0x2d,0x2b,0x1e,0x2d,0x2c,0x1e,
    0x2e,0x2b,0x1e,0x2e,0x2a,0x1e,0x2f,0x2b,0x1f,0x2f,0x2b,0x1f,
    0x30,0x2b,0x20,0x2f,0x2d,0x20,0x30,0x2e,0x21,0x2f,0x2d,0x20,
    0x30,0x2e,0x21,0x30,0x2e,0x21,0x31,0x2f,0x22,0x32,0x2e,0x22,
    0x32,0x2e,0x22,0x32,0x2e,0x22,0x33,0x2f,0x23,0x34,0x30,0x24,
    0x33,0x30,0x24,0x32,0x2f,0x23,0x33,0x30,0x24,0x33,0x30,0x24,
    0x34,0x30,0x24,0x35,0x31,0x25,0x36,0x32,0x26,0x37,0x32,0x26,
    0x37,0x33,0x27,0x37,0x34,0x27,0x37,0x34,0x26,0x39,0x35,0x26,
    0x3a,0x35,0x27,0x3a,0x34,0x27,0x3b,0x35,0x27,0x3b,0x36,0x28,
    0x3a,0x36,0x28,0x3b,0x37,0x29,0x3b,0x38,0x29,0x3c,0x38,0x29,
    0x3d,0x37,0x29,0x3e,0x38,0x2a,0x3e,0x38,0x2a,0x3d,0x39,0x2b,
    0x3e,0x39,0x2b,0x40,0x3a,0x2c,0x40,0x3a,0x2b,0x41,0x3b,0x2c,
    0x42,0x3c,0x2d,0x42,0x3c,0x2d,0x43,0x3c,0x2e,0x44,0x3d,0x2c,
    0x44,0x3d,0x2c,0x44,0x3d,0x2c,0x46,0x3e,0x2d,0x45,0x3e,0x2d,
    0x46,0x3f,0x2d,0x45,0x3e,0x2d,0x46,0x3f,0x2d,0x46,0x3f,0x2e,
    0x47,0x3f,0x2e,0x46,0x3f,0x2f,0x47,0x40,0x2e,0x48,0x40,0x2e,
    0x48,0x42,0x2f,0x4a,0x42,0x30,0x4a,0x42,0x2f,0x4b,0x43,0x2f,
    0x4b,0x43,0x2f,0x4b,0x43,0x2f,0x4f,0x45,0x31,0x50,0x46,0x32,
    0x52,0x48,0x34,0x55,0x4a,0x35,0x58,0x4d,0x37,0x5e,0x51,0x3b,
    0x63,0x54,0x3d,0x5f,0x52,0x3b,0x5f,0x52,0x3c,0x61,0x54,0x3e,
    0x5f,0x52,0x3a,0x65,0x57,0x3f,0x64,0x57,0x3f,0x64,0x56,0x3d,
    0x6e,0x5e,0x44,0x75,0x63,0x46,0x69,0x56,0x3b,0x65,0x54,0x3b,
    0x61,0x55,0x3e,0x5b,0x50,0x3c,0x64,0x5a,0x43,0x5f,0x58,0x42,
    0x66,0x5c,0x44,0x76,0x67,0x48,0x86,0x75,0x56,0xa0,0x8d,0x69,
    0x21,0x1e,0x17,0x20,0x1d,0x16,0x21,0x1e,0x17,0x22,0x1f,0x18,
    0x21,0x1e,0x17,0x21,0x1e,0x17,0x22,0x1f,0x18,0x21,0x1e,0x17,
    0x21,0x1e,0x17,0x22,0x1f,0x18,0x22,0x1f,0x18,0x22,0x1f,0x18,
    0x23,0x20,0x19,0x23,0x20,0x19,0x23,0x20,0x17,0x22,0x1f,0x17,
    0x24,0x21,0x18,0x23,0x20,0x17,0x23,0x20,0x18,0x25,0x22,0x19,
    0x24,0x21,0x19,0x25,0x22,0x1a,0x25,0x22,0x19,0x26,0x23,0x1a,
    0x27,0x24,0x1c,0x27,0x24,0x1b,0x27,0x24,0x1b,0x27,0x24,0x1b,
    0x28,0x25,0x1b,0x29,0x27,0x1a,0x29,0x27,0x1b,0x29,0x27,0x1c,
    0x2a,0x27,0x1d,0x2a,0x27,0x1e,0x2a,0x28,0x1c,0x2b,0x29,0x1c,
    0x2b,0x29,0x1d,0x2b,0x29,0x1c,0x2c,0x2a,0x1d,0x2c,0x2a,0x1d,
    0x2c,0x2a,0x1d,0x2e,0x2c,0x1f,0x2d,0x2b,0x1e,0x2d,0x2b,0x1e,
    0x2d,0x2b,0x1e,0x2e,0x2d,0x1f,0x2f,0x2d,0x1f,0x2f,0x2d,0x20,
    0x2f,0x2d,0x20,0x30,0x2e,0x21,0x31,0x2f,0x22,0x30,0x2e,0x21,
    0x31,0x2f,0x22,0x31,0x30,0x22,0x32,0x30,0x23,0x32,0x30,0x23,
    0x32,0x30,0x23,0x31,0x2f,0x22,0x33,0x30,0x24,0x35,0x31,0x25,
    0x34,0x32,0x24,0x34,0x32,0x24,0x35,0x33,0x24,0x36,0x34,0x24,
    0x36,0x32,0x25,0x36,0x32,0x26,0x36,0x33,0x25,0x37,0x34,0x26,
    0x37,0x34,0x26,0x37,0x34,0x26,0x38,0x34,0x26,0x39,0x34,0x27,
    0x3a,0x34,0x27,0x3a,0x35,0x27,0x3a,0x34,0x26,0x38,0x35,0x26,
    0x3a,0x35,0x27,0x3b,0x36,0x28,0x3b,0x36,0x29,0x3d,0x37,0x29,
    0x3d,0x37,0x29,0x3b,0x37,0x28,0x3b,0x38,0x29,0x3b,0x37,0x28,
    0x3d,0x37,0x29,0x3d,0x38,0x29,0x3e,0x38,0x29,0x3e,0x38,0x28,
    0x3f,0x39,0x29,0x3f,0x39,0x29,0x3f,0x39,0x2a,0x40,0x3a,0x2b,
    0x3f,0x39,0x2a,0x3f,0x39,0x2a,0x3f,0x39,0x29,0x3f,0x39,0x28,
    0x3f,0x39,0x29,0x42,0x3b,0x2b,0x42,0x3b,0x2b,0x43,0x3c,0x2b,
    0x43,0x3c,0x2b,0x45,0x3d,0x2c,0x45,0x3c,0x2c,0x46,0x3e,0x2c,
    0x47,0x3f,0x2c,0x47,0x3f,0x2c,0x48,0x41,0x2c,0x48,0x3f,0x2c,
    0x47,0x3f,0x2c,0x47,0x3f,0x2c,0x46,0x3e,0x2b,0x45,0x3e,0x2c,
    0x46,0x3f,0x2c,0x47,0x3f,0x2d,0x48,0x40,0x2e,0x4a,0x42,0x2f,
    0x4b,0x42,0x30,0x4a,0x41,0x30,0x49,0x41,0x31,0x48,0x40,0x2f,
    0x4a,0x43,0x31,0x4d,0x46,0x34,0x4a,0x43,0x33,0x54,0x4c,0x3a,
    0x4e,0x47,0x35,0x46,0x3f,0x2e,0x48,0x40,0x2e,0x5b,0x4f,0x38,
    0x1e,0x1b,0x14,0x1f,0x1c,0x15,0x20,0x1d,0x16,0x20,0x1d,0x16,
    0x20,0x1d,0x16,0x20,0x1d,0x16,0x21,0x1e,0x17,0x20,0x1d,0x16,
    0x21,0x1e,0x17,0x21,0x1e,0x17,0x21,0x1e,0x17,0x21,0x1e,0x17,
    0x21,0x1e,0x17,0x22,0x1f,0x18,0x21,0x1e,0x18,0x21,0x1e,0x18,
    0x22,0x1f,0x18,0x22,0x1f,0x18,0x23,0x20,0x19,0x24,0x21,0x1a,
    0x24,0x21,0x1a,0x24,0x21,0x1a,0x24,0x21,0x1a,0x25,0x22,0x1b,
    0x24,0x21,0x1a,0x25,0x22,0x1a,0x26,0x23,0x1a,0x26,0x23,0x1a,
    0x26,0x23,0x1a,0x27,0x24,0x1b,0x28,0x25,0x1b,0x28,0x25,0x1a,
    0x28,0x25,0x1a,0x27,0x24,0x1b,0x27,0x24,0x1b,0x28,0x25,0x1c,
    0x28,0x25,0x1c,0x29,0x27,0x1d,0x29,0x27,0x1a,0x2a,0x28,0x1c,
    0x2a,0x28,0x1d,0x2a,0x28,0x1d,0x2a,0x28,0x1e,0x2b,0x28,0x1d,
    0x2b,0x28,0x1e,0x2b,0x29,0x1e,0x2b,0x29,0x1e,0x2c,0x2a,0x1e,
    0x2c,0x2a,0x1e,0x2e,0x2c,0x1e,0x2d,0x2b,0x1e,0x2e,0x2c,0x1f,
    0x2e,0x2c,0x1f,0x2f,0x2d,0x20,0x2f,0x2d,0x20,0x2f,0x2d,0x20,
    0x30,0x2e,0x21,0x30,0x2e,0x21,0x31,0x2f,0x22,0x31,0x2f,0x22,
    0x31,0x30,0x23,0x32,0x30,0x23,0x32,0x30,0x22,0x33,0x30,0x23,
    0x34,0x30,0x24,0x34,0x30,0x24,0x33,0x31,0x24,0x34,0x32,0x25,
    0x33,0x31,0x24,0x34,0x32,0x24,0x35,0x31,0x24,0x36,0x32,0x25,
    0x35,0x32,0x25,0x35,0x32,0x25,0x35,0x33,0x25,0x35,0x33,0x25,
    0x35,0x32,0x24,0x36,0x33,0x26,0x36,0x32,0x26,0x37,0x33,0x26,
    0x36,0x32,0x25,0x36,0x33,0x26,0x37,0x34,0x26,0x36,0x32,0x25,
    0x36,0x32,0x26,0x37,0x33,0x27,0x37,0x33,0x27,0x38,0x34,0x28,
    0x38,0x34,0x27,0x37,0x34,0x25,0x38,0x35,0x27,0x38,0x34,0x27,
    0x38,0x34,0x27,0x38,0x34,0x27,0x38,0x34,0x27,0x38,0x35,0x28,
    0x39,0x35,0x28,0x3b,0x36,0x29,0x3b,0x36,0x28,0x3c,0x36,0x29,
    0x3c,0x36,0x28,0x3d,0x37,0x28,0x3e,0x37,0x28,0x3f,0x38,0x29,
    0x3f,0x38,0x28,0x3f,0x38,0x29,0x3f,0x38,0x28,0x40,0x39,0x28,
    0x3f,0x39,0x27,0x3f,0x39,0x28,0x40,0x39,0x29,0x3f,0x38,0x27,
    0x3f,0x38,0x27,0x40,0x39,0x28,0x3f,0x39,0x27,0x3f,0x38,0x28,
    0x40,0x39,0x28,0x3f,0x39,0x29,0x3f,0x39,0x29,0x40,0x39,0x29,
    0x40,0x38,0x29,0x3e,0x37,0x29,0x3e,0x37,0x2a,0x3c,0x37,0x29,
    0x3d,0x38,0x29,0x3f,0x39,0x29,0x41,0x3b,0x2a,0x40,0x3a,0x29,
    0x1d,0x1c,0x14,0x1e,0x1b,0x14,0x1f,0x1c,0x15,0x1f,0x1c,0x15,
    0x1f,0x1c,0x15,0x1f,0x1c,0x15,0x1f,0x1c,0x15,0x1f,0x1c,0x15,
    0x20,0x1d,0x16,0x20,0x1d,0x16,0x20,0x1d,0x16,0x20,0x1d,0x16,
    0x21,0x1e,0x17,0x21,0x1e,0x17,0x21,0x1e,0x17,0x21,0x1e,0x17,
    0x21,0x1e,0x17,0x22,0x1f,0x18,0x22,0x1f,0x18,0x22,0x1f,0x18,
    0x23,0x20,0x19,0x23,0x20,0x19,0x23,0x20,0x19,0x23,0x20,0x19,
    0x23,0x20,0x19,0x24,0x21,0x1a,0x24,0x21,0x1a,0x24,0x21,0x18,
    0x24,0x21,0x18,0x24,0x21,0x18,0x25,0x22,0x19,0x26,0x23,0x1a,
    0x25,0x22,0x19,0x25,0x22,0x19,0x26,0x23,0x1a,0x27,0x24,0x1b,
    0x27,0x24,0x1b,0x26,0x24,0x1a,0x27,0x25,0x1a,0x28,0x25,0x1b,
    0x28,0x25,0x1c,0x29,0x26,0x1d,0x28,0x25,0x1c,0x28,0x25,0x1c,
    0x29,0x26,0x1d,0x29,0x26,0x1d,0x29,0x26,0x1d,0x29,0x26,0x1e,
    0x2a,0x27,0x1e,0x2b,0x29,0x1d,0x2a,0x28,0x1c,0x2c,0x2a,0x1d,
    0x2c,0x2a,0x1d,0x2c,0x2a,0x1d,0x2d,0x2b,0x1e,0x2d,0x2b,0x1e,
    0x2d,0x2b,0x1e,0x2e,0x2c,0x1f,0x2f,0x2d,0x1f,0x2f,0x2d,0x20,
    0x2f,0x2d,0x20,0x30,0x2e,0x21,0x31,0x2f,0x22,0x30,0x2e,0x21,
    0x30,0x2d,0x21,0x30,0x2e,0x21,0x31,0x2f,0x22,0x31,0x2f,0x22,
    0x32,0x30,0x23,0x31,0x2f,0x22,0x32,0x30,0x23,0x32,0x30,0x23,
    0x33,0x31,0x24,0x32,0x30,0x23,0x31,0x2f,0x23,0x32,0x30,0x24,
    0x32,0x30,0x24,0x32,0x30,0x23,0x32,0x31,0x24,0x32,0x30,0x23,
    0x33,0x30,0x24,0x33,0x30,0x23,0x33,0x2f,0x23,0x33,0x2f,0x23,
    0x32,0x2e,0x22,0x33,0x2f,0x23,0x33,0x2e,0x22,0x34,0x30,0x24,
    0x33,0x2f,0x23,0x34,0x30,0x24,0x34,0x30,0x24,0x33,0x2f,0x23,
    0x33,0x2f,0x23,0x33,0x2f,0x23,0x33,0x2f,0x23,0x33,0x2f,0x23,
    0x34,0x30,0x24,0x35,0x31,0x25,0x35,0x31,0x25,0x35,0x31,0x25,
    0x36,0x32,0x25,0x36,0x31,0x24,0x37,0x32,0x23,0x38,0x32,0x25,
    0x38,0x33,0x25,0x39,0x33,0x25,0x39,0x33,0x25,0x39,0x33,0x24,
    0x38,0x32,0x24,0x38,0x32,0x24,0x38,0x32,0x24,0x39,0x33,0x24,
    0x39,0x32,0x23,0x38,0x32,0x23,0x39,0x33,0x24,0x3a,0x34,0x26,
    0x39,0x33,0x26,0x39,0x33,0x25,0x3a,0x33,0x25,0x3b,0x33,0x25,
    0x3a,0x32,0x26,0x37,0x32,0x25,0x37,0x32,0x25,0x37,0x33,0x26,
    0x36,0x32,0x26,0x38,0x33,0x27,0x39,0x34,0x26,0x39,0x35,0x27,
    0x1b,0x1b,0x13,0x1c,0x1a,0x13,0x1d,0x1a,0x13,0x1e,0x1b,0x14,
    0x1e,0x1b,0x14,0x1e,0x1b,0x14,0x1f,0x1c,0x15,0x1e,0x1b,0x14,
    0x1e,0x1b,0x14,0x1f,0x1c,0x15,0x1f,0x1c,0x15,0x1f,0x1c,0x15,
    0x20,0x1d,0x16,0x20,0x1d,0x16,0x20,0x1d,0x16,0x20,0x1d,0x16,
    0x20,0x1d,0x16,0x20,0x1d,0x16,0x21,0x1e,0x17,0x21,0x1e,0x17,
    0x21,0x1e,0x17,0x21,0x1e,0x17,0x22,0x1f,0x18,0x23,0x20,0x19,
    0x22,0x1f,0x18,0x22,0x1f,0x18,0x23,0x20,0x18,0x22,0x1f,0x18,
    0x22,0x1f,0x18,0x23,0x20,0x17,0x24,0x21,0x18,0x24,0x21,0x18,
    0x24,0x21,0x18,0x24,0x21,0x18,0x24,0x21,0x18,0x25,0x22,0x19,
    0x25,0x22,0x19,0x25,0x22,0x19,0x25,0x22,0x19,0x26,0x23,0x1a,
    0x26,0x23,0x1b,0x27,0x24,0x1b,0x26,0x23,0x1a,0x26,0x23,0x19,
    0x27,0x24,0x1a,0x28,0x25,0x1c,0x28,0x25,0x1b,0x28,0x25,0x1b,
    0x29,0x26,0x1c,0x29,0x27,0x1b,0x29,0x27,0x1b,0x2b,0x29,0x1c,
    0x2a,0x28,0x1b,0x2a,0x28,0x1c,0x2b,0x29,0x1d,0x2b,0x28,0x1e,
    0x2b,0x28,0x1d,0x2b,0x29,0x1e,0x2b,0x29,0x1d,0x2c,0x2a,0x1e,
    0x2d,0x2b,0x1e,0x2d,0x2b,0x1e,0x2d,0x2b,0x1e,0x2d,0x2b,0x1e,
    0x2d,0x2b,0x1e,0x2e,0x2c,0x1f,0x2f,0x2d,0x20,0x2e,0x2c,0x1f,
    0x2f,0x2d,0x20,0x2e,0x2c,0x1f,0x2f,0x2d,0x20,0x30,0x2e,0x20,
    0x30,0x2e,0x21,0x2f,0x2d,0x20,0x2e,0x2c,0x1f,0x2f,0x2d,0x20,
    0x2f,0x2d,0x20,0x2f,0x2d,0x20,0x2f,0x2d,0x20,0x30,0x2d,0x20,
    0x2f,0x2d,0x20,0x2f,0x2c,0x1f,0x2f,0x2c,0x20,0x30,0x2e,0x21,
    0x30,0x2d,0x20,0x2f,0x2c,0x1f,0x2f,0x2b,0x1f,0x2f,0x2c,0x20,
    0x30,0x2d,0x20,0x2f,0x2d,0x20,0x2f,0x2d,0x20,0x2f,0x2d,0x20,
    0x2f,0x2c,0x20,0x30,0x2c,0x20,0x2f,0x2d,0x20,0x2f,0x2c,0x1f,
    0x30,0x2d,0x20,0x31,0x2d,0x21,0x31,0x2d,0x21,0x32,0x2e,0x22,
    0x30,0x2c,0x21,0x30,0x2c,0x20,0x30,0x2c,0x20,0x2f,0x2c,0x20,
    0x31,0x2c,0x21,0x32,0x2d,0x21,0x33,0x2e,0x22,0x32,0x2d,0x21,
    0x31,0x2d,0x21,0x32,0x2e,0x22,0x32,0x2d,0x22,0x32,0x2d,0x21,
    0x32,0x2e,0x21,0x32,0x2d,0x21,0x32,0x2e,0x22,0x32,0x2d,0x21,
    0x31,0x2d,0x21,0x32,0x2e,0x22,0x32,0x2e,0x22,0x32,0x2e,0x21,
    0x32,0x2d,0x21,0x31,0x2d,0x22,0x31,0x2d,0x22,0x31,0x2e,0x22,
    0x32,0x2e,0x22,0x32,0x2e,0x22,0x32,0x2e,0x23,0x32,0x2e,0x23,
    0x1a,0x1a,0x12,0x1a,0x19,0x12,0x1c,0x19,0x12,0x1d,0x1a,0x13,
    0x1d,0x1a,0x13,0x1d,0x1a,0x13,0x1c,0x19,0x12,0x1d,0x1a,0x13,
    0x1d,0x1a,0x13,0x1d,0x1a,0x13,0x1e,0x1b,0x14,0x1e,0x1b,0x14,
    0x1f,0x1c,0x15,0x1f,0x1c,0x15,0x1f,0x1c,0x15,0x1f,0x1c,0x15,
    0x20,0x1d,0x16,0x1f,0x1c,0x15,0x20,0x1d,0x16,0x20,0x1d,0x16,
    0x20,0x1d,0x16,0x20,0x1d,0x16,0x21,0x1e,0x17,0x21,0x1e,0x17,
    0x21,0x1e,0x17,0x22,0x1f,0x18,0x21,0x1e,0x17,0x21,0x1e,0x17,
    0x22,0x1f,0x18,0x22,0x1f,0x17,0x22,0x1f,0x18,0x22,0x1f,0x17,
    0x23,0x20,0x17,0x22,0x1f,0x16,0x23,0x20,0x18,0x23,0x20,0x17,
    0x23,0x20,0x17,0x23,0x20,0x17,0x24,0x21,0x18,0x25,0x22,0x19,
    0x24,0x21,0x18,0x24,0x21,0x18,0x25,0x22,0x19,0x26,0x23,0x1a,
    0x25,0x22,0x19,0x26,0x23,0x19,0x26,0x23,0x1a,0x26,0x23,0x1a,
    0x26,0x24,0x1a,0x27,0x25,0x19,0x27,0x25,0x19,0x28,0x26,0x19,
    0x28,0x26,0x1a,0x28,0x26,0x1a,0x28,0x25,0x1b,0x28,0x25,0x1c,
    0x28,0x25,0x1c,0x29,0x26,0x1d,0x29,0x26,0x1c,0x29,0x27,0x1c,
    0x29,0x27,0x1c,0x2a,0x27,0x1e,0x29,0x27,0x1e,0x2a,0x27,0x1d,
    0x2b,0x28,0x1d,0x2a,0x28,0x1d,0x2c,0x29,0x1e,0x2a,0x28,0x1d,
    0x2c,0x29,0x1e,0x2c,0x29,0x1e,0x2c,0x2a,0x1f,0x2c,0x2a,0x1e,
    0x2b,0x29,0x1d,0x2b,0x29,0x1e,0x2c,0x2a,0x1e,0x2b,0x29,0x1d,
    0x2c,0x2a,0x1e,0x2c,0x2b,0x1d,0x2c,0x2a,0x1d,0x2c,0x2a,0x1d,
    0x2c,0x2a,0x1d,0x2c,0x2a,0x1d,0x2c,0x2a,0x1e,0x2c,0x2b,0x1e,
    0x2c,0x2a,0x1d,0x2c,0x2a,0x1d,0x2b,0x29,0x1c,0x2b,0x29,0x1c,
    0x2b,0x2a,0x1c,0x2b,0x29,0x1d,0x2b,0x29,0x1c,0x2b,0x29,0x1c,
    0x2b,0x29,0x1c,0x2b,0x29,0x1d,0x2c,0x2a,0x1d,0x2c,0x2a,0x1e,
    0x2b,0x29,0x1d,0x2b,0x29,0x1d,0x2b,0x28,0x1d,0x2c,0x28,0x1d,
    0x2b,0x28,0x1d,0x2b,0x27,0x1c,0x2c,0x28,0x1d,0x2d,0x29,0x1e,
    0x2c,0x28,0x1d,0x2b,0x28,0x1c,0x2b,0x28,0x1c,0x2c,0x28,0x1c,
    0x2c,0x28,0x1c,0x2d,0x29,0x1d,0x2d,0x29,0x1d,0x2d,0x28,0x1d,
    0x2d,0x29,0x1d,0x2d,0x29,0x1d,0x2d,0x29,0x1d,0x2e,0x29,0x1e,
    0x2e,0x2a,0x1e,0x2e,0x2a,0x1f,0x2e,0x2a,0x20,0x2e,0x2a,0x1f,
    0x2d,0x29,0x1e,0x2e,0x2a,0x1f,0x2e,0x2a,0x1f,0x2e,0x2b,0x1f,
    0x2e,0x2b,0x1f,0x2d,0x29,0x1e,0x2e,0x2a,0x1f,0x2e,0x2a,0x1f,
    0x19,0x19,0x11,0x19,0x19,0x11,0x19,0x19,0x11,0x1b,0x19,0x12,
    0x1b,0x18,0x11,0x1b,0x18,0x11,0x1d,0x1a,0x12,0x1c,0x19,0x12,
    0x1c,0x19,0x12,0x1c,0x19,0x12,0x1d,0x1a,0x13,0x1d,0x1a,0x13,
    0x1e,0x1b,0x14,0x1e,0x1b,0x14,0x1e,0x1b,0x14,0x1e,0x1b,0x14,
    0x1e,0x1b,0x14,0x1e,0x1b,0x14,0x1f,0x1c,0x15,0x1f,0x1c,0x15,
    0x1f,0x1c,0x15,0x1f,0x1c,0x15,0x20,0x1d,0x16,0x20,0x1d,0x16,
    0x21,0x1e,0x17,0x20,0x1d,0x16,0x21,0x1e,0x17,0x20,0x1d,0x16,
    0x20,0x1d,0x16,0x20,0x1d,0x16,0x21,0x1e,0x17,0x22,0x1f,0x18,
    0x21,0x1e,0x17,0x22,0x1f,0x17,0x21,0x1e,0x17,0x22,0x1f,0x18,
    0x22,0x1f,0x18,0x22,0x1f,0x17,0x22,0x1f,0x18,0x23,0x20,0x19,
    0x24,0x21,0x19,0x23,0x20,0x18,0x24,0x21,0x19,0x24,0x21,0x1a,
    0x24,0x21,0x19,0x24,0x21,0x18,0x24,0x21,0x18,0x24,0x21,0x19,
    0x24,0x21,0x18,0x25,0x23,0x18,0x26,0x24,0x19,0x26,0x23,0x19,
    0x27,0x24,0x19,0x27,0x24,0x19,0x26,0x23,0x1a,0x27,0x24,0x1b,
    0x26,0x23,0x1a,0x27,0x24,0x1b,0x27,0x24,0x1b,0x27,0x24,0x1b,
    0x28,0x25,0x1c,0x29,0x25,0x1c,0x28,0x25,0x1c,0x28,0x25,0x1c,
    0x28,0x25,0x1c,0x29,0x26,0x1d,0x29,0x26,0x1d,0x29,0x25,0x1d,
    0x29,0x26,0x1d,0x29,0x26,0x1d,0x29,0x26,0x1e,0x2a,0x26,0x1e,
    0x29,0x26,0x1d,0x28,0x25,0x1d,0x29,0x26,0x1d,0x28,0x25,0x1c,
    0x2a,0x27,0x1d,0x29,0x26,0x1b,0x28,0x26,0x1b,0x29,0x26,0x1b,
    0x28,0x26,0x1b,0x2a,0x27,0x1c,0x29,0x27,0x1b,0x28,0x26,0x1b,
    0x28,0x26,0x1a,0x28,0x26,0x1c,0x28,0x26,0x1c,0x28,0x25,0x1b,
    0x28,0x26,0x1a,0x28,0x26,0x1a,0x28,0x26,0x1a,0x27,0x25,0x19,
    0x28,0x26,0x1a,0x28,0x26,0x1b,0x28,0x26,0x1a,0x28,0x26,0x1a,
    0x28,0x26,0x1a,0x28,0x26,0x1a,0x28,0x26,0x19,0x27,0x26,0x19,
    0x28,0x26,0x1a,0x27,0x25,0x19,0x28,0x25,0x19,0x28,0x26,0x1a,
    0x28,0x25,0x1a,0x29,0x24,0x1a,0x28,0x24,0x19,0x29,0x25,0x19,
    0x28,0x25,0x1a,0x28,0x25,0x1a,0x29,0x25,0x1a,0x29,0x26,0x1a,
    0x28,0x25,0x19,0x29,0x26,0x1a,0x2a,0x27,0x1b,0x2a,0x27,0x1c,
    0x2a,0x26,0x1b,0x2a,0x26,0x1b,0x2b,0x26,0x1b,0x2b,0x27,0x1c,
    0x2a,0x26,0x1b,0x2a,0x26,0x1b,0x2b,0x27,0x1c,0x2b,0x26,0x1c,
    0x2b,0x27,0x1d,0x2b,0x27,0x1c,0x2b,0x27,0x1c,0x2b,0x27,0x1c,
    0x17,0x17,0x0f,0x18,0x18,0x10,0x18,0x18,0x10,0x18,0x17,0x10,
    0x1a,0x18,0x11,0x1b,0x18,0x11,0x1b,0x18,0x12,0x1b,0x18,0x12,
    0x1b,0x18,0x12,0x1b,0x18,0x12,0x1b,0x18,0x12,0x1c,0x19,0x12,
    0x1c,0x19,0x13,0x1c,0x19,0x13,0x1c,0x19,0x13,0x1c,0x19,0x12,
    0x1d,0x1a,0x13,0x1e,0x1b,0x14,0x1e,0x1b,0x14,0x1e,0x1b,0x14,
    0x1e,0x1b,0x14,0x1e,0x1b,0x14,0x1f,0x1c,0x15,0x1f,0x1c,0x16,
    0x1f,0x1c,0x15,0x1e,0x1b,0x14,0x1f,0x1c,0x15,0x20,0x1d,0x16,
    0x1f,0x1c,0x16,0x1f,0x1c,0x15,0x20,0x1d,0x16,0x20,0x1d,0x16,
    0x21,0x1e,0x17,0x21,0x1e,0x17,0x21,0x1e,0x17,0x21,0x1e,0x17,
    0x21,0x1e,0x17,0x21,0x1e,0x17,0x21,0x1e,0x17,0x21,0x1e,0x17,
    0x22,0x1f,0x18,0x21,0x1e,0x17,0x22,0x1f,0x18,0x23,0x20,0x19,
    0x22,0x1f,0x17,0x23,0x20,0x17,0x23,0x20,0x17,0x23,0x20,0x17,
    0x23,0x20,0x17,0x23,0x20,0x17,0x23,0x20,0x17,0x24,0x21,0x18,
    0x24,0x21,0x18,0x24,0x21,0x17,0x24,0x21,0x18,0x25,0x22,0x19,
    0x25,0x22,0x19,0x26,0x23,0x1a,0x25,0x22,0x19,0x26,0x23,0x1a,
    0x26,0x23,0x1a,0x26,0x23,0x1a,0x26,0x23,0x1a,0x27,0x24,0x1b,
    0x27,0x24,0x1b,0x27,0x24,0x1b,0x27,0x24,0x1b,0x28,0x24,0x1b,
    0x28,0x24,0x1b,0x28,0x24,0x1b,0x27,0x24,0x1b,0x27,0x24,0x1b,
    0x27,0x24,0x1b,0x27,0x24,0x1b,0x27,0x24,0x1b,0x26,0x23,0x1a,
    0x27,0x24,0x1b,0x27,0x24,0x1b,0x26,0x24,0x1a,0x27,0x24,0x1a,
    0x26,0x23,0x1a,0x26,0x24,0x1a,0x26,0x23,0x1a,0x25,0x22,0x19,
    0x26,0x23,0x1a,0x26,0x22,0x1a,0x26,0x22,0x1a,0x25,0x22,0x19,
    0x25,0x22,0x19,0x25,0x23,0x18,0x26,0x23,0x18,0x26,0x24,0x18,
    0x25,0x23,0x17,0x25,0x23,0x17,0x24,0x22,0x16,0x24,0x22,0x16,
    0x24,0x22,0x16,0x24,0x22,0x16,0x24,0x22,0x15,0x24,0x22,0x16,
    0x24,0x22,0x16,0x24,0x22,0x16,0x24,0x22,0x16,0x24,0x22,0x16,
    0x24,0x20,0x15,0x25,0x21,0x16,0x24,0x21,0x15,0x25,0x21,0x16,
    0x24,0x22,0x16,0x23,0x22,0x16,0x24,0x22,0x16,0x24,0x22,0x16,
    0x24,0x22,0x16,0x25,0x23,0x17,0x25,0x22,0x16,0x25,0x22,0x17,
    0x25,0x23,0x17,0x25,0x22,0x16,0x26,0x22,0x17,0x27,0x23,0x18,
    0x27,0x23,0x18,0x28,0x24,0x19,0x27,0x23,0x18,0x27,0x23,0x18,
    0x28,0x24,0x19,0x28,0x24,0x19,0x28,0x24,0x19,0x28,0x24,0x19,
    0x16,0x16,0x0e,0x17,0x17,0x0f,0x17,0x17,0x0f,0x17,0x17,0x0f,
    0x17,0x17,0x0f,0x1a,0x17,0x12,0x1a,0x16,0x12,0x1a,0x17,0x12,
    0x1a,0x17,0x12,0x1b,0x18,0x11,0x1b,0x18,0x11,0x1b,0x18,0x11,
    0x1b,0x18,0x11,0x1b,0x18,0x12,0x1b,0x18,0x11,0x1b,0x18,0x11,
    0x1c,0x19,0x12,0x1c,0x19,0x12,0x1c,0x19,0x12,0x1c,0x19,0x12,
    0x1d,0x1a,0x13,0x1d,0x1a,0x13,0x1d,0x1a,0x13,0x1e,0x1b,0x14,
    0x1e,0x1b,0x14,0x1e,0x1b,0x14,0x1e,0x1b,0x14,0x1f,0x1c,0x15,
    0x1f,0x1c,0x15,0x1f,0x1c,0x15,0x1e,0x1b,0x14,0x1e,0x1b,0x14,
    0x1f,0x1c,0x15,0x1f,0x1c,0x15,0x20,0x1d,0x16,0x20,0x1d,0x16,
    0x1f,0x1c,0x15,0x20,0x1d,0x16,0x20,0x1d,0x16,0x20,0x1d,0x16,
    0x21,0x1e,0x17,0x21,0x1e,0x17,0x21,0x1e,0x17,0x21,0x1e,0x17,
    0x21,0x1e,0x16,0x21,0x1e,0x15,0x22,0x1f,0x16,0x22,0x1f,0x16,
    0x22,0x1f,0x16,0x22,0x1f,0x16,0x22,0x1f,0x16,0x22,0x20,0x16,
    0x23,0x20,0x17,0x23,0x20,0x17,0x23,0x20,0x17,0x24,0x21,0x18,
    0x23,0x20,0x17,0x24,0x20,0x17,0x23,0x20,0x18,0x24,0x21,0x18,
    0x24,0x21,0x18,0x24,0x21,0x18,0x25,0x22,0x19,0x25,0x22,0x19,
    0x25,0x22,0x19,0x25,0x22,0x19,0x26,0x23,0x19,0x26,0x22,0x19,
    0x26,0x23,0x1a,0x26,0x23,0x1a,0x26,0x23,0x1a,0x25,0x22,0x19,
    0x25,0x22,0x19,0x25,0x22,0x19,0x25,0x22,0x19,0x24,0x21,0x18,
    0x24,0x21,0x18,0x25,0x22,0x19,0x25,0x22,0x19,0x25,0x22,0x19,
    0x25,0x22,0x19,0x24,0x21,0x18,0x24,0x21,0x18,0x23,0x20,0x17,
    0x23,0x20,0x17,0x24,0x21,0x18,0x23,0x20,0x17,0x23,0x20,0x17,
    0x22,0x1f,0x16,0x23,0x1f,0x17,0x23,0x20,0x17,0x22,0x1f,0x16,
    0x22,0x1f,0x15,0x21,0x1e,0x14,0x21,0x1e,0x15,0x20,0x1d,0x15,
    0x20,0x1e,0x13,0x21,0x1e,0x15,0x21,0x1e,0x16,0x21,0x1e,0x14,
    0x21,0x1e,0x14,0x20,0x1d,0x13,0x20,0x1d,0x15,0x20,0x1e,0x15,
    0x20,0x1c,0x13,0x20,0x1d,0x14,0x1f,0x1c,0x13,0x1f,0x1c,0x14,
    0x20,0x1d,0x14,0x1f,0x1c,0x14,0x20,0x1d,0x14,0x20,0x1d,0x14,
    0x20,0x1d,0x14,0x21,0x1e,0x14,0x20,0x1d,0x14,0x20,0x1d,0x15,
    0x21,0x1f,0x15,0x21,0x1f,0x14,0x22,0x20,0x14,0x24,0x20,0x15,
    0x24,0x20,0x15,0x23,0x21,0x15,0x23,0x20,0x15,0x24,0x20,0x16,
    0x24,0x21,0x16,0x23,0x21,0x15,0x25,0x21,0x16,0x24,0x20,0x15,
    0x15,0x15,0x0f,0x16,0x15,0x0f,0x16,0x16,0x0e,0x16,0x17,0x0f,
    0x16,0x16,0x0f,0x18,0x16,0x11,0x18,0x15,0x10,0x18,0x16,0x10,
    0x19,0x16,0x11,0x19,0x16,0x0f,0x1a,0x17,0x10,0x1a,0x17,0x10,
    0x1b,0x18,0x11,0x1a,0x17,0x11,0x1a,0x17,0x11,0x1b,0x18,0x12,
    0x1b,0x18,0x12,0x1b,0x18,0x12,0x1b,0x18,0x12,0x1b,0x18,0x11,
    0x1b,0x18,0x12,0x1c,0x19,0x12,0x1c,0x19,0x13,0x1d,0x1a,0x14,
    0x1d,0x1a,0x13,0x1d,0x1a,0x13,0x1d,0x1a,0x14,0x1d,0x1a,0x14,
    0x1d,0x1a,0x14,0x1e,0x1b,0x14,0x1e,0x1b,0x14,0x1e,0x1b,0x14,
    0x1e,0x1b,0x14,0x1e,0x1b,0x14,0x1e,0x1b,0x14,0x1f,0x1c,0x15,
    0x1f,0x1c,0x15,0x1f,0x1c,0x15,0x1f,0x1c,0x15,0x1f,0x1c,0x15,
    0x1f,0x1c,0x16,0x1f,0x1c,0x15,0x20,0x1d,0x16,0x20,0x1d,0x16,
    0x20,0x1d,0x16,0x21,0x1e,0x15,0x20,0x1d,0x14,0x21,0x1d,0x14,
    0x20,0x1d,0x14,0x20,0x1d,0x14,0x21,0x1e,0x15,0x21,0x1e,0x15,
    0x21,0x1e,0x15,0x22,0x1f,0x16,0x22,0x1f,0x16,0x21,0x1e,0x15,
    0x21,0x1e,0x15,0x22,0x1f,0x15,0x22,0x1f,0x16,0x23,0x20,0x17,
    0x23,0x20,0x17,0x23,0x20,0x17,0x23,0x20,0x17,0x22,0x1f,0x16,
    0x23,0x20,0x17,0x24,0x21,0x18,0x24,0x21,0x18,0x23,0x21,0x18,
    0x24,0x21,0x18,0x25,0x22,0x19,0x24,0x21,0x18,0x23,0x20,0x17,
    0x24,0x21,0x18,0x24,0x21,0x18,0x24,0x21,0x18,0x24,0x21,0x18,
    0x24,0x21,0x18,0x24,0x21,0x18,0x24,0x21,0x18,0x23,0x20,0x17,
    0x23,0x20,0x17,0x23,0x20,0x17,0x23,0x20,0x17,0x22,0x1f,0x16,
    0x22,0x1f,0x16,0x22,0x1f,0x16,0x22,0x1f,0x16,0x21,0x1e,0x16,
    0x22,0x1f,0x17,0x21,0x1e,0x16,0x21,0x1e,0x16,0x21,0x1e,0x16,
    0x20,0x1d,0x15,0x20,0x1d,0x14,0x1f,0x1c,0x14,0x20,0x1d,0x15,
    0x1f,0x1c,0x14,0x1e,0x1b,0x14,0x1e,0x1b,0x13,0x1e,0x1b,0x13,
    0x1d,0x1a,0x13,0x1d,0x1a,0x13,0x1d,0x1a,0x14,0x1d,0x1a,0x13,
    0x1c,0x19,0x12,0x1c,0x19,0x11,0x1c,0x19,0x11,0x1c,0x19,0x12,
    0x1d,0x1a,0x12,0x1c,0x19,0x12,0x1c,0x18,0x12,0x1c,0x19,0x12,
    0x1d,0x19,0x13,0x1c,0x19,0x12,0x1d,0x1a,0x12,0x1d,0x1a,0x13,
    0x1d,0x1a,0x13,0x1d,0x1a,0x13,0x1f,0x1b,0x13,0x1f,0x1b,0x13,
    0x1f,0x1b,0x13,0x1e,0x1c,0x14,0x1f,0x1c,0x14,0x20,0x1c,0x14,
    0x20,0x1c,0x14,0x1f,0x1c,0x13,0x20,0x1d,0x14,0x21,0x1e,0x14,
    0x14,0x14,0x0f,0x14,0x14,0x0f,0x15,0x14,0x0e,0x14,0x15,0x0e,
    0x15,0x16,0x0f,0x16,0x15,0x10,0x15,0x14,0x0f,0x16,0x15,0x10,
    0x17,0x16,0x11,0x19,0x15,0x10,0x18,0x15,0x10,0x19,0x16,0x10,
    0x19,0x16,0x11,0x19,0x16,0x10,0x1a,0x17,0x11,0x19,0x16,0x12,
    0x1a,0x17,0x12,0x1a,0x17,0x12,0x1a,0x17,0x11,0x1b,0x18,0x11,
    0x1b,0x18,0x11,0x1b,0x18,0x11,0x1b,0x18,0x12,0x1c,0x19,0x14,
    0x1b,0x18,0x12,0x1c,0x19,0x12,0x1c,0x19,0x14,0x1c,0x19,0x14,
    0x1c,0x19,0x14,0x1d,0x1a,0x14,0x1d,0x1a,0x13,0x1d,0x1a,0x13,
    0x1d,0x1a,0x14,0x1d,0x1a,0x14,0x1c,0x19,0x12,0x1d,0x1a,0x14,
    0x1e,0x1b,0x14,0x1e,0x1b,0x14,0x1e,0x1b,0x14,0x1e,0x1b,0x14,
    0x1e,0x1b,0x14,0x1e,0x1b,0x14,0x1f,0x1c,0x15,0x1f,0x1c,0x15,
    0x1f,0x1c,0x15,0x1f,0x1c,0x14,0x1f,0x1c,0x14,0x1f,0x1d,0x14,
    0x20,0x1d,0x14,0x1f,0x1c,0x14,0x1f,0x1d,0x14,0x1f,0x1c,0x15,
    0x1f,0x1d,0x15,0x20,0x1d,0x15,0x20,0x1d,0x15,0x20,0x1d,0x14,
    0x21,0x1e,0x16,0x21,0x1e,0x15,0x20,0x1d,0x14,0x21,0x1e,0x15,
    0x22,0x1f,0x16,0x21,0x1e,0x15,0x22,0x1f,0x17,0x22,0x1f,0x16,
    0x22,0x1f,0x16,0x21,0x1e,0x15,0x22,0x1f,0x16,0x22,0x1f,0x16,
    0x22,0x1f,0x16,0x22,0x1f,0x16,0x22,0x1f,0x16,0x22,0x1f,0x16,
    0x23,0x20,0x17,0x23,0x20,0x17,0x22,0x1f,0x16,0x23,0x20,0x17,
    0x23,0x20,0x17,0x24,0x20,0x17,0x22,0x1f,0x16,0x22,0x1f,0x16,
    0x22,0x1f,0x16,0x23,0x1f,0x16,0x22,0x1f,0x16,0x22,0x1f,0x15,
    0x21,0x1e,0x15,0x21,0x1e,0x15,0x21,0x1e,0x16,0x21,0x1e,0x17,
    0x20,0x1d,0x16,0x20,0x1d,0x16,0x20,0x1d,0x15,0x1f,0x1c,0x15,
    0x1f,0x1c,0x15,0x1f,0x1c,0x15,0x1f,0x1c,0x14,0x1e,0x1b,0x15,
    0x1f,0x1c,0x16,0x1e,0x1b,0x14,0x1d,0x1a,0x13,0x1d,0x1a,0x12,
    0x1c,0x19,0x12,0x1b,0x18,0x11,0x1b,0x18,0x11,0x1c,0x19,0x11,
    0x1b,0x18,0x11,0x1b,0x18,0x11,0x1b,0x18,0x11,0x1b,0x18,0x12,
    0x1a,0x17,0x11,0x1a,0x18,0x11,0x19,0x17,0x10,0x1a,0x17,0x10,
    0x1a,0x17,0x10,0x1a,0x17,0x10,0x1a,0x17,0x10,0x1a,0x17,0x11,
    0x1a,0x17,0x10,0x1b,0x19,0x11,0x1c,0x19,0x12,0x1c,0x18,0x11,
    0x1c,0x18,0x11,0x1d,0x1a,0x13,0x1c,0x19,0x12,0x1b,0x18,0x11,
    0x1c,0x19,0x12,0x1d,0x1a,0x12,0x1c,0x19,0x12,0x1c,0x19,0x12,
    0x13,0x12,0x0e,0x13,0x12,0x0e,0x13,0x13,0x0f,0x13,0x13,0x0e,
    0x15,0x14,0x10,0x14,0x14,0x10,0x14,0x13,0x0f,0x15,0x14,0x0f,
    0x15,0x14,0x10,0x16,0x14,0x10,0x16,0x14,0x10,0x18,0x14,0x10,
    0x18,0x14,0x10,0x18,0x15,0x10,0x19,0x16,0x11,0x19,0x16,0x11,
    0x18,0x15,0x10,0x19,0x16,0x11,0x19,0x16,0x10,0x1a,0x17,0x10,
    0x19,0x16,0x10,0x1a,0x17,0x11,0x1a,0x17,0x12,0x1b,0x18,0x13,
    0x1a,0x17,0x12,0x1b,0x18,0x12,0x1a,0x17,0x12,0x1a,0x17,0x12,
    0x1b,0x18,0x13,0x1b,0x18,0x13,0x1b,0x18,0x13,0x1c,0x19,0x14,
    0x1c,0x19,0x13,0x1c,0x19,0x13,0x1c,0x19,0x14,0x1c,0x19,0x14,
    0x1c,0x19,0x14,0x1c,0x19,0x13,0x1d,0x1a,0x13,0x1d,0x1a,0x14,
    0x1d,0x1a,0x15,0x1d,0x1a,0x14,0x1e,0x1b,0x15,0x1d,0x1a,0x13,
    0x1d,0x1a,0x13,0x1d,0x1a,0x14,0x1e,0x1b,0x15,0x1e,0x1a,0x15,
    0x1e,0x1b,0x15,0x1e,0x1b,0x14,0x1e,0x1b,0x14,0x1e,0x1c,0x15,
    0x1f,0x1c,0x15,0x1f,0x1c,0x15,0x1f,0x1c,0x15,0x20,0x1d,0x16,
    0x1f,0x1c,0x15,0x20,0x1d,0x16,0x1f,0x1c,0x15,0x20,0x1d,0x16,
    0x20,0x1d,0x15,0x20,0x1d,0x15,0x21,0x1d,0x16,0x21,0x1e,0x15,
    0x20,0x1d,0x15,0x21,0x1e,0x16,0x21,0x1e,0x16,0x21,0x1e,0x16,
    0x21,0x1e,0x14,0x21,0x1e,0x16,0x21,0x1e,0x16,0x21,0x1e,0x16,
    0x22,0x1f,0x16,0x22,0x1f,0x15,0x21,0x1e,0x15,0x21,0x1e,0x15,
    0x22,0x1e,0x15,0x23,0x1f,0x16,0x22,0x1e,0x15,0x21,0x1e,0x16,
    0x21,0x1e,0x16,0x22,0x1e,0x15,0x21,0x1e,0x15,0x20,0x1d,0x14,
    0x20,0x1d,0x14,0x1f,0x1c,0x14,0x1f,0x1c,0x14,0x20,0x1d,0x15,
    0x1f,0x1c,0x15,0x20,0x1d,0x15,0x20,0x1d,0x16,0x1f,0x1c,0x16,
    0x1e,0x1b,0x15,0x1f,0x1c,0x16,0x1e,0x1b,0x15,0x1d,0x1a,0x15,
    0x1e,0x1b,0x16,0x1e,0x1b,0x15,0x1e,0x1b,0x15,0x1d,0x1a,0x14,
    0x1c,0x19,0x14,0x1c,0x19,0x13,0x1b,0x18,0x13,0x1b,0x18,0x13,
    0x1b,0x17,0x12,0x1a,0x18,0x11,0x1a,0x18,0x11,0x19,0x17,0x12,
    0x19,0x17,0x12,0x18,0x16,0x11,0x18,0x16,0x11,0x18,0x16,0x11,
    0x17,0x14,0x0f,0x17,0x14,0x0f,0x18,0x15,0x10,0x18,0x15,0x10,
    0x18,0x15,0x10,0x17,0x15,0x0f,0x17,0x16,0x10,0x18,0x15,0x0f,
    0x18,0x15,0x10,0x19,0x16,0x0f,0x19,0x16,0x0f,0x18,0x15,0x0f,
    0x19,0x16,0x10,0x19,0x16,0x0f,0x19,0x16,0x0f,0x19,0x16,0x0f,
    0x13,0x12,0x0e,0x13,0x13,0x0e,0x12,0x12,0x0e,0x13,0x11,0x0e,
    0x13,0x12,0x0e,0x14,0x12,0x0f,0x14,0x13,0x0f,0x13,0x12,0x0e,
    0x13,0x12,0x0e,0x14,0x13,0x0f,0x15,0x13,0x10,0x17,0x13,0x10,
    0x18,0x14,0x10,0x18,0x15,0x10,0x18,0x15,0x10,0x18,0x15,0x10,
    0x18,0x15,0x10,0x18,0x15,0x10,0x17,0x14,0x0f,0x19,0x16,0x11,
    0x18,0x15,0x10,0x18,0x15,0x10,0x19,0x16,0x11,0x1a,0x17,0x12,
    0x19,0x16,0x11,0x19,0x16,0x12,0x19,0x16,0x11,0x19,0x16,0x11,
    0x1a,0x17,0x12,0x1a,0x17,0x12,0x1a,0x17,0x12,0x1a,0x17,0x13,
    0x1b,0x18,0x13,0x1a,0x17,0x12,0x1b,0x18,0x13,0x1c,0x19,0x14,
    0x1b,0x18,0x13,0x1b,0x18,0x12,0x1a,0x17,0x10,0x1c,0x19,0x13,
    0x1c,0x19,0x15,0x1d,0x1a,0x14,0x1d,0x1a,0x14,0x1c,0x19,0x13,
    0x1c,0x19,0x12,0x1d,0x1a,0x15,0x1d,0x1a,0x15,0x1c,0x1a,0x15,
    0x1c,0x1a,0x14,0x1d,0x1a,0x13,0x1d,0x1a,0x13,0x1e,0x1a,0x13,
    0x1e,0x1b,0x14,0x1f,0x1c,0x15,0x1e,0x1b,0x14,0x1e,0x1b,0x14,
    0x1e,0x1b,0x14,0x1f,0x1c,0x15,0x1f,0x1c,0x15,0x1f,0x1c,0x15,
    0x1e,0x1b,0x14,0x1f,0x1c,0x15,0x1f,0x1d,0x15,0x1f,0x1c,0x14,
    0x1f,0x1c,0x15,0x1f,0x1c,0x16,0x20,0x1d,0x16,0x20,0x1d,0x16,
    0x20,0x1d,0x15,0x20,0x1d,0x16,0x1f,0x1c,0x15,0x20,0x1d,0x16,
    0x21,0x1e,0x16,0x20,0x1d,0x14,0x20,0x1d,0x15,0x20,0x1d,0x16,
    0x21,0x1e,0x16,0x20,0x1d,0x15,0x20,0x1d,0x16,0x20,0x1d,0x17,
    0x20,0x1d,0x16,0x20,0x1d,0x16,0x20,0x1d,0x15,0x20,0x1d,0x16,
    0x20,0x1d,0x16,0x20,0x1d,0x16,0x1f,0x1c,0x14,0x20,0x1d,0x14,
    0x1f,0x1c,0x15,0x1f,0x1c,0x14,0x20,0x1d,0x16,0x1f,0x1c,0x17,
    0x1f,0x1c,0x15,0x1e,0x1b,0x16,0x1d,0x1a,0x16,0x1e,0x1b,0x16,
    0x1d,0x1a,0x15,0x1d,0x1a,0x15,0x1d,0x1a,0x15,0x1d,0x1a,0x15,
    0x1c,0x19,0x14,0x1c,0x19,0x14,0x1c,0x19,0x14,0x1b,0x18,0x13,
    0x1b,0x18,0x13,0x1a,0x17,0x13,0x1a,0x18,0x11,0x19,0x18,0x12,
    0x1a,0x16,0x11,0x19,0x16,0x11,0x19,0x16,0x11,0x19,0x15,0x10,
    0x18,0x15,0x0f,0x18,0x15,0x0e,0x18,0x15,0x10,0x18,0x15,0x10,
    0x17,0x14,0x10,0x16,0x14,0x10,0x15,0x14,0x0f,0x15,0x14,0x0f,
    0x15,0x14,0x0f,0x16,0x14,0x0f,0x15,0x14,0x0f,0x15,0x13,0x0e,
    0x16,0x13,0x0e,0x16,0x13,0x0d,0x16,0x13,0x0c,0x16,0x14,0x0d,
    0x11,0x10,0x0c,0x11,0x11,0x0c,0x12,0x12,0x0d,0x12,0x12,0x0d,
    0x13,0x12,0x0e,0x13,0x12,0x0e,0x13,0x12,0x0e,0x12,0x11,0x0d,
    0x13,0x12,0x0e,0x13,0x12,0x0e,0x14,0x12,0x0e,0x15,0x13,0x0f,
    0x15,0x13,0x0f,0x15,0x13,0x0e,0x16,0x14,0x0f,0x15,0x13,0x0e,
    0x16,0x14,0x0f,0x16,0x14,0x0f,0x16,0x14,0x0f,0x18,0x14,0x0f,
    0x18,0x15,0x10,0x18,0x15,0x10,0x18,0x15,0x10,0x18,0x15,0x10,
    0x18,0x15,0x10,0x19,0x16,0x11,0x19,0x16,0x11,0x19,0x16,0x11,
    0x1a,0x17,0x12,0x19,0x16,0x11,0x19,0x16,0x11,0x19,0x16,0x11,
    0x1a,0x17,0x12,0x19,0x17,0x12,0x19,0x17,0x12,0x1a,0x17,0x12,
    0x1b,0x18,0x13,0x1b,0x18,0x12,0x1b,0x18,0x12,0x1b,0x18,0x12,
    0x1b,0x17,0x11,0x1b,0x18,0x13,0x1c,0x19,0x14,0x1c,0x19,0x14,
    0x1b,0x18,0x13,0x1c,0x19,0x14,0x1b,0x18,0x13,0x1b,0x19,0x14,
    0x1b,0x19,0x14,0x1c,0x19,0x13,0x1d,0x1a,0x13,0x1c,0x19,0x14,
    0x1c,0x19,0x14,0x1c,0x19,0x14,0x1d,0x1a,0x13,0x1d,0x1a,0x14,
    0x1d,0x1a,0x15,0x1d,0x1a,0x15,0x1e,0x1b,0x16,0x1e,0x1b,0x16,
    0x1e,0x1b,0x15,0x1e,0x1b,0x15,0x1e,0x1b,0x14,0x1e,0x1b,0x14,
    0x1e,0x1b,0x14,0x1e,0x1b,0x14,0x1e,0x1b,0x14,0x1f,0x1c,0x15,
    0x1f,0x1c,0x15,0x1f,0x1c,0x15,0x1f,0x1c,0x14,0x1f,0x1c,0x14,
    0x1f,0x1c,0x14,0x1e,0x1b,0x13,0x1f,0x1c,0x15,0x1f,0x1c,0x15,
    0x1f,0x1c,0x16,0x20,0x1d,0x16,0x1f,0x1c,0x15,0x20,0x1d,0x15,
    0x1f,0x1c,0x15,0x1e,0x1b,0x14,0x1e,0x1b,0x15,0x1f,0x1c,0x15,
    0x1f,0x1c,0x15,0x1f,0x1c,0x15,0x1f,0x1c,0x14,0x1f,0x1c,0x14,
    0x1e,0x1b,0x15,0x1f,0x1c,0x14,0x1e,0x1b,0x15,0x1e,0x1b,0x16,
    0x1e,0x1b,0x13,0x1e,0x1b,0x15,0x1d,0x1a,0x16,0x1d,0x1a,0x15,
    0x1d,0x1a,0x14,0x1d,0x1a,0x15,0x1c,0x1b,0x15,0x1c,0x1a,0x15,
    0x1d,0x1a,0x15,0x1c,0x19,0x15,0x1c,0x19,0x13,0x1c,0x19,0x13,
    0x1b,0x18,0x12,0x1b,0x18,0x12,0x1b,0x18,0x11,0x1b,0x18,0x12,
    0x19,0x16,0x12,0x19,0x16,0x11,0x19,0x16,0x11,0x19,0x16,0x11,
    0x19,0x16,0x0f,0x18,0x15,0x0f,0x18,0x15,0x10,0x17,0x15,0x0f,
    0x17,0x14,0x0f,0x16,0x15,0x10,0x15,0x14,0x0f,0x15,0x13,0x0f,
    0x16,0x14,0x0f,0x15,0x14,0x0f,0x16,0x14,0x0d,0x14,0x13,0x0e,
    0x15,0x13,0x0e,0x13,0x13,0x0d,0x13,0x13,0x0d,0x13,0x12,0x0d,
    0x11,0x10,0x0c,0x11,0x10,0x0c,0x11,0x10,0x0c,0x11,0x10,0x0c,
    0x12,0x12,0x0e,0x13,0x12,0x0e,0x13,0x12,0x0e,0x13,0x12,0x0e,
    0x12,0x11,0x0d,0x12,0x11,0x0d,0x12,0x11,0x0d,0x13,0x12,0x0e,
    0x13,0x12,0x0e,0x14,0x13,0x0e,0x14,0x12,0x0d,0x13,0x12,0x0d,
    0x13,0x12,0x0d,0x14,0x13,0x0e,0x15,0x13,0x0e,0x17,0x13,0x0e,
    0x16,0x14,0x0f,0x15,0x14,0x0f,0x16,0x13,0x0e,0x17,0x14,0x0f,
    0x16,0x15,0x10,0x15,0x14,0x0f,0x17,0x15,0x10,0x18,0x15,0x10,
    0x18,0x15,0x10,0x18,0x15,0x10,0x18,0x15,0x10,0x19,0x16,0x11,
    0x19,0x15,0x10,0x18,0x16,0x11,0x17,0x16,0x11,0x19,0x16,0x11,
    0x19,0x16,0x11,0x1a,0x17,0x12,0x1a,0x17,0x12,0x19,0x16,0x11,
    0x19,0x16,0x11,0x1a,0x17,0x12,0x1a,0x17,0x12,0x1a,0x17,0x12,
    0x1a,0x17,0x12,0x1a,0x17,0x12,0x1a,0x17,0x12,0x1a,0x17,0x12,
    0x1a,0x17,0x12,0x1b,0x18,0x12,0x1b,0x18,0x13,0x1b,0x18,0x14,
    0x1b,0x18,0x13,0x1b,0x18,0x14,0x1d,0x1a,0x15,0x1c,0x19,0x13,
    0x1c,0x19,0x13,0x1c,0x19,0x15,0x1c,0x19,0x15,0x1d,0x1a,0x15,
    0x1d,0x1a,0x15,0x1d,0x1a,0x15,0x1d,0x1a,0x13,0x1d,0x1a,0x13,
    0x1d,0x1a,0x13,0x1e,0x1b,0x14,0x1d,0x1a,0x13,0x1d,0x1a,0x13,
    0x1e,0x1b,0x14,0x1e,0x1b,0x13,0x1e,0x1b,0x14,0x1e,0x1b,0x14,
    0x1e,0x1b,0x14,0x1d,0x1a,0x12,0x1e,0x1b,0x14,0x1f,0x1c,0x15,
    0x1e,0x1b,0x14,0x1e,0x1b,0x14,0x1e,0x1b,0x13,0x1e,0x1b,0x14,
    0x1e,0x1b,0x14,0x1e,0x1b,0x13,0x1e,0x1b,0x15,0x1e,0x1b,0x14,
    0x1f,0x1c,0x15,0x1e,0x1b,0x14,0x1e,0x1b,0x14,0x1e,0x1b,0x14,
    0x1f,0x1c,0x15,0x1f,0x1c,0x15,0x1e,0x1b,0x14,0x1e,0x1b,0x15,
    0x1d,0x1a,0x15,0x1e,0x1b,0x16,0x1d,0x1a,0x14,0x1e,0x1b,0x14,
    0x1d,0x1a,0x13,0x1d,0x1a,0x14,0x1b,0x1a,0x15,0x1c,0x1a,0x14,
    0x1d,0x1a,0x13,0x1c,0x19,0x13,0x1c,0x19,0x13,0x1c,0x19,0x13,
    0x1a,0x19,0x14,0x1b,0x19,0x13,0x1b,0x18,0x12,0x1b,0x18,0x13,
    0x1a,0x17,0x12,0x1a,0x17,0x12,0x1a,0x17,0x12,0x19,0x16,0x11,
    0x19,0x16,0x10,0x19,0x16,0x11,0x19,0x16,0x11,0x18,0x15,0x10,
    0x19,0x15,0x10,0x16,0x15,0x10,0x15,0x15,0x10,0x15,0x14,0x0e,
    0x18,0x15,0x0f,0x17,0x15,0x0e,0x15,0x13,0x0e,0x14,0x13,0x0e,
    0x14,0x13,0x0e,0x13,0x12,0x0d,0x13,0x12,0x0d,0x13,0x12,0x0d,
    0x10,0x10,0x0c,0x11,0x10,0x0c,0x11,0x10,0x0c,0x10,0x10,0x0b,
    0x11,0x11,0x0c,0x11,0x10,0x0c,0x11,0x10,0x0c,0x11,0x10,0x0d,
    0x11,0x10,0x0c,0x12,0x11,0x0d,0x12,0x11,0x0d,0x13,0x12,0x0e,
    0x12,0x11,0x0d,0x12,0x12,0x0d,0x12,0x12,0x0c,0x13,0x12,0x0d,
    0x14,0x12,0x0e,0x14,0x12,0x0d,0x15,0x12,0x0d,0x15,0x13,0x0e,
    0x14,0x12,0x0e,0x14,0x12,0x0e,0x15,0x13,0x0f,0x16,0x13,0x0e,
    0x15,0x13,0x0f,0x14,0x13,0x0f,0x16,0x13,0x0f,0x16,0x14,0x0f,
    0x16,0x14,0x0f,0x16,0x14,0x0f,0x18,0x15,0x10,0x17,0x15,0x10,
    0x15,0x14,0x0f,0x17,0x15,0x10,0x17,0x15,0x10,0x18,0x15,0x10,
    0x19,0x16,0x11,0x19,0x16,0x11,0x18,0x16,0x10,0x18,0x15,0x10,
    0x17,0x16,0x11,0x18,0x16,0x11,0x19,0x16,0x11,0x1a,0x17,0x12,
    0x1a,0x17,0x12,0x19,0x17,0x12,0x1a,0x17,0x12,0x1a,0x17,0x12,
    0x1a,0x17,0x11,0x1a,0x17,0x10,0x1a,0x17,0x11,0x1a,0x17,0x11,
    0x1a,0x17,0x11,0x1b,0x18,0x12,0x1b,0x18,0x12,0x1b,0x18,0x12,
    0x1b,0x18,0x12,0x1b,0x18,0x12,0x1b,0x18,0x12,0x1c,0x19,0x13,
    0x1c,0x19,0x13,0x1c,0x19,0x13,0x1c,0x19,0x12,0x1c,0x19,0x12,
    0x1c,0x19,0x12,0x1c,0x19,0x12,0x1c,0x19,0x12,0x1c,0x19,0x12,
    0x1d,0x1a,0x13,0x1c,0x1a,0x12,0x1d,0x1a,0x13,0x1d,0x1a,0x13,
    0x1e,0x1b,0x13,0x1c,0x19,0x12,0x1d,0x1a,0x13,0x1d,0x1a,0x13,
    0x1d,0x1a,0x13,0x1d,0x1a,0x13,0x1e,0x1a,0x13,0x1e,0x1a,0x13,
    0x1e,0x1b,0x13,0x1e,0x1b,0x12,0x1d,0x1a,0x13,0x1e,0x1b,0x14,
    0x1e,0x1b,0x14,0x1d,0x1a,0x13,0x1d,0x1a,0x13,0x1d,0x1a,0x13,
    0x1e,0x1b,0x14,0x1d,0x1a,0x13,0x1e,0x1a,0x13,0x1d,0x1a,0x15,
    0x1d,0x1a,0x15,0x1d,0x1a,0x14,0x1d,0x1a,0x13,0x1d,0x1a,0x12,
    0x1c,0x1a,0x13,0x1c,0x19,0x13,0x1c,0x19,0x13,0x1d,0x19,0x12,
    0x1c,0x19,0x12,0x1d,0x19,0x13,0x1b,0x18,0x13,0x1b,0x18,0x13,
    0x1b,0x18,0x13,0x1b,0x18,0x13,0x1a,0x18,0x12,0x1a,0x18,0x12,
    0x1a,0x17,0x12,0x19,0x17,0x12,0x1a,0x18,0x12,0x1a,0x18,0x10,
    0x19,0x17,0x11,0x19,0x16,0x11,0x19,0x16,0x11,0x18,0x16,0x11,
    0x17,0x15,0x10,0x18,0x15,0x10,0x17,0x14,0x0f,0x16,0x15,0x0f,
    0x17,0x15,0x10,0x17,0x14,0x0f,0x17,0x14,0x0f,0x15,0x13,0x0e,
    0x15,0x13,0x0e,0x15,0x13,0x0d,0x14,0x13,0x0e,0x14,0x13,0x0e,
    0x0f,0x0f,0x0a,0x0f,0x0f,0x09,0x10,0x0f,0x0a,0x10,0x0f,0x0b,
    0x0f,0x0f,0x0a,0x0f,0x0f,0x0a,0x10,0x10,0x0b,0x0f,0x10,0x0a,
    0x10,0x10,0x0b,0x10,0x11,0x0b,0x10,0x11,0x0b,0x11,0x11,0x0c,
    0x11,0x10,0x0c,0x11,0x11,0x0c,0x12,0x11,0x0c,0x12,0x11,0x0c,
    0x12,0x12,0x0d,0x11,0x11,0x0c,0x12,0x12,0x0c,0x12,0x12,0x0d,
    0x12,0x12,0x0d,0x13,0x12,0x0e,0x12,0x12,0x0d,0x13,0x12,0x0e,
    0x14,0x13,0x0e,0x14,0x12,0x0e,0x14,0x13,0x0e,0x14,0x12,0x0e,
    0x14,0x13,0x0e,0x15,0x13,0x0e,0x16,0x13,0x0e,0x15,0x13,0x0e,
    0x14,0x13,0x0e,0x15,0x14,0x0e,0x15,0x14,0x0f,0x16,0x14,0x0e,
    0x17,0x14,0x0f,0x17,0x14,0x0f,0x18,0x15,0x10,0x16,0x15,0x10,
    0x16,0x14,0x0f,0x17,0x15,0x10,0x17,0x16,0x11,0x18,0x15,0x10,
    0x18,0x15,0x10,0x17,0x16,0x11,0x18,0x16,0x11,0x19,0x16,0x11,
    0x19,0x16,0x11,0x19,0x16,0x10,0x19,0x15,0x0f,0x19,0x16,0x0f,
    0x1a,0x17,0x10,0x1a,0x17,0x10,0x1a,0x17,0x10,0x19,0x16,0x10,
    0x1a,0x17,0x10,0x1a,0x17,0x10,0x1a,0x17,0x10,0x1a,0x17,0x10,
    0x1b,0x18,0x11,0x1b,0x17,0x11,0x1b,0x18,0x11,0x1b,0x18,0x12,
    0x1b,0x18,0x12,0x1a,0x17,0x11,0x1a,0x18,0x12,0x1b,0x18,0x12,
    0x1c,0x19,0x12,0x1a,0x19,0x11,0x1c,0x18,0x11,0x1b,0x18,0x11,
    0x1c,0x19,0x12,0x1b,0x18,0x12,0x1b,0x19,0x13,0x1c,0x19,0x13,
    0x1c,0x19,0x13,0x1b,0x19,0x12,0x1b,0x19,0x13,0x1c,0x1a,0x14,
    0x1c,0x19,0x13,0x1c,0x19,0x12,0x1d,0x1a,0x14,0x1c,0x19,0x13,
    0x1c,0x19,0x12,0x1d,0x1a,0x13,0x1d,0x19,0x13,0x1c,0x19,0x13,
    0x1c,0x19,0x13,0x1c,0x19,0x12,0x1c,0x1a,0x12,0x1d,0x1a,0x15,
    0x1c,0x19,0x13,0x1c,0x19,0x12,0x1d,0x1a,0x13,0x1c,0x19,0x12,
    0x1c,0x19,0x13,0x1b,0x19,0x11,0x1b,0x18,0x12,0x1b,0x18,0x13,
    0x1a,0x17,0x12,0x1a,0x18,0x13,0x1b,0x18,0x13,0x1a,0x17,0x12,
    0x1a,0x18,0x13,0x1a,0x18,0x12,0x1b,0x18,0x12,0x1a,0x17,0x12,
    0x1a,0x17,0x11,0x1a,0x17,0x12,0x18,0x17,0x12,0x18,0x17,0x11,
    0x18,0x16,0x11,0x19,0x16,0x10,0x19,0x16,0x11,0x18,0x15,0x10,
    0x16,0x16,0x10,0x18,0x15,0x10,0x18,0x15,0x0f,0x16,0x15,0x10,
    0x16,0x15,0x10,0x18,0x15,0x10,0x18,0x15,0x0f,0x17,0x14,0x0e,
    0x16,0x13,0x0e,0x16,0x13,0x0e,0x15,0x13,0x0e,0x14,0x13,0x0e,
    0x0f,0x0e,0x0a,0x0f,0x0e,0x09,0x0f,0x0e,0x09,0x0f,0x0e,0x09,
    0x0f,0x0f,0x0a,0x10,0x0f,0x0a,0x10,0x0f,0x0a,0x0f,0x0e,0x09,
    0x10,0x0f,0x0a,0x10,0x0f,0x09,0x10,0x10,0x0a,0x10,0x10,0x0b,
    0x10,0x0f,0x0b,0x10,0x10,0x0b,0x10,0x10,0x0b,0x11,0x10,0x0b,
    0x11,0x11,0x0c,0x11,0x11,0x0b,0x11,0x11,0x0b,0x10,0x11,0x0c,
    0x11,0x11,0x0c,0x11,0x11,0x0c,0x10,0x11,0x0c,0x10,0x11,0x0c,
    0x12,0x13,0x0d,0x12,0x13,0x0d,0x12,0x12,0x0d,0x12,0x12,0x0d,
    0x12,0x12,0x0d,0x13,0x11,0x0d,0x14,0x12,0x0e,0x13,0x12,0x0d,
    0x13,0x12,0x0d,0x14,0x12,0x0e,0x14,0x13,0x0e,0x14,0x13,0x0e,
    0x14,0x13,0x0f,0x14,0x13,0x0e,0x14,0x13,0x0e,0x14,0x14,0x0f,
    0x14,0x14,0x0f,0x14,0x15,0x0f,0x13,0x15,0x0f,0x15,0x14,0x0f,
    0x15,0x14,0x0f,0x14,0x14,0x0f,0x16,0x14,0x0f,0x17,0x15,0x0e,
    0x17,0x14,0x0f,0x16,0x14,0x10,0x17,0x16,0x11,0x17,0x15,0x10,
    0x17,0x15,0x10,0x18,0x15,0x10,0x17,0x15,0x10,0x17,0x15,0x10,
    0x19,0x16,0x11,0x18,0x16,0x10,0x18,0x16,0x11,0x19,0x16,0x11,
    0x18,0x16,0x11,0x19,0x16,0x11,0x19,0x17,0x11,0x19,0x16,0x12,
    0x18,0x16,0x12,0x19,0x17,0x11,0x18,0x16,0x11,0x19,0x17,0x12,
    0x18,0x17,0x11,0x18,0x17,0x11,0x19,0x17,0x11,0x19,0x17,0x12,
    0x19,0x18,0x12,0x18,0x18,0x11,0x18,0x18,0x12,0x1a,0x18,0x12,
    0x19,0x18,0x12,0x19,0x18,0x12,0x19,0x18,0x12,0x19,0x18,0x13,
    0x19,0x18,0x13,0x19,0x18,0x12,0x19,0x18,0x12,0x1a,0x18,0x11,
    0x1a,0x18,0x13,0x1b,0x18,0x12,0x19,0x18,0x12,0x19,0x18,0x12,
    0x1a,0x18,0x12,0x1b,0x18,0x12,0x1b,0x19,0x13,0x1a,0x18,0x13,
    0x1a,0x18,0x13,0x1a,0x18,0x13,0x19,0x17,0x13,0x1a,0x18,0x13,
    0x19,0x18,0x13,0x18,0x17,0x12,0x18,0x18,0x12,0x18,0x17,0x12,
    0x19,0x18,0x12,0x18,0x17,0x11,0x19,0x18,0x11,0x17,0x17,0x11,
    0x18,0x18,0x12,0x19,0x17,0x12,0x18,0x17,0x12,0x17,0x17,0x11,
    0x18,0x17,0x11,0x18,0x17,0x11,0x17,0x16,0x12,0x18,0x17,0x12,
    0x18,0x16,0x11,0x18,0x15,0x11,0x17,0x16,0x11,0x15,0x14,0x0f,
    0x16,0x15,0x11,0x16,0x15,0x11,0x15,0x14,0x0f,0x15,0x14,0x0f,
    0x15,0x14,0x0f,0x15,0x14,0x0f,0x15,0x14,0x0f,0x15,0x14,0x0f,
    0x15,0x13,0x0f,0x14,0x13,0x0e,0x14,0x13,0x0e,0x14,0x13,0x0e,
    0x0e,0x0e,0x09,0x0e,0x0e,0x0a,0x0e,0x0f,0x0a,0x0f,0x0f,0x0a,
    0x0e,0x0f,0x0a,0x0f,0x0f,0x0a,0x0e,0x0e,0x0a,0x0f,0x0f,0x0a,
    0x0f,0x0f,0x0a,0x0f,0x10,0x0b,0x0f,0x10,0x0b,0x0f,0x0f,0x0b,
    0x0f,0x0f,0x0a,0x10,0x10,0x0b,0x11,0x10,0x0c,0x10,0x0f,0x0b,
    0x10,0x0f,0x0b,0x11,0x10,0x0c,0x11,0x10,0x0c,0x10,0x0f,0x0b,
    0x11,0x10,0x0c,0x11,0x10,0x0c,0x12,0x11,0x0d,0x11,0x10,0x0c,
    0x11,0x11,0x0d,0x11,0x11,0x0d,0x12,0x12,0x0d,0x11,0x12,0x0d,
    0x12,0x12,0x0d,0x13,0x12,0x0e,0x13,0x12,0x0e,0x12,0x12,0x0e,
    0x12,0x12,0x0d,0x13,0x12,0x0e,0x13,0x12,0x0e,0x13,0x12,0x0e,
    0x13,0x13,0x0f,0x13,0x13,0x0f,0x13,0x12,0x0e,0x13,0x13,0x0f,
    0x14,0x13,0x0f,0x13,0x14,0x0f,0x13,0x14,0x0f,0x14,0x14,0x0f,
    0x14,0x14,0x0f,0x15,0x15,0x0f,0x14,0x14,0x0f,0x13,0x14,0x0e,
    0x15,0x15,0x10,0x15,0x14,0x10,0x15,0x14,0x10,0x15,0x14,0x10,
    0x14,0x14,0x10,0x14,0x14,0x10,0x15,0x15,0x10,0x16,0x16,0x11,
    0x16,0x15,0x11,0x16,0x15,0x11,0x17,0x16,0x11,0x18,0x16,0x12,
    0x17,0x15,0x11,0x17,0x16,0x11,0x17,0x16,0x11,0x17,0x16,0x11,
    0x17,0x16,0x10,0x16,0x16,0x11,0x17,0x16,0x11,0x18,0x17,0x12,
    0x17,0x16,0x12,0x17,0x16,0x12,0x17,0x16,0x12,0x17,0x16,0x11,
    0x18,0x17,0x11,0x18,0x17,0x12,0x17,0x16,0x11,0x17,0x17,0x11,
    0x17,0x16,0x11,0x18,0x18,0x12,0x18,0x17,0x12,0x18,0x17,0x11,
    0x19,0x18,0x12,0x18,0x17,0x12,0x17,0x17,0x12,0x17,0x17,0x12,
    0x18,0x18,0x12,0x18,0x18,0x12,0x17,0x18,0x12,0x18,0x17,0x12,
    0x18,0x18,0x12,0x19,0x18,0x13,0x18,0x17,0x13,0x18,0x17,0x13,
    0x18,0x17,0x13,0x18,0x17,0x13,0x18,0x17,0x13,0x18,0x17,0x13,
    0x18,0x18,0x13,0x18,0x17,0x12,0x18,0x18,0x12,0x18,0x18,0x12,
    0x18,0x17,0x11,0x17,0x17,0x11,0x17,0x16,0x12,0x17,0x17,0x11,
    0x17,0x17,0x11,0x18,0x17,0x11,0x17,0x17,0x10,0x18,0x18,0x12,
    0x17,0x16,0x11,0x17,0x16,0x11,0x17,0x16,0x11,0x17,0x17,0x11,
    0x16,0x16,0x11,0x16,0x15,0x10,0x15,0x16,0x10,0x15,0x15,0x10,
    0x17,0x15,0x11,0x15,0x14,0x10,0x15,0x14,0x10,0x14,0x14,0x0f,
    0x14,0x14,0x0f,0x14,0x14,0x0f,0x14,0x13,0x0f,0x14,0x13,0x0f,
    0x15,0x13,0x0f,0x14,0x13,0x0e,0x13,0x12,0x0d,0x13,0x12,0x0d,
};
